<?xml version="1.0"?>
<view name="NS" title="Create New Shortcut" revised="2008-03-13" created="2008-03-13" author="Christer Bystrom, Daniel Jakobsson" splash="false" version="1.00 Beta" copyright="Copyright © 2018 XIOS/3 AB. All rights reserved." publisher="CloudTop" xmlns:xlink="http://www.w3.org/1999/xlink" width="415" height="405" resize="false" winstate="false">
  <panel name="startPanels" type="column" height="100%" width="100%">
    <tabstrip name="openCreate"  tabs="false">
      <panel name="open" type="row" height="100%" width="415" style="border: 1px solid black;vertical-align: top;" selected="true">
        <panel type="column" height="70" width="100%" look="white" style="border-bottom: 1px solid #a0a0a0;" padding="5">
          <panel type="row" width="315">
            <label name="label1" default="Create Shortcut" style="font-family: Tahoma; font-size: 16pt; padding: 5px; margin-top:20px;"/>
            <label name="label2" default="Create a new shortcut." style="padding: 5px; padding-left: 25px;"/>
          </panel>
          <panel width="*"/>
          <panel padding="5">
            <image src="xios/icons/development/48x48/war.png" height="48" width="48" style="margin-left:23px;"/>
          </panel>
        </panel>
        <panel type="row" height="220" width="100%" padding="10" look="gradient3">
          <panel type="column" height="auto" width="100%" style="margin-top:10px;">
            <label name="labelname" default="Shortcut name" style="margin-top:5px;" width="120"/>
            <input width="240" default="Shortcut name" name="name"/>
          </panel>
          <panel type="column" height="auto" width="100%">
            <label name="labelhref" default="Path to file or folder" style="margin-top:5px;" width="120"/>
            <input width="240" name="href"/>
            <image name="browse" src="xios/icons/applications/24x24/folder.png" height="24" width="24" title="Browse for shortcut target" style="margin-left: 5px" type="link"/>
          </panel>
          <panel type="column" height="auto" width="100%">
            <panel type="row" width="100">
              <label name="labelicon" default="Shortcut icon" width="120"/>
              <image width="32" height="32" scale="true" name="imageIcon" src="" style="margin:5px 0px 0px 15px;"/>
            </panel>
            <input width="240" name="iconHref"/>
            <image name="browseIcon" src="xios/icons/applications/24x24/folder.png" height="24" width="24" title="Open Icon Browser" style="margin-left: 5px" type="link"/>
          </panel>
          <panel type="column" height="100%" width="100%">
            <label name="labelStartfolder" default="Start Folder (optional)" style="margin-top:5px;" width="120"/>
            <input width="240" name="startfolder"/>
            <image name="browseStartFolder" src="xios/icons/applications/24x24/folder.png" height="24" width="24" title="Browse for start folder" style="margin-left: 5px" type="link"/>
          </panel>
          <!--<panel type="column" height="auto" width="100%">
            <label name="labelparameter" default="Parameter (optional)" style="" width="120"/>
            <input width="240" name="parameter"/>
          </panel>-->
          <panel type="column" height="100%" width="100%" style="margin-bottom:10px;">
            <label name="labeldata" default="Data location (optional)" width="120" style="margin-top:5px;"/>
            <input width="240" name="data"/>
            <image name="browseData" src="xios/icons/applications/24x24/folder.png" height="24" width="24" title="Browse for data location" style="margin-left: 5px" type="link"/>
          </panel>
        </panel>
        <panel height="30" width="100%" align="right" padding="7" style="border-top: 1px solid #666; background-color:#fff;">
          <button name="OK" width="100" default="true" enabled="false" text="Create"/>
          <button name="Cancel" width="100" text="Cancel" style="margin-right:10px;"/>
        </panel>
      </panel>
    </tabstrip>
  </panel>
</view>
  <!--OLD:-->
  <!--<view name="NS" title="Create New Shortcut" author="Christer Bystrom" mode="window" modal="false" taskbar="true" position="center" height="123" width="375" icon="xios/icons/applications/16x16/window.png" resize="true">
    <panel type="row" height="100%" padding="5">
    <panel type="form" cols="3" label-align="left" width="100%" height="auto" label-pos="left">
      <row>
        <input width="240" name="href" label="Path:"/>
        <image scroll="false" name="browse" src="xios/icons/applications/24x24/folder.png" title="Browse for target file" style="cursor:pointer; margin-left:3px; margin-top: 0px;"/>
      </row>
      <row>
        <input width="240" name="parameter" label="Parameter:"/>
        <image scroll="false" name="browseParam" src="xios/icons/applications/24x24/folder.png" title="Browse for target file" style="cursor:pointer; margin-left:3px; margin-top: 0px;"/>
      </row>
    </panel>
    <panel type="flow" width="100%" height="36" colspan="2" align="right">
      <button text="Create" name="OK" width="60" default="true"/>
      <button text="Cancel" name="Cancel" width="60"/>
    </panel>
  </panel>
</view>-->

