<?xml version="1.0"?>

<process name="libDialog" description="Open question dialog" author="Christer Bystrom">
  <trigger view="QuestionDialog" component="OK" event="Select" step="okPressed"/>
  <trigger view="QuestionDialog" component="Cancel" event="Select" step="cancelPressed"/>

  <step id="1">
    <operation name="open" value="xios/apps/system/dialog.xml">
      <name>QuestionDialog</name>
    </operation>

    <operation name="decision">
      <when test="'{$prompt}'='true'" step="isPrompt"/>
    </operation>

    <!-- set dialog title -->
    <operation name="callMethod" value="#QuestionDialog">
      <method name="setTitle">
        <param type="string">{$textTitle}</param>
      </method>
    </operation>

    <!-- set dialog text -->
    <operation name="callMethod" value="#QuestionDialog#Label">
      <method name="setValue">
        <param type="string">{$textDialog}</param>
      </method>
    </operation>

    <operation name="callMethod" value="#QuestionDialog#OK">
      <method name="setValue">
        <param type="string">{$textOK}</param>
      </method>
    </operation>

    <operation name="callMethod" value="#QuestionDialog#Cancel">
      <method name="setValue">
        <param type="string">{$textCancel}</param>
      </method>
    </operation>

    <alias name="param1" value="{$icon}" model="value"/>
    <operation name="call" value="dialogSetIcon"/>

    <!-- bug workaround, but it doesn't work =/ -->
    <operation name="callMethod" value="#QuestionDialog#Label">
      <method name="activate"/>
    </operation>
  </step>

  <step id="okPressed" name="Dialog OK">
    <operation name="call" value="223"/>
    <operation name="decision">
      <when test="'{$stepOK}'!=''" step="callOK"/>
    </operation>
    <operation name="call" value="999"/>
  </step>

  <step id="cancelPressed" name="Dialog Cancel">
    <operation name="call" value="223"/>

    <operation name="decision">
      <when test="'{$stepCancel}'!=''" step="callCancel"/>
    </operation>
  </step>

  <step id="callOK">
    <operation name="open" value="{$caller}">
      <context>true</context>
      <step id="{$stepOK}"/>
    </operation>
    <operation name="call" value="999"/>
  </step>

  <step id="callCancel">
    <operation name="open" value="{$caller}">
      <context>true</context>
      <step id="{$stepCancel}"/>
    </operation>
    <operation name="call" value="999"/>
  </step>

  <step id="223" name="Close dialog">
    <operation name="close" value="QuestionDialog"/>
  </step>

  <step id="dialogSetIcon">
    <operation name="decision">
      <when test="'{$param1}'='question'" step="dialogSetIconQuestion"/>
      <when test="'{$param1}'='error'" step="dialogSetIconError"/>
      <when test="'{$param1}'=''" step="dialogSetIconQuestion"/>
      <otherwise step="dialogSetProvided"/>
    </operation>
  </step>

  <step id="dialogSetProvided" name="Set provided icon">
    <operation name="callMethod" value="#QuestionDialog">
      <method name="setIcon">
        <param type="string">{$param1}</param>
      </method>
    </operation>
  </step>

  <step id="dialogSetIconQuestion" name="Icon question">
    <operation name="callMethod" value="#QuestionDialog">
      <method name="setIcon">
        <param type="string">xios/icons/applications/48x48/question_and_answer.png</param>
      </method>
    </operation>
  </step>

  <step id="dialogSetIconError" name="Icon Error">
    <operation name="callMethod" value="#QuestionDialog">
      <method name="setIcon">
        <param type="string">xios/icons/applications/48x48/error.png</param>
      </method>
    </operation>
  </step>

  <step id="isPrompt">
    <operation name="action" value="#QuestionDialog">
      <component name="Cancel" action="hide"/>
    </operation>
    <operation name="decision">
      <when test="'{$textOK}'=''" step="setTextOKDefault"/>
    </operation>
  </step>

  <step id="setTextOKDefault">
    <alias name="textOK" value="OK"/>
  </step>

  <step id="999" name="Close process">
    <!--
    <operation name="close" value="xios/apps/system/lib/dialog.xml">process</operation>
    -->
  </step>
</process>
