<?xml version="1.0"?>

<process name="libFolder" description="Handle a folder" author="Christer Bystrom" xmlns:atom="http://www.w3.org/2005/Atom" xmlns:xlink="http://www.w3.org/1999/xlink" xmlns:fs="http://xcerion.com/folders.xsd" xmlns:fi="http://xcerion.com/fileinfo.xsd" xmlns:ni="http://xcerion.com/noindex.xsd">

  <!-- todo: handle folders aswell -->

  <!--
     Parameters:
       Trigger            - The path to the file/folder being dragged to or opened
       source              - if set, it is a drag
       
       NOTE: This API might be rewritten very soon, it's DE and Desktop that relies on it. You shouldn't. Yet.
     -->
  <step id="1">
    <alias name="target" value="{!}" model="value"/>

    <alias name="mainChannel" value="{#DriveManager#/drives/drive[@main = 'true']/@name}" model="global"/>
    <alias name="trashcanFolder" value="{$mainChannel}://{{$mainChannel}://folders()#/*[1]/*[@system='trashcan']/@name}/"/>
    
    <operation name="decision">
      <when test="'{$source}'=''" step="showFolder"/>
      <when test="'{$target}'='{$trashcanFolder}' or '{$target}'='{$trashcanFolder}/'" step="moveToTrashcan"/>
      <otherwise step="moveFile"/>
    </operation>
  </step>

  <step id="showFolder" name="Show folder">
    <operation name="open" value="xios/apps/system/document.xml">
      <trigger value="{$target}"/>
    </operation>
  </step>

  <step id="moveFile">
    <operation name="filesystem" value="$source">
      <move to="{$target}" silent="true"/>
    </operation>
  </step>
  
  <step id="moveToTrashcan">
    <operation name="open" value="xios/apps/system/lib/trashcan.xml">
      <trigger value="{$source}"/>
    </operation>
  </step>



</process>
