<?xml version="1.0"?>

<process name="libGroupLeave" description="Leave groups" author="Christer Bystrom" xmlns:atom="http://www.w3.org/2005/Atom" xmlns:xlink="http://www.w3.org/1999/xlink" xmlns:fs="http://xcerion.com/folders.xsd" xmlns:fi="http://xcerion.com/fileinfo.xsd" xmlns:ni="http://xcerion.com/noindex.xsd">
  <trigger communicator="xios" event="Join" step="mountMediator"/>
  <trigger view="mountProgress" component="delay" event="Select" step="delayedMount"/>

  <step id="1">
    <alias name="trigger" value="{!}"/>
    <alias name="group" value="filename($trigger)"/>
    <alias name="groupPath" value="folderpath($trigger)"/>
    <alias name="channel" value="channelname($trigger)"/>
    <alias name="icon" value="{{$groupPath}#/atom:feed/atom:entry[atom:title='{$group}']/ni:icon/text()}"/>

    <operation name="decision" value="#GroupManager">
      <when test="//group[@name='{$group}']" step="leaveGroup"/>
      <otherwise step="notMember"/>
    </operation>
  </step>

  <step id="notMember">
    <operation name="open" value="xios/apps/system/lib/dialog.xml">
      <param name="prompt" value="true"/>
      <param name="textTitle" value="Not member of group"/>
      <param name="textDialog" value="You are not a member of the group '{$group}'"/>
    </operation>
  </step>

  <step id="leaveGroup">
    <operation name="open" value="{$channel}://leaveGroup({$group})"/>
  </step>
</process>
