<?xml version="1.0"?>

<process name="libGroup" description="Handle groups" author="Christer Bystrom" xmlns:atom="http://www.w3.org/2005/Atom" xmlns:xlink="http://www.w3.org/1999/xlink" xmlns:fs="http://xcerion.com/folders.xsd" xmlns:fi="http://xcerion.com/fileinfo.xsd" xmlns:ni="http://xcerion.com/noindex.xsd">
  <trigger event="Join" step="doMount"/>
  <trigger view="mountProgress" component="delay" event="Select" step="delayedMount"/>

  <step id="1" name="Mounts a groups and launches autostart.xml or shows the join group dialog if you are not member">
    <alias name="group" value="filename({!})"/>
    <operation name="decision" value="#GroupManager">
      <when test="//group[@name='{$group}']" step="alreadyMember"/>
      <otherwise step="showJoin"/>
    </operation>
  </step>

  <step id="showJoin">
    <alias name="groupFeed" value="{$main}://searchGroup({$group})"/>
    <alias name="groupId" value="{$groupFeed#/atom:feed/atom:entry[atom:title = '{$group}']/dc:group}"/>
    <operation name="groups">
      <accept to="{$groupId}"/>
    </operation>
  </step>

  <step id="alreadyMember">
    <operation name="decision" value="#DriveManager">
      <when test="/drives/drive[folderId ='{#GroupManager#/groups/group[@name = '{$group}']/@folderId}']">
        <operation name="open" value="{#DriveManager#/drives/drive[folderId ='{#GroupManager#/groups/group[@name = '{$group}']/@folderId}']/@name}://autostart.xml"/>
      </when>
      <otherwise step="doMount"/>
    </operation>
  </step>

  <step id="doMount">
    <operation name="open" value="xios/apps/system/progress.xml">
      <name>mountProgress</name>
    </operation>
    <operation name="callMethod" value="#mountProgress#label">
      <method name="setValue">
        <param type="string">{get-label('Logging in to group')} {$group}...</param>
      </method>
    </operation>
    <operation name="callMethod" value="#mountProgress#image">
      <method name="setValue">
        <param type="string">xios/icons/objects/32x32/users4.png</param>
      </method>
    </operation>

    <operation name="decision">
      <when test="'{$yield}' != 'false'">
        <!--yieldDelayedMount-->
        <operation name="call" value="delayedMount">
          <yield/>
        </operation>
      </when>
      <otherwise step="delayedMount"/>
    </operation>
  </step>

  <step id="delayedMount">
    <operation name="close" value="mountProgress"/>
    <alias name="mountName" value="{$group}"/>
    <operation name="filesystem">
      <mount name="{$mountName}">
        <group name="{$group}"/>
      </mount>
    </operation>
    <operation name="open" value="{$mountName}://autostart.xml"/>
  </step>
</process>
