<?xml version="1.0"?>

<!--  width="500" height="455" -->
<view name="GC" title="Create New Group" revised="2008-03-13" created="2008-04-02" width="600" height="500" resize="true" winstate="false" author="Christer Bystrom, Daniel Jakobsson" splash="false" version="1.00 Beta" copyright="Copyright © 2018 XIOS/3 AB. All rights reserved." publisher="CloudTop" xmlns:xlink="http://www.w3.org/1999/xlink">
  <panel name="startPanels" type="column" height="100%" width="100%">
    <!-- <tabstrip name="openCreate" tabs="false">500 -->
      <panel name="open" type="row" height="100%" width="600" style="border: 1px solid black;vertical-align: top;" selected="true">
        <panel type="column" height="70" width="100%" look="white" style="border-bottom: 1px solid #a0a0a0;" padding="5">
          <panel type="row" width="460">
            <label name="label1" default="Create Group" style="font-family: Tahoma; font-size: 16pt; padding: 5px; margin-top:20px;"/>
            <label name="label2" default="Create a new group." style="padding: 5px; padding-left: 25px; font-size: 10pt;"/>
            <label name="label3" default="" style="padding: 5px; padding-left: 25px;"/>
          </panel>
          <panel width="*"/>
          <panel padding="5">
            <image src="xios/icons/business/48x48/businessmen.png" height="48" width="48"/>
          </panel>
        </panel>



          <!-- First panel: Group properties --><!-- 315 -->
          <tabstrip name="tabstrip">
          <panel name="slide0" type="row" height="360" width="100%" padding="10" look="gradient3" description="Group properties">
            <panel type="column" height="auto" width="100%">
              <label name="labelgroupname" default="Group name" width="120"/>
              <input width="300" name="groupname"/>
            </panel>
            <panel type="column" height="auto" width="100%">
              <label name="labelgroupicon" default="Group icon" width="120"/>
              <image width="32" height="32" name="imageIcon" src=""/>
              <panel align="right">
                <button name="browseIcon" width="100" text="Browse"/>
              </panel>
            </panel>
            <panel type="column" height="auto" width="100%">
              <label name="labelusername" default="Your username in this group" width="120"/>
              <input name="username" width="300"/>
            </panel>
            <panel type="column" height="auto" width="100%">
              <label name="labeltype" default="Visible in search" width="120"/>
              <checkbox name="grouptype"/>
              <!--<combobox width="300" name="grouptype" editable="false">
                <plate name="platetype" height="120" scroll="true">
                  <item value="public">Public</item>
                  <item value="private">Private</item>
                </plate>
              </combobox>-->
            </panel>
            <panel type="column" height="auto" width="100%">
              <label name="labelhidden" default="Hidden" width="120"/>
              <checkbox name="grouphidden"/>
            </panel>
            <panel type="column" height="auto" width="100%">
              <label name="labeljoin" default="How to join" style="" width="120"/>
              <combobox width="300" name="groupapplication" editable="false">
                <plate name="platejoin" height="120" scroll="true">
                  <item value="open">Anyone can join</item>
                  <item value="invite">By invitiation from member</item>
                  <item value="review">By request</item>
                  <item value="closed">By invitiation from admin</item>
                </plate>
              </combobox>
            </panel>
          </panel>

          <!-- Second panel: Group profile -->
          <panel name="slide1" type="row" height="360" width="100%" padding="10" look="gradient3" description="Group profile">
            <panel type="column" height="auto" width="100%">
              <label name="labellogo" default="Group logo (URL)" width="120"/>
              <input name="logo" width="300"/>
              <label default="URL to your logo (max width and height: 100px)." width="100"/>
            </panel>
             <panel type="column" height="auto" width="100%">
              <label name="labelterms" default="Terms" style="" width="120"/>
              <input name="terms" width="300"/>
              <label default="URL to terms document." width="100"/>
            </panel>
            <panel type="column" height="auto" width="100%">
              <label name="labelshortDescription" default="Short description" style="" width="120"/>
              <textarea name="shortDescription" height="40" width="300" wrap="soft"/>
              <label default="Information available in search." width="100"/>
            </panel>
            <panel type="column" height="auto" width="100%">
              <label name="labellfullDescription" default="Full description" style="" width="120"/>
              <textarea name="fullDescription" height="60" width="300" wrap="soft"/>
            </panel>
            <panel type="column" height="auto" width="100%">
              <label name="labelkeywords" default="Keywords" width="120"/>
              <input name="keywords" width="300"/>
              <label default="Comma separated list" width="100"/>
            </panel>
          </panel>

          <!-- Third panel: User profile template -->
          <panel name="slide2" type="row" height="360" width="100%" padding="10" look="gradient3" description="User profile template" description2="Add user profile template for the group.">
            <panel type="column" height="auto" width="100%">
              <label name="labelusername2" default="Your username in this group" width="120"/>
              <input width="300" name="username2"/>
            </panel>
            <panel name="userProfileFields" type="row" height="auto" width="100%" padding="5">
              <grid height="250" width="500" name="gridUserProfileTemplate" selection="row">
                <row match="data">
                  <!--<column name="userProfileId" match="@id" display="." label="ID" width="20%"/>-->
                  <column name="userProfileCaption" match="@caption" display="." label="Field" width="100px"/>
                  <!--<column name="userProfileComponent" match="@component" display="." label="Component" width="25%"/>-->
                  <column name="userProfileIndexed" match="@indexed" display="." label="Indexed" width="80px"/>
                  <column name="userProfileRequired" match="@required" display="." label="Required" width="80px"/>
                </row>
                <!--<rule match="@id" scroll="false">
                  <input width="100" />
                </rule>-->
                <rule match="@caption" scroll="false">
                  <input />
                </rule>
                <!--<rule match="@component" scroll="false">
                  <input />
                  <combobox width="120" editable="false">
                    <plate height="120" scroll="true">
                      <item value="input">Text</item>
                      <item value="textarea">Text Area</item>
                    </plate>
                  </combobox>
                </rule>-->
                <rule match="@indexed" scroll="false">
                  <checkbox />
                </rule>
                <rule match="@required" scroll="false">
                  <checkbox />
                </rule>
              </grid>

            </panel>
            <panel type="column" height="auto" width="100%">
              <button name="AddField" width="100" text="Add Field"/>
              <button name="RemoveField" width="100" text="Remove Field"/>
            </panel>
          </panel>

          <!-- Fourth panel: Owner profile, defined in third panel -->
          <panel name="slide3" type="row" height="360" width="100%" padding="10" look="gradient3" description="Owner profile">
            <grid height="250" width="500" name="userProfileForm" selection="row">
              <row match="data">
                <column name="userFormCaption" match="@caption" display="." label="Caption" width="100px"/>
                <column name="userFormValue" match="@value" display="." label="Data" width="80px"/>
              </row>
              <rule match="@value" scroll="false">
                <input />
              </rule>
            </grid>
            <!--<form name="userProfileForm" vmargin="0" hmargin="0" height="340">
              <rule match="@value" display="'test'">
                <input width="80"/>
              </rule>
            </form>
            <container name="userProfileForm" show="all" height="340" width="100%">
              <rule match="data">
                <panel type="column" height="30" width="100%">
                  <label name="label{@id}" default="{@caption}" width="120"/>
                  <input name="{@id}" width="300" value="{@value}"/>
                </panel>
              </rule>
            </container>-->
          </panel>

        </tabstrip>

        <panel type="row" height="40" width="100%" look="white" padding="5" style="border-top: 1px solid #666;">
          <panel height="30" width="100%" type="flow" align="right">
            <!--<button name="DocAlert" width="100" text="DocAlert" />-->
            <button name="Cancel" width="100" text="Cancel" />
            <button name="Previous" width="100" text="Previous"/>
            <button name="Next" width="100" default="true" text="Next"/>
            <button name="Create" width="100" text="Create"/>
          </panel>
        </panel>
      </panel>
    <!--</tabstrip>-->
  </panel>
</view>
  <!--OLD:-->
  <!--<view name="GC" author="Christer Bystrom" height="135" width="350" title="Create Group">
  <panel padding="10" style="background: #386098" type="row" xlook="prototype">
    <panel type="form" cols="2" label-align="right" width="100%" label-pos="left">
      <row>
        <input name="groupname" look="graphite" label="Name of new group:" width="100"/>
      </row>
      <row>
        <input name="username" look="graphite" label="Your username in this group:" width="100"/>
      </row>
    </panel>
    <panel type="column" align="right">
      <button name="Create" text="Create" width="100" default="true"/>
      <button name="Cancel" text="Cancel" width="100"/>
    </panel>
  </panel>
</view>-->
