<?xml version="1.0"?>

<process name="libSetWallpaper" description="Wallpaper lib, based on apps/controlpanel/processes/sections/section_desktop.xml">
  <step id="1">
    <alias name="picHref" value="{!}"/>
    <alias name="mainChannel" value="{#DriveManager#/drives/drive[@main = 'true']/@name}" model="value"/>
    <alias name="rootPath" value="{$mainChannel}://Applications/Data/"/>
    <alias name="wallpaperFile" value="{$rootPath}Wallpapers.xml" />

    <alias name="wallpapersExist" value="{$wallpaperFile}#/wallpapers"/>
    <operation name="decision">
      <when test="'{xml($wallpapersExist)}' = ''" step="createWallpaperFile"/>
    </operation>

    <!-- Remove everything from the beginning to the last slash -->
    <alias name="wallpaperTitle" value="={'{$picHref}'.replace(/(?:.*(?=.*\/)\/)/,'')}" />
    <!-- Remove everything from the last dot to the end -->
    <alias name="wallpaperTitle" value="={'{$wallpaperTitle}'.replace(/\.(?!.*\.).*/,'')}" />

    <alias name="wallpaperHref" value="{$picHref}"/>

    <operation name="decision" value="{$picHref}/.meta">
      <when exists="true" step="getCopyright"/>
    </operation>

    <operation name="change" value="$wallpaperFile">
      <delete select="//item[@href='{$wallpaperHref}']"/>
    </operation>

    <operation name="change" value="$wallpaperFile">
      <store type="append" select="/wallpapers/group">
        <item name="{$wallpaperTitle}" href="{$wallpaperHref}" copyright="{$copyright}"/>
      </store>
    </operation>
    <operation name="save" value="$wallpaperFile"/>
    <operation name="call" value="setWallpaperFromGroup"/>
  </step>

  <step id="getCopyright" name="Check if image has any copyright and extract information">
    <alias name="tmpHref" value="{$picHref}/.meta" model="value"/>
    <alias name="copyright" value="{$tmpHref#/atom:entry/atom:rights}" model="value"/>
  </step>

  <step id="createWallpaperFile" name="Create Wallpapers.xml">
    <operation name="filesystem" value="$rootPath">
      <create type="file" name="Wallpapers.xml">
        <content>
          <wallpapers description="Here is your custom selection of Wallpapers.">
            <group>
            </group>
          </wallpapers>
        </content>
      </create>
    </operation>
  </step>

  <step id="setWallpaperFromGroup" name="Set Wallpaper from added Wallpaper group">
    <operation name="action" value="#CP">
      <component name="wallpapersDelete" action="enable"/>
    </operation>
    <alias name="prevWallpaper" model="value" value="{$currentWallpaper}"/>

    <operation name="decision">
      <when test="contains('{$wallpaperHref}', 'http://')" step="setWallpaperAbsolute"/>
      <when test="contains('{$wallpaperHref}', '://')" step="setWallpaperFromMeta"/>
      <otherwise step="setWallpaperAbsolute" />
    </operation>

    <operation name="config" value="webdesktop/wallpaper/href">
      <setProperty alias="{$wallpaperHref}"/>
    </operation>
    <alias name="currentWallpaper" model="value" value="{$wallpaperHref}"/>
  </step>

  <step id="setWallpaperAbsolute">
    <operation name="callMethod" value="#Desktop">
      <method name="setImage">
        <param type="string">{$wallpaperHref}</param>
      </method>
    </operation>
  </step>

  <step id="setWallpaperFromMeta">
    <operation name="callMethod" value="#Desktop">
      <method name="setImage">
        <param type="string">{{$wallpaperHref}/.meta#atom:entry/atom:link/@href}</param>
      </method>
    </operation>
  </step>
</process>
