<?xml version="1.0"?>

<process name="libTrashcan" description="Move a file to trashcan" author="Christer Bystrom, Fredrik Carlbom" xmlns:atom="http://www.w3.org/2005/Atom" xmlns:xlink="http://www.w3.org/1999/xlink">

  <!-- todo: handle folders aswell -->

  <step id="1">
    <alias name="copySource" value="{!}" model="value"/>
    
    <alias name="mainChannel" value="{#DriveManager#/drives/drive[@main = 'true']/@name}" model="global"/>
    <alias name="trashcanFolder" value="{$mainChannel}://{{$mainChannel}://folders()#/*[1]/*[@system='trashcan']/@name}"/>

    <operation name="decision">
      <when test="'{$sourceType}'='shortcut'" step="deleteShortcutSettings"/><!-- special hack for desktop shortcuts -->
      <when test="'{$copySource}'=''" step="showTrashcan"/>
      <otherwise step="2"/>
    </operation>
  </step>

  <step id="deleteShortcutSettings">
    <operation name="change" value="#SystemConfig">
      <delete select="/config/desktop/atom:feed/atom:entry[atom:title/text()='{$shortcutName}']"/>
    </operation>
  </step>
  
  <step id="showTrashcan" name="Show trashcan">
    <operation name="open" value="xios/apps/system/document.xml">
      <trigger value="{$trashcanFolder}/"/>
    </operation>
  </step>

  <step id="2">
    <operation name="filesystem" value="$copySource">
      <delete permanent="false" silent="true"/>
    </operation>
  </step>
</process>
