<?xml version="1.0"?>

<view name="PD" title="Patching" mode="window" modal="false" taskbar="false" position="center" height="212" width="465" icon="icon://about">
  <panel type="row" height="100%" padding="5">
    <panel type="flow" look="outset" height="150" padding="5">
      <label name="Label" height="100%" width="100%" default="Applying patch" style="color: #ffffff; letter-spacing: 1;" font="tahoma" size="8pt" bold="true"></label>
    </panel>
    <panel align="center">
      <button name="Cancel" text="Abort" width="100"/>
    </panel>
    <panel hide="true">
      <button name="Continue" value="Continue" width="100"/>
    </panel>
  </panel>
</view>
