<?xml version="1.0"?>

<process name="patch1" author="Christer Bystrom" xmlns:atom="http://www.w3.org/2005/Atom" xmlns:fs="http://xcerion.com/folders.xsd">
  <trigger view="PD" component="Cancel" event="Select" step="4"/>
  <step id="1" name="Start">
    <alias name="fileindex" value="1" model="value"/>
    <alias name="patch" value="xios/apps/system/patches/data1.xml"/>
    <!--
    <operation name="open" value="xios/apps/system/patches/patchdialog.xml"/>
    -->
    <!-- recursion doesn't work that good right now -->
    <operation name="call" value="3"/>
    <operation name="call" value="3"/>
    <operation name="call" value="3"/>
    <operation name="call" value="3"/>
    <operation name="call" value="3"/>
    <operation name="call" value="3"/>
    <operation name="call" value="3"/>
    <operation name="call" value="3"/>
    <operation name="call" value="3"/>
  </step>

  <step id="3" name="continue">
  <!--
    <operation name="callMethod" value="#PD#Label">
      <method name="setValue">
        <param type="string">Patching '{$patch#/patch/files/file[{$fileindex}]/@file}'</param>
      </method>
    </operation>
    -->
    <alias name="file" value="{$patch#/patch/files/file[{$fileindex}]/@file}" model="value"/>
    <alias name="folder" value="{$patch#/patch/files/file[{$fileindex}]/@folder}" model="value"/>

    <operation name="decision" value="$patch">
      <when test="/patch/files/file[{$fileindex}]" step="tryPatch"/>
      <otherwise step="4"/>
    </operation>


  </step>

  <step id="tryPatch" name="Try to patch">
    <operation name="decision" value="{$folder}{$file}">
      <when exists="true" step="doPatch"/>
    </operation>

    <!--
    <operation name="decision">
      <when test="'{$folder#/atom:feed/atom:entry/atom:title['{$file}']/text()}'!=''" step="doPatch"/>
    </operation>
    -->

    <alias name="fileindex" value="={$fileindex}+1" model="value"/>
    <!--
    <operation name="call" value="3"/>

    -->
  </step>

  <step id="doPatch" name="Do patch">
    <operation name="debug" value="Patching {$folder}{$file}"/>
    <!-- creaty copy -->
    <operation name="change" value="$folder">
      <store type="append" select="/atom:feed">
        <atom:entry>
          <atom:title>{$file}_patch</atom:title>
        </atom:entry>
      </store>
    </operation>
    <!-- copy contents -->
    <operation name="change" value="{{$folder}{$file}_patch}">
      <store type="replace" select="/*">
      {xml({$folder}{$file}#/*)}
      </store>
    </operation>
    <!-- save changes of copy -->
    <operation name="save" value="{{$folder}{$file}_patch}"/>
    <!-- delete old file -->
    <operation name="change" value="$folder">
      <delete select="/atom:feed/atom:entry[atom:title='{$file}']"/>
    </operation>
    <!-- rename file -->
    <operation name="change" value="{$folder}">
      <store type="replace" select="/atom:feed/atom:entry[atom:title='{$file}_patch']/atom:title"><atom:title>{$file}</atom:title></store>
    </operation>
  </step>

  <step id="4" name="End">
  <!--
    <operation name="close" value="PD">view</operation>
    -->
    <operation name="close" value="xios/apps/system/patches/patch1.xml">process</operation>
  </step>

  <step id="continue" step="continue">
    <operation name="call" value="$continuestep"/>
  </step>

</process>
