<?xml version="1.0" encoding="utf-8" standalone="yes"?>

<process name="Application Launcher" description="App Launcher Main Process Code" author="Martin Nilsson">

  <trigger view="Launcher" component="apps" event="Select" step="101"/>

  <step id="101" name="Load/show section">
    <alias name="views" value="#ViewManager#/views"/>
    <operation name="decision">
      <when test="'{$views#/views/view[@href={#Launcher#apps#@path}}'">
        <!-- focus -->
      </when>
      <otherwise>
        <operation name="open" value="{#Launcher#apps#@path}"/>
      </otherwise>
    </operation>

    <!--
    <operation name="callMethod" value="#CP#sectionsGroup">
      <method name="setValue">
        <param type="string">section_{$app}</param>
      </method>
    </operation>
    <operation name="decision">
      <when test="'{$cpStartup}' != 'true'">
        <alias name="tabSelect" value="{apps/controlpanel/data/sections.xml#/sections/section[@name = '{#CP#sections#@name}']/tab[1]/@name}" model="value"/>
      </when>
    </operation>

    <operation name="open" value="apps/controlpanel/processes/sections/section_{#CP#sections#@name}.xml">
      <share>context</share>
      <trigger value="$tabSelect"/>
      <step id="1"/>
    </operation>

    <alias name="cpStartup" value="false"/>
-->
  </step>


</process>
