<?xml version="1.0" encoding="utf-8"?>

<view name="Login" title="App Launcher Login" mode="plain" author="Daniel Arthursson, Anders Weister" created="2019-03-08" revised="2021-09-24" height="328" width="100%" bgcolor="#4066ae" theme="liquid" icon="xios/icons/ie-o/key2.svg">
  <panel type="table" height="100%" style="background-image: url('launcher/cloud.jpg'); background-size: cover;">
    <row>
		<panel name="loginText" type="row" width="100%" height="125" style="margin-top:13px;">
			<image align="center" src="https://cloudbackend.com/assets/logo-white.svg" />
		</panel>
      <panel type="row" width="800" height="250" align="left" valign="middle">
        <panel type="row" height="100%" valign="left">
          <label name="header" align="left" width="100%" height="200" default="CloudBackend data view" font="verdana" size="31" color="#579"/>
          <label name="header2" align="left" width="100%" default="Enter credentials to log in to the explorer." font="verdana" size="19" color="#cde" style="margin-bottom: 60px;"/>
          <panel type="column" height="125">
            <panel type="table" name="panelLogin" style="padding-left:70px;" width="415" height="125">
              <row>
                <input name="Username" label="User name" focus="true" labelPos="left" style="padding-left:0px;padding-right:2px;" labelStyle="width:100%;" width="150"/>
              </row>
              <row>
                <input name="Password" label="Password" labelPos="left" style="padding-left:0px;padding-right:2px;" labelStyle="width:100%;" type="password" width="150"/>
              </row>
              <!-- <row>
                <combobox name="language" width="150" labelPos="left" style="padding-left:0px;padding-right:2px;" labelStyle="width:100%;" label="Language" editable="false">
                  <plate name="langPlate" height="200" style="color: #fff;">
                    <item title="">(default)</item>
                    <rule match="language">
                      <item title="{xios:getLabel('Translators')}: {@translator}">{text()}</item>
                    </rule>
                  </plate>
                </combobox>
              </row> -->
              <row align="right" colspan="2">
                <panel type="column" width="100%" valign="top" align="right">
<!--                  <image style="margin-top:6px; margin-right: 5px; cursor:pointer;" width="24" height="24" name="imageHelp" src="xios/icons/applications/24x24/help2.png" title="Help with login"/> -->
                  <button name="Login" text="Login" default="true" width="80" style="margin-top: 5px;"/>
                </panel>
              </row>
            </panel>
            <panel name="panelProgress" type="column" align="left" width="416" style="padding-left:85px; overflow:hidden;" hide="true" label="Logging in..." lstyle="margin-top:30px; padding-left:85px;color:#fff; letter-spacing:1px; font-size:12pt; font-family:tahoma;"/>
          </panel>
        </panel>
      </panel>
    </row>
    <row height="14">
      <label style="text-align:right; margin-right:3px; padding-bottom:4px;" name="Copyright" color="#fff" default="Copyright © 2021 XIOS/3 AB, All rights reserved."/>
    </row>
  </panel>
</view>
