<?xml version="1.0" encoding="utf-8" standalone="yes"?>

<application name="Application Launcher" icon="xios/icons/business/32x32/calendar.png" instances="1" xmlns:xlink="http://www.w3.org/1999/xlink" theme="marble">

  <about loader="false" version="1.0" created="2019-02-04" revised="2019-05-22"
      author="Daniel Arthursson, Martin Nilsson, Glenn Stenbring" copyright="Copyright © 2019 XIOS/3 AB, All rights reserved." publisher="XIOS/3 AB">
    <description>Application Launcher</description>
    <license xlink:type="simple" xlink:actuate="onRequest" xlink:href="https://xios3.com/license/xios_1.xml">XIOS.1</license>
  </about>

  <settings>
  </settings>

  <resources></resources>
  <access></access>

  <process xlink:actuate="onLoad" name="Application Launcher" description="App Launcher Main Process Code" author="Martin Nilsson">

    <trigger view="Launcher" component="apps" event="Select" step="click"/>

    <step id="click" name="Load/show application">
      <alias name="views" value="#ViewManager#/views"/>
      <operation name="decision">
        <when test="'{$views#/views/view[@href={#Launcher#apps#@path}]}'">
          <!-- focus -->
        </when>
        <otherwise>
          <operation name="open" value="{#Launcher#apps#@path}"/>
        </otherwise>
      </operation>
    </step>

  </process>

  <view name="Launcher" xlink:actuate="onLoad" leftExclusion="105" icon="xios/icons/ie-o/beaker2.svg">
    <panel type="column" width="100%" height="100%">
      <iconlist name="apps" deselect="false" layout="sectionlist" width="105" height="100%" scroll="false" draggableitems="false" iconsize="32" style="background:#fff;">
        <item name="mail" text="Mail" icon="icon://mail_open2" path="apps/productivity/mail/mail.xml"/>
        <item name="contacts" text="Contacts" icon="icon://users" path="apps/productivity/contacts/contacts.xml"/>
        <item name="explorer" text="Explorer" icon="icon://applications/folders" path="xios/apps/system/document.xml"/>
        <item name="calendar" text="Calendar" icon="icon://calendar" path="apps/productivity/calendar/calendar.xml"/>
        <item name="order" text="Order" icon="icon://applications/clipboard_add" path="monitor/monitor.xml"/>
        <item name="shell" text="Shell" icon="icon://development/console" path="xios/apps/shell/shell.xml"/>
        <item name="system" text="System" icon="icon://applications/gears" path="xios/apps/system/system.xml"/>
        <item name="Messenger" text="Messenger" icon="icon://question_and_answer" path="apps/chat/messenger.xml"/>
        <!-- <item name="note" text="Note" icon="icon://notebook" path="apps/productivity/note/note.xml"/>-->
        <!-- <item name="help" text="Help" icon="icon://applications/help" path="xios/apps/help/helpapp.xml"/> -->
      </iconlist>

      <panel type="row" height="100%" width="auto" padding="5">
      </panel>
    </panel>
  </view>

</application>
