<?xml version="1.0"?>

<fonts>
  <font name="Arial" title="Arial"/>
  <font name="Arial Black" title="Arial Black"/>
<!--  <font name="Bookman Old Style" title="Bookman Old Style"/>-->
  <font name="Comic Sans MS" title="Comic Sans MS"/>
  <font name="Courier New" title="Courier New"/>
<!--  <font name="Garamond" title="Garamond"/>-->
  <font name="Georgia" title="Georgia"/>
  <font name="Helvetica" title="Helvetica"/>
  <font name="Impact" title="Impact"/>
  <font name="Lucida Console" title="Lucida Console"/>
  <font name="Tahoma" title="Tahoma"/>
  <font name="Trebuchet MS" title="Trebuchet MS"/>
  <font name="Times New Roman" title="Times New Roman"/>
  <font name="Verdana" title="Verdana"/>
  <font name="Webdings" title="Webdings"/>
  <preview name="AaBbYyZz" title="Preview"/>
</fonts>
