<?xml version="1.0"?>

<groupDescription xmlns:xpc="http://xcerion.com/process/1.0" xpc:ns="http://xcerion.com/profiles/group/1.0">
  <name></name>
  <owner></owner>
  <icon></icon>
  <logo></logo>
  <terms></terms>
  <shortDescription></shortDescription>
  <fullDescription></fullDescription>
  <keywords></keywords>
  <userProfileTemplate>
    <data id="userProfileField_name" caption="Name" component="input" indexed="true" required="true" value=""/>
    <data id="userProfileField_city" caption="City" component="input" indexed="true" required="false" value=""/>
  </userProfileTemplate>
</groupDescription>
