<?xml version="1.0"?>
<?xml-stylesheet type="text/xsl" href="../previews/license.xsl"?>

<license version="1.00" updated="2012-06-23">
  <h2>CLOUDTOP USER AGREEMENT</h2>
  <p>
   <u><b>Welcome to the User Agreement for the CloudTop Service</b></u>
  </p>
  <p>
This User Agreement is an agreement between you and Xcerion AB (CloudTop). This User Agreement covers your use of and access to the CloudTop Service and any of its applications developed by or for CloudTop (jointly the "CloudTop Service", previously known as icloud.com). This User Agreement does not alter in any way the terms or conditions of any other agreement you may have with CloudTop for products or services.
  </p>
  <p>
By activating your CloudMe account with the CloudTop Service and by using the CloudTop Service, you accept and agree to be bound by the terms and conditions of this User Agreement and any related policies or guidelines as amended by CloudTop from time to time. You also agree to become a member of the CloudTop Service and allow CloudTop to communicate with you through email and keep your information on record.
  </p>
  <p>
If you do not agree to or cannot comply with this User Agreement, do not use the CloudTop Service.
  </p>
  <p>
The CloudTop Service and the information, content, software and services displayed on the CloudTop website or transmitted through or used in connection with the CloudTop Service are owned by CloudTop and are protected by copyright, trademark and other intellectual property laws and international treaties.
  </p>
  <h3>License to use the CloudTop Service</h3>
  <p>
During the term of this Agreement, CloudTop grants you a non-exclusive, revocable license to use the CloudTop Service, subject to the terms and conditions of this User Agreement.
  </p>
  <h3>Permission to use your CloudMe account</h3>
  <p>
CloudTop is a client for accessing and managing CloudMe accounts. You hereby allow CloudTop to act as a client to work with your CloudMe account, and login to CloudMe directly or through CloudTop servers on your behalf.
  </p>
  <p>
Further you grant permission for the CloudTop Service and its applications to utilize your CloudMe account for storing data, documents and settings as needed in order for you to use the CloudTop Service. New folders and documents needed by the CloudTop Service will appear in your CloudMe account after accepting this agreement.
  </p>
  <h3>Restrictions</h3>
  <p>
Except as expressly permitted under this User Agreement, you agree not to:
  <ul>
    <li>Modify, distribute or create derivative works based on the CloudTop Service.</li>
    <li>Run, rent, lease, lend or sell access to or otherwise make available to others the CloudTop Service.</li>
    <li>Decompile, deobfuscate, reverse engineer or copy the CloudTop Service.</li>
    <li>Use the CloudTop Service for hosting services or creating hotlinks.</li>
    <li>Use the CloudTop Service for; terrorism, religious fanaticism, racism, abuse, bullying or child pornography.</li>
  </ul>
  </p>
  <h3>Trademarks</h3>
  <p>
The registered trademarks; CloudTop, CloudMe, Xcerion, XIOS/3 and other trademarks including, without limitation, logotypes, graphics and trade names displayed on the CloudTop website may not be used without permission in writing of its respective owner.
  </p>
  <h3>Accounts, Passwords and Security</h3>
  <p>
You must be a registered User of CloudMe to use the CloudTop Service. As a User, you are responsible for keeping your password secure. Usernames are non-transferable. You are responsible and liable for all activities that occur under your username. Sharing and giving access to copyrighted content may violate copyright laws and is not allowed under this agreement.
  </p>
  <h3>Cooperation with authorities</h3>
  <p>
CloudTop reserves the right at any point to cooperate and disclose any information with any countries authorities in its own sole discretion for the purpose of fighting terrorism, religious fanatics, racism, abuse, bullying and child pornography. CloudTop also reserves the right, if the above occur, of immediate termination of access, groups, content and applications from involved users where any gathered financial means of said will become confiscated and the property of CloudTop.
  </p>
  <h3>CloudTop deactivating your Access</h3>
  <p>
CloudTop has the right (at its sole discretion) to delete or deactivate your CloudTop access, block your CloudMe username or IP address, or otherwise terminate your access to or use the CloudTop Service without any notice and for any reason.
  </p>
  <h3>User Created Groups and Communities</h3>
  <p>
CloudTop has the right (at its sole discretion) to hide, remove, move or rename any created group or community without any notice and for any reason. When creating a group a non-offensive name without trademark rights infringements should be used. As the creator of a group or community, you are responsible for its name, contents, shared storage and users.
  </p>
  <h3>Third party sites, services and browsing capabilities</h3>
  <p>
The sites and services to which we link (including, but not limited to CloudMe, Pixlr, Zoho, Flickr, Widgetbox, Weather.com, Twitter, YouTube, Metacafé, Google and Bing) are third party sites and are not within our control. CloudTop does not condone, encourage, or approve of any illicit activity in relation to any third party sites, third party services or otherwise. This includes all sites used with the help of CloudTop's web browsing capabilities like the Browser and iLauncher applications. Your use of these third party sites, services and browsing capabilities is your sole responsibility. CloudTop is not liable for any claims, suits, losses, damages or costs arising out of your use of such sites, services or browsing capabilities.
  </p>
  <h3>Limitation of Liability</h3>
  <p>
YOUR USE OF THE CLOUDTOP SERVICE IS AT YOUR SOLE RESPONSIBILITY AND RISK. THE CLOUDTOP SERVICE IS PROVIDED ON AN "AS IS" AND "AS AVAILABLE" BASIS. CLOUDTOP EXPRESSLY DISCLAIMS ALL REPRESENTATIONS OR WARRANTIES OF ANY KIND, WHETHER EXPRESS OR IMPLIED OR APPLICABLE BY LAW INCLUDING, BUT NOT LIMITED TO, WARRANTIES OF MERCHANTABILITY, ACCURACY, SYSTEM INTEGRATION AND NON-INFRINGEMENT. CLOUDTOP IS NOT LIABLE FOR ANY CLAIMS, SUITS, LOSSES, DAMAGES OR COSTS ARISING OUT OF ANY ERRORS IN THE CLOUDTOP SERVICE OR OTHERWISE IN CONNECTION WITH THE USE OF THE CLOUDTOP SERVICE
  </p>
  <h3>Indemnification</h3>
  <p>
You agree to indemnify, defend, and hold harmless CloudTop, its officers, directors, employees, owners, agents, licensors and suppliers from and against all claims, suits, losses, damages and costs, including reasonable attorneys' fees, resulting from any violation by you of this User Agreement or any activity related to the CloudTop Service by you or any other person accessing CloudTop, CloudMe or affiliate websites using your account.
  </p>
  <h3>Amendments to User Agreement</h3>
  <p>
This User Agreement may be amended by CloudTop at any time. Any amendment will come into effect at the time of CloudTop's posting of the amended User Agreement on this webpage or by asking for Activation of account again through EULA application.
  </p>
  <h3>Disputes and Governing Law</h3>
  <p>
Any dispute, controversy or claim arising out of or in connection with this User Agreement, or the breach, termination or invalidity of any provisions of the User Agreement, shall be referred to and finally settled by a Swedish public court. The place of proceedings shall be Linköping, Sweden. The language to be used in proceedings shall be Swedish.
  </p>
  <p>
This User Agreement and the rights and obligations of the parties hereunder shall be governed by and construed and interpreted in accordance with the laws of Sweden.
  </p>
  <p>
<i><b>Effective Date</b></i><br/>
This User Agreement is effective as of 23rd June, 2012.<br/>
Version 1.00. Copyright © 2013 CloudTop. All rights reserved.
  </p>
</license>
