<?xml version="1.0"?>
<?xml-stylesheet type="text/xsl" href="../previews/license.xsl"?>

<license version="1.00" updated="2012-06-23">
  <h2>CLOUDTOP Privacy policy</h2>
  <p>
   <u><b>Welcome to the Privacy policy for the CloudTop Service</b></u>
  </p>
		<h3>Privacy and Confidentiality</h3>
  <p>
CloudTop is committed to protecting your privacy. We fully adhere to the principles of integrity and trust, and respect your right to the protection of any personal information you may have entrusted to us in the course of using this web site. When your personal information is collected, it is collected with your express or clearly implied consent. It is not sold or leased, and is not retained for purposes other than those for which it was intended. To ensure this commitment, CloudTop agrees to comply in all material respects with applicable privacy laws, rules and regulations. CloudMe newsletter: The information you provide when you signup to stay up to date with CloudMe's worldwide launch process is used to provide you with our email newsletter. Your information is stored in a secure environment and will not be shared outside of CloudMe, its published partners and affiliates.
  </p>
	<h3>Cookies</h3>

  <p>
Cookies are small bites of data stored on your computer. Our web site, similar to most other web sites, uses cookies to allow us to deliver content tailored to your preferences. You may set your browser to notify you when a cookie is received, giving you the option to either accept or reject it.
  </p>
		<h3>Data Security and Integrity</h3>
  <p>
CloudTop uses commercially reasonable safeguards and technology that complies in all material respects with applicable laws and industry standards to guard personal information against loss, destruction, misuse, improper disclosure and unauthorized access or modification. We make all reasonable efforts to ensure that the personal information we collect is not altered in any way, or reprocessed in a way that makes it incompatible with the purpose for which it was originally collected.
  </p>
  <h3>Access to data</h3>
  <p>
Upon request, you may have private and secure access to the personal information you have provided, and if upon review it is found to be incorrect or incomplete, you may update, modify or delete your information.
  </p>
  <h3>Enforcement</h3>
  <p>
Please email us at support{at}CloudTop.com with questions or comments you may have regarding our privacy policy.
  </p>
  <h3>Changes to this Customer Privacy Policy</h3>
  <p>
CloudTop reserves the right to make changes to this Privacy Policy at any time. We will notify you of modifications through this web site. Please check back for updates and changes.  
</p>

</license>
