<system authors='XIOS/3 AB' copyright='Copyright © 2021 XIOS/3 AB. All rights reserved.' credits='XIOS/3 icons are designed by XIOS/3 AB and IconExperience.com.' height='700' loader='XIOS/3 Loader' main='XIOS/3 Edge Application Platform' name='XIOS' patents='XIOS is patent pending and contains patent pending technology, including U.S. Patent No. 7917584, 8099671, 8108426, 8112460, 8156146, 8234315, 8239511, 8280925, 8688627, 8954526, 8996459, 8620863, 8615531, 8738567, 8959123, 9071623, 8843942, and 9344497.' startup='config/startup.xml' title='XIOS/3' trace='false' traceLevel='TRACE' traceTimestamp='true' version='2021.1 Beta - Aracari' window='false' xmlns:xlink='http://www.w3.org/1999/xlink'>

  <styles>
    <include href='xios/external/normalize.css'/>
    <include href='xios/gui/css/error.css'/>
    <include href='xios/gui/css/layouts.css'/>
    <include href='xios/gui/css/menu.css'/>
    <include href='xios/gui/css/stylesheet.css'/>
    <include href='xios/gui/css/bars.css'/>
    <include href='xios/gui/css/boot.css'/>

    <include href='xios/gui/css/classic.css'/>
    <include href='xios/gui/css/syntax.css'/>
  </styles>

  <themes>
    <theme name='aqua' xlink:actuate='onLoad' xlink:href='xios/gui/themes/aqua.xml'/>
    <theme name='liquid' xlink:actuate='onLoad' xlink:href='xios/gui/themes/liquid.xml'/>
    <theme default='true' name='marble' xlink:actuate='onLoad' xlink:href='xios/gui/themes/marble.xml'/>
    <icons href='xios/icons/ie-o/' name='o-collection' path='/'/>
  </themes>

  <classes>
    <class dependencies='true' href='xios/system/script/util/utils.js' name='Utils'/>
    <class href='xios/system/script/util/xbrowser.js' name='Xbrowser'/>
    <class dependencies='true' href='xios/external/date.js' name='Dates'/>
    <class dependencies='true' href='xios/system/script/util/debug.js' name='Debug'/>
    <class href='xios/system/script/SYS_CrossDomain.js' name='SYS_CrossDomain'/>
    <class href='xios/system/script/EVT_EventObject.js' name='EVT_EventObject'/>
    <class href='xios/system/script/EVT_EventManager.js' name='EVT_EventManager'/>

    <class href='xios/system/script/HTML_Util.js' name='HTML_Util'/>
    <class href='xios/system/script/XML_Util.js' name='XML_Util'/>
    <class href='xios/system/script/XML_XSLTManager.js' name='XML_XSLTManager'/>
    <class href='xios/system/script/SYS_Expression.js' name='SYS_Expression'/>

    <class href='xios/system/script/SYS_URL.js' name='SYS_URL'/>
    <class href='xios/system/script/SYS_AuthManager.js' name='SYS_AuthManager'/>
    <class href='xios/system/script/SYS_ThemeManager.js' name='SYS_ThemeManager'/>
    <class dependencies='true' href='xios/system/script/SYS_Cache.js' name='SYS_Cache'/>
    <class href='xios/system/script/SYS_DocumentManager.js' name='SYS_DocumentManager'/>
    <class href='xios/system/script/SYS_CollaborationManager.js' name='SYS_CollaborationManager'/>
    <class href='xios/system/script/SYS_StateManager.js' name='SYS_StateManager'/>
    <class href='xios/system/script/SYS_ServiceManager.js' name='SYS_ServiceManager'/>
    <class href='xios/system/script/SYS_SettingsManager.js' name='SYS_SettingsManager'/>
    <class href='xios/system/script/SYS_ServicePathManager.js' name='SYS_ServicePathManager'/>
    <class href='xios/system/script/XML_Document.js' name='XML_Document'/>
    <class href='xios/system/script/XML_RuleHandler.js' name='XML_RuleHandler'/>
    <class href='xios/system/script/SYS_ViewManager.js' name='SYS_ViewManager'/>
    <class href='xios/system/script/SYS_ApplicationManager.js' name='SYS_ApplicationManager'/>
    <class href='xios/system/script/SYS_Application.js' name='SYS_Application'/>
    <class href='xios/system/script/SYS_Instance.js' name='SYS_Instance'/>
    <class href='xios/system/script/GUI_View.js' name='GUI_View'/>
    <class href='xios/system/script/GUI_Widget.js' name='GUI_Widget'/>
    <class href='xios/system/script/SYS_DataHandler.js' name='SYS_DataHandler'/>

    <class href='xios/system/script/SYS_CommunicationManager.js' name='SYS_CommunicationManager'/>
    <class dependencies='true' href='xios/system/script/SYS_Communicator.js' name='SYS_Communicator'/>
    <class href='xios/system/script/SYS_Deferred.js' name='SYS_Deferred'/>
    <class dependencies='true' href='xios/system/script/SYS_VirtualHandler.js' name='SYS_VirtualHandler'/>
    <class href='xios/system/script/SYS_ShareManager.js' name='SYS_ShareManager'/>
    <class href='xios/system/script/SYS_FriendsHandler.js' name='SYS_FriendsHandler'/>
    <class href='xios/system/script/SYS_StatusManager.js' name='SYS_StatusManager'/>
    <class href='xios/system/script/COM_XMLFS.js' name='COM_XMLFS'/>
    <class href='xios/system/script/SYS_Baxide.js' name='SYS_Baxide'/>
    <class href='xios/system/script/SYS_PortSystem.js' name='SYS_PortSystem'/>
    <class href='xios/system/script/COM_CloudTopProxy.js' name='COM_CloudTopProxy'/>
    <class href='xios/system/script/COM_WebServices.js' name='COM_WebServices'/>
    <class href='xios/system/script/COM_DB.js' name='COM_DB'/>
    <class href='xios/system/script/COM_Zimbra.js' name='COM_Zimbra'/>
    <class href='xios/system/script/COM_HTTPS.js' name='COM_HTTPS'/>
    <class href='xios/system/script/SYS_TransactionManager.js' name='SYS_TransactionManager'/>
    <class href='xios/system/script/SYS_ProcessManager.js' name='SYS_ProcessManager'/>
    <class href='xios/system/script/SYS_Process.js' name='SYS_Process'/>
    <class href='xios/system/script/SYS_Debugger.js' name='SYS_Debugger'/>
    <class href='xios/system/script/GUI_Area.js' name='GUI_Area'/>
    <class href='xios/system/script/SYS_MessageManager.js' name='SYS_MessageManager'/>
    <class href='xios/system/script/SYS_ProtocolManager.js' name='SYS_ProtocolManager'/>
    <class href='xios/system/script/SYS_ACLManager.js' name='SYS_ACLManager'/>
    <class href='xios/system/script/SYS_TypeManager.js' name='SYS_TypeManager'>
      
      <param href='/xios/config/types.xml' name='types'/>
      <param name='suffix'>
        <suffix type='XML'>xml|xsl|xslt|rdf|wdsl|xhtml|rss</suffix>
        <suffix type='text'>csv|txt|ics|css|js|html|htm</suffix>
        <suffix type='binary'>exe|zip|gzip|pdf</suffix>
        <suffix type='image'>jpg|jpeg|gif|bmp|png|tif|tiff</suffix>
        <suffix type='media'>mp3|avi|mov|aiff|au|wav|ogg|wma|mid|mod|xm|s3m|mpg|mpeg|mp4</suffix>
      </param>
    </class>
    <class href='xios/system/script/SYS_DriveManager.js' name='SYS_DriveManager'/>
    <class href='xios/system/script/SYS_Drive.js' name='SYS_Drive'/>
    <class href='xios/system/script/SYS_PublishManager.js' name='SYS_PublishManager'/>
    <class href='xios/system/script/SYS_PreloadManager.js' name='SYS_PreloadManager'/>
    <class href='xios/system/script/SYS_KeyManager.js' name='SYS_KeyManager'/>
    <class dependencies='true' href='xios/system/script/SYS_ActionHandler.js' name='SYS_ActionHandler'/>
    <class href='xios/system/script/SYS_ActivityFeedManager.js' name='SYS_ActivityFeedManager'/>
    <class href='xios/system/script/SYS_UserManager.js' name='SYS_UserManager'/>
    <class href='xios/system/script/SYS_KeyActionHandler.js' name='SYS_KeyActionHandler'/>
    <class href='xios/system/script/SYS_GroupActionHandler.js' name='SYS_GroupActionHandler'/>
    <class href='xios/system/script/SYS_CommonActionHandler.js' name='SYS_CommonActionHandler'/>
    <class href='xios/system/script/SYS_OfflineManager.js' name='SYS_OfflineManager'/>
    
    <class href='xios/system/script/SYS_SystemConfig.js' name='SYS_SystemConfig'/>
    <class href='xios/system/script/SYS_Config.js' name='SYS_Config'/>

    <class dependencies='true' href='xios/system/script/GUI_Component.js' name='GUI_Component'/>
    <class dependencies='true' href='xios/system/script/GUI_Container.js' name='GUI_Container'/>
    <class href='xios/system/script/SYS_DialogManager.js' name='SYS_DialogManager'/>
    <class href='xios/system/script/GUI_Dialog.js' name='GUI_Dialog'/>
    <class href='xios/system/script/GUI_ActivityIcon.js' name='GUI_ActivityIcon'/>
    <class href='xios/system/script/GUI_DragHandler.js' name='GUI_DragHandler'/>
    <class dependencies='true' href='xios/system/script/SYS_Calendar.js' name='SYS_Calendar'/>
    <class href='xios/system/script/SYS_API.js' name='SYS_API'/>
    <class href='xios/system/script/SYS_Profile.js' name='SYS_Profile'/>
    <class href='xios/system/script/SYS_Friends.js' name='SYS_Friends'/>
    <class href='xios/system/script/SYS_Groups.js' name='SYS_Groups'/>
    <class href='xios/system/script/SYS_Spellcheck.js' name='SYS_Spellcheck'/>
    <class href='xios/system/script/SYS_Locale.js' name='SYS_Locale'/>
    <class href='xios/system/script/SYS_Mail.js' name='SYS_Mail'/>
    <class href='xios/system/script/SYS_Privileged.js' name='SYS_Privileged'/>
    <class dependencies='true' href='xios/system/script/SYS_Context.js' name='SYS_Context'/>
    <class href='xios/system/script/SYS_Spellcheck.js' name='SYS_Spellcheck'/>

    <class href='xios/system/script/SYS_Player.js' name='SYS_Player'/>
    <class href='xios/system/script/SYS_SimplePlayer.js' name='SYS_SimplePlayer'/>
    <class dependencies='true' href='xios/system/script/SYS_Playqueue.js' name='SYS_Playqueue'/>
    <class href='xios/system/script/XML_AtomFactory.js' name='XML_AtomFactory'/>
    <class href='xios/system/script/SYS_GroupsHandler.js' name='SYS_GroupsHandler'/>

    <class href='xios/system/script/SYS_CloudShell.js' name='SYS_CloudShell'/>


    <class dependencies='true' href='xios/system/script/util/ie_emulation.js' name='IEEmulation'/>
    <class href='xios/system/script/util/CanvasExtension.js' name='CanvasExtension'/>
    <class ff='true' href='xios/system/script/util/RangeExtension.js' name='RangeExtension'/>
    <class href='xios/system/selftest/TST_UnitTestManager.js' name='TST_UnitTestManager' noexport='true'/>
  </classes>

  <process>
    <operation group='Communication' name='login' title='Login'>
      <template>
        <operation name='login' value='$channel'>
          <username>{#Login#Username}</username>
          <password>{#Login#Password}</password>
        </operation>
      </template>
    </operation>

    <operation group='Communication' name='channel' title='Create Channel'>
      <template>
        <operation name='channel' value='http://localhost/xcerion/server'>
          <name>xios</name>
          <title>Welcome to XIOS/3</title>
          <port>80</port>
          <interval>5</interval>
          <protocol>WebServices</protocol>
          <offline>use-cache</offline>
          <session>{$session}</session>
          <language>http://xcerion.com/xmlfs.xsd</language>
        </operation>
      </template>
    </operation>

    <operation group='Communication' name='callService' title='Call Service'>
      <template>
        <operation name='callService' value='channel://method/id/@numeric'/>
      </template>
    </operation>



    <operation group='File System' name='filesystem' title='File System'>
      <template title='Create Document'>
        <operation name='filesystem' value=''>
          <create name='newFileName' path='true' rename='true' type='file'>
            <content type='text/xml'>
            </content>
          </create>
        </operation>
      </template>
      <template title='Create Shortcut'>
        
      </template>
      <template title='Create Folder'>
        <operation name='filesystem' value=''>
          <create alias='newFolderName' name='newFolderName' path='true' rename='true' type='folder'/>
        </operation>
      </template>
      <template title='Delete File/Folder'>
        <operation name='filesystem' value='$source'>
          <delete permanent='false' silent='false'/>
        </operation>
      </template>
      <template title='Empty Folder'>
        
      </template>
      <template title='Move File/Folder'>
        <operation name='filesystem' value='$source'>
          <move to='$target'/>
        </operation>
      </template>
      <template title='Copy File'>
        <operation name='filesystem' value='$source'>
          <copy silent='false' to='$target'/>
        </operation>
      </template>
      <template title='Rename File/Folder'>
        <operation name='filesystem' value='$target'>
          <rename to='$newName'/>
        </operation>
      </template>
      <template title='Attach File'>
        <operation name='filesystem' value='$attachment'>
          <attach to='$document'/>
        </operation>
      </template>
      <template title='Detach File'>
        <operation name='filesystem' value='$document'>
          <detach slot='$slotNumber'/>
        </operation>
      </template>
      <template title='Upload File(s)'>
        <operation name='filesystem'>
          <upload to='$target'/>
        </operation>
      </template>
      <template title='Listen'>
        <operation name='filesystem' value='$source'>
          <listen event='' step=''/>
        </operation>
      </template>
      <template title='Unlisten'>
        <operation name='filesystem' value='$source'>
          <unlisten event=''/>
        </operation>
      </template>
      <template title='Restore from Trashcan'>
        <operation name='filesystem' value='$target'>
          <trashcan action='restore'/>
        </operation>
      </template>
      <template title='Set Folder to Trashcan'>
        <operation name='filesystem' value='$target'>
          <trashcan action='set'/>
        </operation>
      </template>
      <template title='Unset Folder as Trashcan'>
        <operation name='filesystem' value='$target'>
          <trashcan action='unset'/>
        </operation>
      </template>
      <template title='Empty Trashcan'>
        <operation name='filesystem' value='$target'>
          <trashcan action='empty' silent='false'/>
        </operation>
      </template>
      <template title='Share'>
        <operation name='filesystem' value='$source'>
          <share useSelection='false'>
            <users/>
            <acl changeACL='0' delete='0' read='1' write='0'/>
            <comment/>
          </share>
        </operation>
      </template>
      <template title='Unshare'>
        <operation name='filesystem'>
          <unshare>
            <packages>
              <package id=''/>
            </packages>
          </unshare>
        </operation>
      </template>
      <template title='Webshare'>
        
      </template>
      <template title='Removem Webshare'>
        
      </template>
      <template title='Publish'>
        <operation name='filesystem' value=''>
          <publish alias=''>
            <expiration>
              <days/>
              <hours/>
              <minutes/>
              <downloads/>
            </expiration>
          </publish>
        </operation>
      </template>
      <template title='Unpublish'>
        <operation name='filesystem'>
          <unPublish id=''/>
        </operation>
      </template>
      <template title='List Available Group Shares'>
        <operation name='filesystem'>
          <listAvailableGroupShares alias='' id=''/>
        </operation>
      </template>
      <template title='Mount'>
        <operation name='filesystem'>
          <mount name=''>
            <group name=''/>
          </mount>
        </operation>
      </template>
      <template title='Modify Folder'>
        <operation name='filesystem' value=''>
          <modifyFolder content='' custom='' listview='' name='' type='' xlink=''/>
        </operation>
      </template>
      <template title='Modify Drive'>
        <operation name='filesystem' value=''>
          <modifyDrive name=''/>
        </operation>
      </template>
      <template title='Add File to Recent List'>
        <operation name='filesystem' value=''>
          <addRecentFile type='$filetype'/>
        </operation>
      </template>
      <template title='Clear Recent List'>
        <operation name='filesystem' value=''>
          <clearRecent/>
        </operation>
      </template>
      <template title='Access Control list(ACL)'>
        <operation name='filesystem' value='$target'>
          <acl changeACL='false' delete='false' read='true' write='false'>
            <group>xios</group>
            <friends/>
          </acl>
        </operation>
      </template>
    </operation>

    <operation group='File System' name='download' title='Download a File'>
      <template>
        <operation name='download' value='url'/>
      </template>
    </operation>

    <operation group='File System' name='save' title='Save Document'>
      <template>
        <operation name='save' value='documentPath'/>
      </template>
    </operation>

    <operation group='File System' name='share' title='Share Window'>
      <template>
        <operation name='share' value='!'>
          <view mode='clone' selections='false' user='user'/>
        </operation>
      </template>
    </operation>

    <operation group='System' name='about' title='About Dialog'>
      <template>
        <operation name='about'/>
      </template>
    </operation>

    <operation group='System' name='import' title='Import Data'>
      <template title='CSV'>
        <operation name='import' value='$dataDoc'>
          <type delimiter=';|,' map='apps/productivity/data/csvMapContacts.xml' name='csv'/>
          <template value='apps/productivity/data/vCard.xml'/>
          <output value='#ImportedContacts'>
            <contacts/>
          </output>
        </operation>
      </template>
      <template title='vcalendar'>
      </template>
      <template title='directory'>
      </template>
      <template title='bookmarks'>
      </template>
    </operation>

    <operation group='System' name='export' title='Export Data'>
      <template>
        <operation name='export' value='!'>
          <type map='apps/productivity/data/csvMapContacts.xml' name='csv'/>
          <template value='apps/productivity/data/vCard.xml'/>
          <output value='documentUrl'/>
        </operation>
      </template>
    </operation>

    <operation group='System' name='config' title='Configuration'>
      <template>
        <operation name='config' value='!'>
          <install/>
        </operation>
      </template>
      <template title='uninstall'/>
      <template title='addWidget'/>
      <template title='restore'/>
      <template title='emailNotification'/>
      <template title='activate'/>
      <template title='deactivate'/>
      <template title='autostart'/>
      <template title='positionDesktopEntry'/>
      <template title='startmenu'/>
      <template title='setProperty'/>
      <template title='getProperty'/>
      <template title='setLanguage'/>
      <template title='startSession'/>
      <template title='endSession'/>
    </operation>

    <operation group='System' name='print' title='Print Document'>
      <template>
        <operation name='print' value='!'>
          <transform type='xsl' value='mytransformer.xsl'/>
        </operation>
      </template>
    </operation>

    <operation group='System' name='confirm' title='Dialogs'>
      <template>
        <operation name='confirm'>
           <type value='input|message|confirm'/>
           <initial/>
           <message/>
           <modal/>
           <title/>
           <icon/>
           <ok step=''/>
           <cancel step=''/>
        </operation>
      </template>
    </operation>

    <operation group='System' name='mail'>
      <template title='Send Mail'>
        <operation name='mail'>
          <send failure='xios://Mail/Outbox' success='xios://Mail/Sent'>
            <header priority='3' subject=''>
              <from name=''/>
              <reply-to name=''/>
              <to/>
              <cc/>
            </header>
            <body type='html'/>
            <attachments/>
          </send>
        </operation>
      </template>
      <template title='Synchronize Mail Accounts'>
        <operation name='mail'>
          <synchronize/>
        </operation>
      </template>
      <template title='Copy Mail'/>
      <template title='Move Mail'/>
      <template title='Delete Mail'/>
    </operation>

    <operation group='System' name='system'>
      <template title='Logout from system'>
        <operation name='system'>
          <logout/>
        </operation>
      </template>
      <template title='Hibernate system'>
        <operation name='system'>
          <savestate logout='true'/>
        </operation>
      </template>
      <template title='Recover hibernated system'>
        <operation name='system'>
          <loadstate alias='stateLoaded'/>
        </operation>
      </template>
      <template title='Copy to system clipboard'/>
      <template title='Toggle topbar'/>
    </operation>

    <operation group='Data' name='bind' title='Bind Data'>
      <template>
        <operation name='bind' value='!'>
          <component name='component' select='' view='view'/>
        </operation>
      </template>
    </operation>

    <operation group='Data' name='create' title='Create Document (Client)'>
      <template>
        <operation name='create' value='newDocument'>
          <template value='OptionalTemplateDocument'/>
        </operation>
      </template>
    </operation>

    <operation group='Data' name='change' title='Change Data'>
      <template>
        <operation name='change' value='!'>
          <store model='none' select='selection' type='append'/>
        </operation>
      </template>
      <template title='Delete data'/>
    </operation>

    <operation group='Data' name='navigate' title='Navigate'>
      <template>
        <operation name='navigate' value='!'>
          <step axis='following' step='1'/>
        </operation>
      </template>
    </operation>

    <operation group='Data' name='foreach' title='For Each'>
      <template>
        <operation name='foreach' value='xios://Applications/#atom:feed/atom:entry'>
          <operation name='call' value='1'/>
        </operation>
      </template>
    </operation>

    <operation group='Data' name='setSelection' title='Set Selection'>
      <template>
        <operation name='setSelection'>
          <component name='' view=''>
            <item select='/*'/>
          </component>
        </operation>
      </template>
    </operation>

    <operation group='Data' name='split' title='Split String'>
      <template>
        <operation name='split' value='!'>
          <document>splitResultDocument</document>
          <token>/</token>
        </operation>
      </template>
    </operation>

    <operation group='Debug' name='debug' title='Debug'>
      <template>
        <operation name='debug' value='!'>alert:plain</operation>
      </template>
      <template title='Browser info'>
        <operation name='debug'>
          <system alias=''/>
        </operation>
      </template>
      <template title='Trace'>
        <operation name='trace' value='protocol'>
          <action dest='' src=''>
            <config/>
          </action>
        </operation>
      </template>
      
    </operation>

    <operation group='GUI' name='action' title='Action'>
      <template>
        <operation name='action' value='viewName'>
          <component action='actionName' name='componentName'/>
        </operation>
      </template>
      
    </operation>

    <operation group='GUI' name='callMethod' title='Call Method'>
      <template>
        <operation name='callMethod' value='#viewName#componentName'>
          <method name='setValue'>
            <param type='string'>value</param>
          </method>
        </operation>
      </template>
    </operation>

    <operation group='Process' name='decision' title='Decision'>
      <template>
        <operation name='decision' value='!'>
          <when step='1' test='xpath'/>
          <otherwise step='1'/>
        </operation>
      </template>
    </operation>

    <operation group='Process' name='close' title='Close'>
      <template>
        <operation name='close' value='application'/>
      </template>
    </operation>

    <operation group='Process' name='call' title='Call Step'>
      <template>
        <operation name='call' value='stepIdentifier'/>
      </template>
    </operation>

    <operation group='Process' name='open' title='Open'>
      <template>
        <operation name='open' value=''>
          <step id=''/>
          <trigger value=''/>
        </operation>
      </template>
      <template title='Open Browser'/>
    </operation>

    <operation group='Process' name='rollBack' title='Roll-Back'>
      <template>
        <operation name='rollBack' value='transactionHistory'/>
      </template>
    </operation>

    <operation group='Groups' name='groups' title='Create Group'>
      <template>
        <operation name='groups' value='groupPath'>
          <create alias='ownerAlias' applicant='open|invite|review|closed' name='' public='public|private' type='group'/>
        </operation>
      </template>
    </operation>

    <operation group='Groups' name='groups'>
      <template title='Rename Group'>
        <operation name='groups' value='groupPath'>
          <rename name='newName'/>
        </operation>
      </template>
      <template title='Delete Group'>
        <operation name='groups' value='groupPath'>
          <delete type='group'/>
        </operation>
      </template>
      <template title='Create Role'>
        <operation name='groups' value='groupPath'>
          <create name='' type='role'/>
        </operation>
      </template>
      <template title='Rename Role'>
        <operation name='groups' value='rolePath'>
          <rename name='newName' type='role'/>
        </operation>
      </template>
      <template title='Delete Role'>
        <operation name='groups' value='rolePath'>
          <delete type='role'/>
        </operation>
      </template>
      <template title='Add Rolemember'>
        <operation name='groups' value='rolePath'>
          <add name='memberAlias' type='rolemember'/>
        </operation>
      </template>
      <template title='Delete Role Member'>
        <operation name='groups' value='roleMemberPath'>
          <delete type='rolemember'/>
        </operation>
      </template>
      <template title='Rename Alias in Group'>
        <operation name='groups' value=''>
          <rename name='newAlias' type='alias'/>
        </operation>
      </template>
      <template title='Invite Users'>
        <operation name='groups' value=''>
          <invite to='groupName'/>
        </operation>
      </template>
      <template title='Join Group/Accept Invite'>
        <operation name='groups'>
          <accept to='groupId'/>
        </operation>
      </template>
      <template title='Leave Group'>
        <operation name='groups' value='groupPath'>
          <leave/>
        </operation>
      </template>
      <template title='Kick Group Member'>
        <operation name='groups' value='groupPath'>
          <kick name='alias' reason=''/>
        </operation>
      </template>
      <template title='Ban Group Member'>
        <operation name='groups' value='groupPath'>
          <ban name='alias' reason=''/>
        </operation>
      </template>
      <template title='Unban Group Member'>
        <operation name='groups' value='groupPath'>
          <unban name='alias' reason=''/>
        </operation>
      </template>
      <template title='Request Membership'>
        <operation name='groups' value='groupPath'>
          <request name='alias' reason=''/>
        </operation>
      </template>
      <template title='Accept Membership Request'>
        <operation name='groups' value='groupPath'>
          <acceptRequest id='' reason=''/>
        </operation>
      </template>
      <template title='Deny Membership Request'>
        <operation name='groups' value='groupPath'>
          <reject id='' reason=''/>
        </operation>
      </template>
      <template title='Add Group Avatar'>
        <operation name='groups' value='{$dropSrc}'>
          <addAvatar height='' left='' to='groupName' top='' width=''/>
        </operation>
      </template>
      <template title='Delete Group Avatar'>
        <operation name='groups'>
          <deleteAvatar group=''/>
        </operation>
      </template>
      <template title='Set Status in Group'>
        <operation name='groups' value='{$mainChannel}'>
          <status message='statusMessage'>Status</status>
        </operation>
      </template>
      <template title='Load User Status'>
        <operation name='groups'>
          <getOnlineStatus alias='' group='' userid=''/>
        </operation>
      </template>
      <template title='join'/>
      <template title='saveMeta'/>
    </operation>

    <operation group='Friends' name='friends' title='Friends'>
      <template title='Accept Request'>
        <operation name='friends' value='groupPath'>
          <accept alias='' id=''/>
        </operation>
      </template>
      <template title='Request'>
        <operation name='friends' value=''>
          <request/>
        </operation>
      </template>
      <template title='Visibility'>
        <operation name='friends' value=''>
          <visibility/>
        </operation>
      </template>
      <template title='Synchronize'>
        <operation name='friends' value=''>
          <synchronize/>
        </operation>
      </template>
      <template title='Remove User'>
        <operation name='friends'>
          <remove user='id'/>
        </operation>
      </template>
      <template title='Rename User'>
        <operation name='friends' value='id'>
          <setname to='name'/>
        </operation>
      </template>
      <template title='Remove Group'>
        <operation name='friends'>
          <remove group='name'/>
        </operation>
      </template>
      <template title='Rename Group'>
        <operation name='friends'>
          <rename group='oldName' name='newName'/>
        </operation>
      </template>
      <template title='Create Group'>
        <operation name='friends'>
          <create name='{$newFolderName}'/>
        </operation>
      </template>
      <template title='Move to Group'>
        <operation name='friends' value='id'>
          <move to='name'/>
        </operation>
      </template>
      <template title='Generate Profile Document'>
        <operation name='friends'>
          <profile alias='' id='profileId' userid=''/>
        </operation>
      </template>
      <template title='message'/>
      <template title='send'/>
      <template title='block'/>
      <template title='unblock'/>
    </operation>

    <operation group='Tenant' name='tenant' title='Tenant'>
      <template title='Create User'>
        <operation name='tenant'>
          <createUser email='' eulaversion='' firstname='' lastname='' password='' responseAlias='' source='' username=''/>
        </operation>
      </template>
      <template title='Delete User'>
        <operation name='tenant'>
          <deleteUser alias='' groupid=''/>
        </operation>
      </template>
    </operation>
    

  </process>


  <components>
    

    <component class='CA_Accordion' container='true' href='xios/ui/Accordion/CA_Accordion.js' name='Accordion' rules='false' tag='accordion' use-rules='false'>
      
      <skin href='xios/ui/Accordion/accordion.xsl'/>
    </component>

    <component class='CA_MenuBar' container='true' href='xios/ui/MenuBar/CA_MenuBar.js' name='Menu Bar' tag='menubar'>
      <skin href='xios/ui/MenuBar/menubar.xsl'/>
    </component>

    <component class='CA_MenuItem' href='xios/ui/MenuItem/CA_MenuItem.js' name='Menu Item' tag='item'/>
    <component class='CA_Menu' container='true' dependencies='true' href='xios/ui/Menu/CA_Menu.js' name='Menu Plate' tag='menu'>
      <skin href='xios/ui/Menu/menu.xsl'/>
    </component>
    <component class='CA_ButtonBox' container='true' href='xios/ui/ButtonBox/CA_ButtonBox.js' name='Button Box' tag='buttonbox'/>
    <component class='CA_ToolBar' container='true' href='xios/ui/ToolBar/CA_ToolBar.js' name='Tool Bar' tag='toolbar'>
      <skin href='xios/ui/ToolBar/toolbar.xsl'/>
    </component>
    <component class='CA_TabStrip' container='true' href='xios/ui/TabStrip/CA_TabStrip.js' name='Tab Strip' rules='true' tag='tabstrip' use-rules='true'>
      
      <skin href='xios/ui/TabStrip/tabstrip.xsl'/>
    </component>

    <component class='CA_Panel' container='true' href='xios/ui/Panel/CA_Panel.js' name='Panel' tag='panel'>
      <skin href='xios/ui/Panel/layout.xsl'/>
      <skin href='xios/ui/Panel/flow.xsl'/>
      <skin href='xios/ui/Panel/form.xsl'/>
      <skin href='xios/ui/Panel/table.xsl'/>
      <skin href='xios/ui/Panel/row.xsl'/>
      <skin href='xios/ui/Panel/column.xsl'/>
    </component>

    <component class='CA_IconList' href='xios/ui/IconList/CA_IconList.js' name='Icon List' rules='true' tag='iconlist' use-rules='true'>
      <skin href='xios/ui/IconList/iconlist.xsl'/>
    </component>

    <component class='CA_Input' href='xios/ui/Input/CA_Input.js' name='Input' tag='input'>
      
      <skin href='xios/ui/Input/input.xsl'/>
    </component>

    <component class='CA_Image' href='xios/ui/Image/CA_Image.js' name='Image' tag='image'>
      <skin href='xios/ui/Image/image.xsl'/>
    </component>

    <component class='CA_Layout' container='true' href='xios/ui/Layout/CA_Layout.js' name='Layout' rules='true' tag='layout' use-rules='true'>
      <skin href='xios/ui/Layout/layout.xsl'/>
    </component>

    <component class='CA_Container' container='true' href='xios/ui/Container/CA_Container.js' name='Container' rules='true' tag='container' use-rules='true'>
      <skin href='xios/ui/Container/container.xsl'/>
    </component>

    <component class='CA_Label' href='xios/ui/Label/CA_Label.js' name='Label' tag='label'>
      <skin href='xios/ui/Label/label.xsl'/>
    </component>

    <component class='CA_Shell' href='xios/ui/Shell/CA_Shell.js' name='shell' tag='shell'>
      <macros>
        <macro description='Component tester' name='sink'>load xios/apps/sink/processes/sink.xml</macro>
      </macros>
      <skin href='xios/ui/Shell/shell.xsl'/>
    </component>

    <component class='CA_RichText' container='true' dependencies='true' href='xios/ui/RichText/CA_RichText.js' name='Rich Text Editor' tag='richtext'>
      <skin href='xios/ui/RichText/richtext.xsl'/>
    </component>
    <component class='CA_TextArea' href='xios/ui/TextArea/CA_TextArea.js' name='Text Area' tag='textarea'>
      <depend class='CA_RichText'/>
      <skin href='xios/ui/TextArea/textarea.xsl'/>
    </component>

    <component class='CA_Breadcrumbs' href='xios/ui/Breadcrumbs/CA_Breadcrumbs.js' name='Breadcrumbs' rules='true' tag='breadcrumbs' use-rules='true'>
      
      <skin href='xios/ui/Breadcrumbs/breadcrumbs.xsl'/>
    </component>

    <component class='CA_FileList' container='true' dependencies='true' href='xios/ui/FileList/CA_FileList.js' name='Filelist' rules='false' tag='filelist' use-rules='false'>
      <depend class='CA_IconList'/>
      <skin href='xios/ui/FileList/filelist.xsl'/>
    </component>

    <component class='CA_Tree' container='false' href='xios/ui/Tree/CA_Tree.js' name='Tree' rules='true' tag='tree' use-rules='false'>
      
      <skin href='xios/ui/Tree/tree.xsl'/>
    </component>

    <component class='CA_Clock' href='xios/ui/Clock/CA_Clock.js' name='Clock' tag='clock' use-rules='true'>
      <skin href='xios/ui/Clock/clock.xsl'/>
    </component>

    <component class='CA_Form' container='true' href='xios/ui/Form/CA_Form.js' name='Form' rules='true' tag='form' use-rules='true'>
      <skin href='xios/ui/Form/form.xsl'/>
    </component>

    <component class='CA_IconMenu' container='true' href='xios/ui/IconMenu/CA_IconMenu.js' name='Side Menu' tag='iconmenu'>
      <depend class='CA_Menu'/>
      
      <skin href='xios/ui/IconMenu/iconmenu.xsl'/>
    </component>
    <component class='CA_IconMenuItem' href='xios/ui/IconMenu/CA_IconMenu.js' name='Menu Item' tag='iconitem'>
      <depend class='CA_MenuItem'/>
    </component>

    <component class='CA_ExpanderMenu' container='true' href='xios/ui/ExpanderMenu/CA_ExpanderMenu.js' name='Menu Plate' tag='expandermenu'>
      <depend class='CA_Menu'/>
      <skin href='xios/ui/ExpanderMenu/expandermenu.xsl'/>
    </component>
    <component class='CA_ExpanderMenuItem' container='true' href='xios/ui/ExpanderMenu/CA_ExpanderMenu.js' name='Menu Item' tag='expanderitem'>
      <depend class='CA_MenuItem'/>
    </component>

    <component class='CA_DataMenuItem' href='xios/ui/DataMenuItem/CA_DataMenuItem.js' name='Data Menu Item' rules='true' tag='dataitem' use-rules='true'/>

    <component class='CA_Grid' container='true' href='xios/ui/Grid/CA_Grid.js' name='Grid' rules='true' tag='grid' use-rules='false'>
      
      <skin href='xios/ui/Grid/grid.xsl'/>
    </component>

    <component class='CA_Button' href='xios/ui/Button/CA_Button.js' name='Button' tag='button'>
      
      <skin href='xios/ui/Button/button.xsl'/>
    </component>

    <component class='CA_Map' href='xios/ui/Map/CA_Map.js' name='Map' rules='true' tag='map' use-rules='true'>
      <key>AIzaSyCvGfUpE85_P_e0_nRqMhmRg-EFYW3aNI8</key>
      <skin href='xios/ui/Map/map.xsl'/>
    </component>

    <component class='CA_Browser' href='xios/ui/Browser/CA_Browser.js' name='Browser' tag='browser'>
      <skin href='xios/ui/Browser/browser.xsl'/>
    </component>

    <component class='CA_Group' container='true' href='xios/ui/Group/CA_Group.js' name='Group' tag='group'/>

    <component class='CA_CheckBox' href='xios/ui/CheckBox/CA_CheckBox.js' name='Check Box' tag='checkbox'>
      
      <skin href='xios/ui/CheckBox/checkbox.xsl'/>
    </component>

    <component class='CA_ComboBox' container='true' href='xios/ui/ComboBox/CA_ComboBox.js' name='Combo Box' tag='combobox'>
      
      <skin href='xios/ui/ComboBox/combobox.xsl'/>
    </component>

    <component class='CA_ComboPlate' href='xios/ui/ComboPlate/CA_ComboPlate.js' name='Combo Box Plate' rules='true' tag='plate' use-rules='true'>
      <plate height='200'/>
    </component>

    <component class='CA_Radio' href='xios/ui/Radio/CA_Radio.js' name='Radio Button' tag='radio'>
      <skin href='xios/ui/Radio/radio.xsl'/>
    </component>

    <component class='CA_Boxlist' container='true' href='xios/ui/Boxlist/CA_Boxlist.js' name='Box list' tag='boxlist'>
      
      <skin href='xios/ui/Boxlist/boxlist.xsl'/>
    </component>

    <component class='CA_Identity' href='xios/ui/Identity/CA_Identity.js' name='Identity Plate' rules='true' tag='identity' use-rules='true'>
      <skin href='xios/ui/Identity/identity.xsl'/>
      <plate height='200'/>
    </component>

    <component class='CA_ListView' href='xios/ui/ListView/CA_ListView.js' name='List View' tag='listview' use-rules='false'>
      <skin href='xios/ui/ListView/listview.xsl'/>
    </component>

    <component class='CA_Render' dependencies='true' href='xios/ui/Render/CA_Render.js' name='Render' tag='render'>
      <depend class='CA_RichText'/>
      <skin href='xios/ui/Render/render.xsl'/>
    </component>

    <component class='CA_Calendar' href='xios/ui/Calendar/CA_Calendar.js' name='Calendar' rules='true' tag='calendar' use-rules='true'>
      
      <skin href='xios/ui/Calendar/calendar.xsl'/>
    </component>

    <component class='CA_Color' href='xios/ui/Color/CA_Color.js' name='Color' tag='color'>
      
      <skin href='xios/ui/Color/color.xsl'/>
    </component>

    <component class='CA_Slider' container='true' href='xios/ui/Slider/CA_Slider.js' name='Slider' tag='slider'>
      
      <skin href='xios/ui/Slider/slider.xsl'/>
    </component>

    <component class='CA_Date' href='xios/ui/Date/CA_Date.js' name='Date' tag='date'>
      
      <skin href='xios/ui/Date/date.xsl'/>
    </component>

    <component class='CA_List' href='xios/ui/List/CA_List.js' name='List' tag='list'>
      
      <skin href='xios/ui/List/list.xsl'/>
    </component>

    <component class='CA_CodeEditor' href='xios/ui/CodeEditor/CA_CodeEditor.js' name='CodeEditor' tag='codeeditor'>
      <skin href='xios/ui/CodeEditor/codeeditor.xsl'/>
      <dependencies>
        <class href='xios/ui/CodeEditor/CE_HighlightXML.js'/>
        <class href='xios/ui/CodeEditor/CE_HighlightCSS.js'/>
      </dependencies>
    </component>


    <component class='CA_AppDesigner' href='xios/ui/AppDesigner/CA_AppDesigner.js' name='Application Designer' tag='appdesigner' use-rules='false'>
      <skin href='xios/ui/AppDesigner/appdesigner.xsl'/>
    </component>
    <component class='CA_Media' href='xios/ui/Media/CA_Media.js' name='Media' rules='true' tag='media' use-rules='true'>
      <skin href='xios/ui/Media/media.xsl'/>
    </component>

    <component class='CA_TinyMCE' href='xios/ui/TinyMCE/CA_TinyMCE.js' name='tinymce' tag='tinymce'>
      <skin href='xios/ui/TinyMCE/tinymce.xsl'/>
    </component>
    <component class='CA_Upload' href='xios/ui/Upload/CA_Upload.js' name='upload' tag='upload'>
      <skin href='xios/ui/Upload/upload.xsl'/>
    </component>
    <component class='CA_Bush' container='true' href='xios/ui/Bush/CA_Bush.js' name='Bush' rules='true' tag='bush' use-rules='true'>
      
      <skin href='xios/ui/Bush/bush.xsl'/>
    </component>
  </components>


  
  
  <trace bg1='#333333' bg2='#222222' c1='#66ff00' c2='#66ff00' scope='temp'/>
</system>