<?xml version="1.0"?>

<view name="About" title="" author="Caspar Raarup" look="alert" taskbar="false" iconbar="false" alwaysontop="true"
             created="2010-08-03" revised="2013-02-21" position="center" resize="false" winstate="false" height="240" width="500">
  <panel name="content" look="transparent" padding="0" type="row" width="490">
    <label name="version" color="#fff" width="150" style="margin: auto 0px auto 180px; font-size: 10px; padding-top: 20px;"></label>
    <textarea name="text" enabled="false" width="270" height="100%" look="white" style="margin: 5px 0px 0px 178px; background-color:transparent; border: 0; overflow:auto; color:#fff; font-family: Tahoma; font-size: 10px;"></textarea>
  </panel>
  <panel name="copyrightPanel" position="top" type="row" top="177" left="182" style="padding-right: 15px;">
    <textarea name="copyright" enabled="false" width="100%" height="60" look="white" style="background-color:transparent; border: 0; overflow:auto; color:#fff; font-family: Tahoma; font-size: 10px;"></textarea>
  </panel>
  <panel name="titlePanel" position="top" type="row" top="26" left="185">
    <label name="about" color="#fff" style="font-family: Tahoma; font-size: 18px;"></label>
  </panel>
  <panel name="logoPanel" position="top" type="row" top="20" left="30" align="left">
    <image src="icon://xios/xios3" size="128" name="logo"/>
  </panel>
  <panel name="companyLogoPanel" position="top" type="row" top="160" left="25" width="140" height="35">
    <image src="xios/gui/img/xios2.png" scale="false" name="companyLogo"/>
  </panel>
</view>
