<?xml version="1.0"?>
<application xmlns:xlink="http://www.w3.org/1999/xlink" xmlns:l="http://xios3.com/lang" name="Word Converter" icon="xios/icons/applications/32x32/document_out.png" instances="0">
  <settings>
    <path>xios/apps/system</path>
    <home>xios://Documents</home>
    <localedir>locale/applications</localedir>
  </settings>
  <about loader="true" version="1.10" created="2008-11-12" revised="2010-02-01" author="Marcus Bristav, Goran Panic" copyright="Copyright © 2018 XIOS/3 AB. All rights reserved." publisher="CloudTop">
    <description>Converts Microsoft Word files into richtext (Write Compatible)</description>
    <license xlink:type="simple" xlink:actuate="onRequest" xlink:href="https://xios3.com/license/xios_1.xml">XIOS.1</license>
    <installed>2008-11-12</installed>
  </about>
  <resources>
    <item name="convertProgress">
      <view author="Goran Panic" height="80" title=" " position="center" name="convertProgress" resize="false" titlebar="false" width="200" winstate="false" mode="widget">
        <panel height="100%" width="100%" padding="5" type="row" style="border: 1px solid #222222; background-color: #707070;" skin="xios/apps/system/layout/progressGradient.xml" look="progressbackground">
          <panel height="100%" padding="10" width="100%" valign="middle" type="column">
            <image name="image" width="32" height="32" src="/xios/gui/img/wait_black.gif"/>
            <label bold="true" default="Converting Document..." font="tahoma" height="100%" name="label" size="8pt" style="color: #ffffff; letter-spacing: 1;" width="100%" l:default="Converting Document..."/>
          </panel>
        </panel>
      </view>
    </item>
  </resources>
  <access>
  </access>
  <view xlink:actuate="onLoad" name="WordConv" title="Word Converter" author="Marcus Bristav, Goran Panic" created="2008-11-12" revised="2010-02-01" icon="xios/icons/applications/16x16/document_out.png" height="430" look="blue" mode="default" opacity="100" position="default" width="500" minHeight="50" minWidth="145" winstate="false" l:title="Word Converter">
    <panel name="rootPanel" type="row" height="100%" width="100%" scroll="false">
      <panel height="40" look="white" name="paneltop" type="row" padding="5" width="auto">
        <panel type="column" height="70" width="100%" look="white" padding="5">
          <panel type="row" width="100%">
            <label name="label1" default="Microsoft Word Converter" style="font-family: Tahoma; font-size: 16pt; padding: 5px; " l:default="Microsoft Word Converter"/>
            <label name="label2" default="Choose a Word document to convert into Write compatible RichText Format" style="padding: 5px;padding-left: 7px;" l:default="chooseDocumentConvertWrite"/>
          </panel>
          <panel padding="5">
            <image name="appicon" src="xios/icons/applications/48x48/document_out.png" height="48" width="48"/>
          </panel>
        </panel>
      </panel>
      <panel name="topCont" type="row" height="100%" width="100%" padding="4" style="border-top: 1px solid #000000; border-bottom: 1px solid #000000;" look="gradient3">
        <panel name="informationRow" type="row" padding="5">
          <label name="labelWordExplanation" default="Currently we only convert Microsoft Word 97-2003 (.doc) documents" look="bold" l:default="currentlyOnlyWord97-2003"/>
        </panel>
        <panel name="locationRow" type="column" padding="5">
          <input name="location" width="360" look="graphite" label="File to convert" l:label="File to convert"/>
          <button name="buttonbrowse" width="80" text="Browse..." style="margin-top:17px;" l:text="Browse..."/>
        </panel>
        <panel name="CommentRow" type="row" padding="5">
          <input name="resultNameInput" width="360" look="graphite" label="Output file location and name" l:label="Output file location and name"/>
        </panel>
        <panel name="detailsRow" type="row" width="100%" height="120" padding="5">
        </panel>
      </panel>
      <panel name="bottomCont" type="column" padding="0" look="white">
        <panel align="left" height="40" padding="5" type="flow" width="100">
          <!--<image name="helpIcon" src="xios/icons/applications/24x24/help2.png" type="link" width="24" height="24"/>-->
        </panel>
        <panel align="right" height="40" name="panel2" padding="5" tree-expanded="true" type="flow" width="auto">
          <button name="buttonOk" width="80" text="Convert" default="true" l:text="Convert"/>
          <button name="buttonCancel" width="80" text="Cancel" l:text="Cancel"/>
        </panel>
      </panel>
    </panel>
  </view>
  <process xmlns:atom="http://www.w3.org/2005/Atom" xmlns:dc="http://xcerion.com/directory.xsd" xmlns:ni="http://xcerion.com/noindex.xsd" xmlns:fs="http://xcerion.com/folders.xsd" xlink:actuate="onLoad" step="1" name="Word Converter" description="Word Converter" created="2008-11-12" revised="2008-11-12" author="Marcus Bristav, Goran Panic">

    <!-- View -->
    <trigger view="WordConv" component="buttonOk" event="Select" step="checkConvert"/>
    <trigger view="WordConv" component="buttonCancel" event="Select" step="closeview"/>
    <trigger view="WordConv" component="buttonbrowse" event="Select" step="findFile"/>
    <trigger view="WordConv" component="helpIcon" event="Select" step="openHelp"/>

    <!-- Dialog -->
    <trigger view="folderDialog" component="OK" event="Select" step="closeAlert"/>

    <step id="1">
      <alias name="trigger" value="!"/>
      <alias name="doc" value="$trigger" model="value"/>
      <operation name="call" value="setValues">
        <param name="file" value="{$trigger}"/>
      </operation>

      <alias name="src" value="{{$doc}/.meta#/atom:entry/atom:content/@src}"/>
    </step>

    <step id="checkConvert">
      <alias name="destFolder" value="folderpath(#WordConv#resultNameInput.getValue())" model="value"/>
      <operation name="decision">
        <when test="'{folderexist({$destFolder})}' = 'true'" step="convert"/>
        <otherwise step="invalidFolderPath"/>
      </operation>
    </step>

    <step id="convert">
      <operation name="action" value="#WordConv">
        <component name="buttonOk" action="disable"/>
        <component name="buttonCancel" action="disable"/>
      </operation>
      <operation name="open" value="#convertProgress"/>
      <alias name="folderName" value="{folderpath(#WordConv#location.getValue())}"/>
      <alias name="newDocPath" value="{#WordConv#resultNameInput.getValue()}"/>

      <operation name="trace" value="wordToRTF">
        <action src="{#WordConv#location.getValue()}" dest="{$newDocPath}"/>
      </operation>
      <!-- open converted document -->
      <operation name="open" value="apps/write/write.xml">
        <trigger value="{$newDocPath}"/>
      </operation>
      <operation name="call" value="closeview"/>
    </step>

    <step id="findFile" name="Open File Dialog">
      <alias name="lOpen" value="get-label('Open')"/>
      <alias name="lSelect" value="get-label('Select')"/>
      <alias name="lCancel" value="get-label('Cancel')"/>
      <alias name="selectedFileURL" model="browse">
        <dialog title="{$lOpen}" folder="{$main}://Documents">
          <label name="ok">{$lSelect}</label>
          <label name="cancel">{$lCancel}</label>
          <type mime="application/msword"/>
        </dialog>
      </alias>
      <operation name="call" value="setValues">
        <param name="file" value="{$selectedFileURL}"/>
      </operation>
    </step>

    <step id="setValues" name="set the values to the input fields">
      <operation name="callMethod" value="#WordConv#location">
        <method name="setValue">
          <param type="string">{$file}</param>
        </method>
      </operation>
      <alias name="filenameSuggestion" value="replace('{$file}','\.doc','.xml')" model="value"/>
      <operation name="callMethod" value="#WordConv#resultNameInput">
        <method name="setValue">
          <param type="string">{$filenameSuggestion}</param>
        </method>
      </operation>
    </step>

    <step id="closeview" name="Close this view file">
      <operation name="close" value="WordConv"/>
      <operation name="action" value="#WordConv">
        <component name="buttonOk" action="enable"/>
        <component name="buttonCancel" action="enable"/>
      </operation>
      <operation name="callMethod" value="#WordConv#location">
        <method name="setValue">
          <param type="string"/>
        </method>
      </operation>
      <operation name="callMethod" value="#WordConv#resultNameInput">
        <method name="setValue">
          <param type="string"/>
        </method>
      </operation>
      <operation name="close" value="convertProgress"/>
    </step>

    <step id="invalidFolderPath">
      <operation name="open" value="xios/apps/system/dialog.xml">
        <name>folderDialog</name>
      </operation>
      <alias name="textTitle" value="get-label('Illegal folder')"/>
      <alias name="textDialog" value="get-label('notEnterValidFolder')"/>
      <alias name="textOK" value="get-label('OK')"/>
      <operation name="callMethod" value="#folderDialog">
        <method name="setTitle">
          <param type="string">{$textTitle}</param>
        </method>
      </operation>
      <operation name="callMethod" value="#folderDialog#Label">
        <method name="setValue">
          <param type="string">{$textDialog}</param>
        </method>
      </operation>
      <operation name="callMethod" value="#folderDialog#OK">
        <method name="setValue">
          <param type="string">{$textOK}</param>
        </method>
      </operation>
      <operation name="action" value="#folderDialog">
        <component name="Cancel" action="hide"/>
      </operation>
      <operation name="callMethod" value="#folderDialog#Label">
        <method name="activate"/>
      </operation>
    </step>

    <step id="closeAlert">
      <operation name="close" value="folderDialog"/>
    </step>

    <step id="openHelp" name="Open Word Converter Help">
      <alias name="trig" value="apps/help/data/xyz.xml" model="define">
        <selection><item select="/section[1]"/></selection>
      </alias>

      <operation name="open" value="xios/apps/help/helpapp.xml">
        <trigger value="$trig"/>
      </operation>
    </step>
  </process>
</application>
