<?xml version="1.0"?>

<application name="Application Debugger" icon="xios/icons/development/16x16/bug_green.png" instances="0" xmlns:xlink="http://www.w3.org/1999/xlink">
  <share>false</share>
  <about loader="false" version="1.00" created="2010-01-14" revised="2010-01-14"
      author="Caspar Raarup" copyright="Copyright © 2018 XIOS/3 AB. All rights reserved."
      publisher="XIOS/3">
    <description>Step debug an application</description>
    <license xlink:type="simple" xlink:actuate="onRequest" xlink:href="https://xios3.com/license/xios_1.xml">XIOS.1</license>
    <installed>2009-01-12</installed>
  </about>
  <resources/>

  <view xmlns:l="http://xios3.com/lang" name="Debugger" title="Debugger" author="Peter Wahlgren, Caspar Raarup" created="2009-11-10" revised="2021-09-17" minHeight="500" minWidth="665"
      mode="window" taskbar="false" position="center" height="500" width="800" icon="icon://development/bug_green" resize="true" xlink:actuate="onLoad">
    <panel type="row" look="transparent" height="100%" padding="5" width="100%">
      <panel name="splitPanel" height="100%" width="100%" type="column">
        <panel type="row" height="100%" width="45%" style="border-bottom: 1px solid #dddddd;">
          <tabstrip name="tabstrip" width="100%" height="100%">
            <panel name="traceTab" selected="true" title="Trace" height="100%" width="100%" type="row" padding="5">
              <grid width="100%" height="100%" name="traceGrid" selection="row" inset="true" sorting="false">
                <row match="step">
                  <column name="stepName" match="@id" display="." label="Step id" width="100%"/>
                  <column name="eventTrace" match="@event" display="." label="Event" width="200"/>
                  <column name="stepTime" match="@time" display="." label="Time (ms)" width="100"/>
                  <!--<column name="stepCaller" match="@caller" display="." label="Called From step" width="130"/>-->
                </row>
              </grid>
              <button name="ClearTrace" text="Clear Trace" width="110"/>
            </panel>
            <panel name="breakTab" title="Breakpoints" height="100%" width="100%" type="row" padding="5">
              <grid name="breakGrid" width="100%" height="100%" selection="row" inset="true">
                <row match="step" width="100%" height="20">
                  <column match="@break" name="breakStep" display="." label="Break?" width="40"/>
                  <column match="." display="." name="breakStepName" label="Step id" width="150"/>
                  <column match="@description" display="." name="breakStepDesc" label="Description" width="100%"/>
                </row>
                <rule match="step/@break">
                  <checkbox name="breakStepBox" title="Click to mark breakpoint"/>
                </rule>
              </grid>
              <checkbox name="breakOnAll" title="Break on all" label="Break on All" width="200"/>
            </panel>
            <panel name="good2KnowTab" title="Info" height="100%" width="100%" type="row" padding="10">
              <textarea name="good2knowText" height="100%" width="100%" wrap="hard" enabled="false" style="border:0"/>
            </panel>
          </tabstrip>
        </panel>
        <panel type="row" height="100%" width="55%" style="border-bottom: 1px solid #dddddd;">
          <tabstrip name="tabstrip2" width="100%" height="100%">
            <panel name="CodeTabStrip" selected="true" title="Code" height="100%" width="100%" type="row" padding="5">
              <textarea name="codeeditor" mode="xml" height="100%" width="100%" wrap="off" enabled="false" style="border:0"/>
            </panel>
            <panel name="aliasTab" title="Aliases" height="100%" width="100%" type="row" padding="5">
              <grid width="100%" height="100%" name="aliasGrid" selection="row" inset="true">
                <row match="alias">
                  <column name="aliasName" match="." display="." label="Alias" width="25%"/>
                  <column name="aliasValue" match="@value" display="." label="Value" width="25%"/>
                  <column name="aliasXpath" match="@xpath" display="." label="Xpath" width="25%"/>
                  <column name="aliasDoc" match="@dataDoc" display="." label="Datadoc" width="25%"/>
                </row>
              </grid>
            </panel>
            <panel name="optTab" title="Suggestions" height="100%" width="100%" type="row" padding="5">
              <button name="RunOpt" text="Scan for Improvements" width="180"/>
              <panel name="hideShowOpt" type="row" width="100%" height="100%">
                <label name="header1" width="100%" height="20" default="Steps that may not be used in process"/>
                <grid name="unusedStepsGrid" width="100%" height="100%" selection="row" inset="true">
                  <row match="step" width="100%" height="20">
                    <column match="." name="unusedStepName" display="." label="Step id" width="100%"/>
                  </row>
                </grid>
              </panel>
            </panel>
          </tabstrip>
        </panel>
      </panel>
      <panel type="flow" width="100%" height="36" colspan="2" align="right">
        <button name="RunStep" text="Run Step" width="80" default="true"/>
        <!--<button name="StepInto" text="Step into" width="80"/>
      <button name="StepOut" text="Step out" width="80"/>
      <button name="StepOver" text="Step over" width="80"/>
        <button name="Stop" text="Stop" width="80"/> -->
      </panel>
    </panel>
  </view>

  <process name="Debugger Process" description="Application debugger Process" author="Caspar Raarup" xlink:actuate="onLoad"
    xmlns:atom="http://www.w3.org/2005/Atom"
    xmlns:dc="http://xcerion.com/directory.xsd"
    xmlns:fi="http://xcerion.com/fileinfo.xsd"
    xmlns:fs="http://xcerion.com/folders.xsd"
    xmlns:ni="http://xcerion.com/noindex.xsd"
    xmlns:xlink="http://www.w3.org/1999/xlink"
    >

    <trigger view="Debugger" event="Newstep" step="enableRunStepButton"/>
    <trigger view="Debugger" event="UpdatedAliases" step="updateAliasGrid"/>

    <!--Alot of the code can be found in SYS_Context.js, SYS_Context_launchDebugger
        Which is also uses for running this application-->

    <step id="1" name="Init">
      <operation name="create" value="#good2know">
        <good2know>
&#8226; The alias list is only updated if you break a step. The alias list will then show you all aliases and their values BEFORE the step has been executed.

&#8226; The time each step takes is not reliable if you break a step. The break time will be added to the total result.

&#8226; Activating multiple triggers at the same time can also sometimes result in strange behaviour. If the debug catches something, please debug the case the whole way before doing something else.
        </good2know>
      </operation>
      <operation name="bind" value="#good2know">
        <component view="Debugger" name="good2knowText"/>
      </operation>
    </step>

    <step id="enableRunStepButton" name="Enables the run step button">
      <operation name="action" value="#Debugger">
        <component name="RunStep" action="enable"/>
      </operation>
      <operation name="callMethod" value="#Debugger#traceGrid">
        <method name="selectLastRow"/>
      </operation>
    </step>

    <step id="updateAliasGrid" name="">
      <operation name="callMethod" value="#Debugger#aliasGrid">
        <method name="update"/>
      </operation>
    </step>

  </process>

</application>
