<?xml version="1.0"?>

<view xmlns:l="http://xios3.com/lang" name="Dialog" l:title="System Dialog" title="System Dialog" author="Daniel Arthursson" created="2006-11-16" revised="2009-12-22" minHeight="50" minWidth="145"
      alwaysontop="true" mode="window" look="alert" taskbar="false" position="center" height="200" width="465" icon="icon://speech_balloon_answer" resize="true" winstate="false">
  <style>
    #Label span {
      width: 400px;
      text-overflow: ellipsis;
    }
    #Label_text {
      width: 100% !important;
      overflow: hidden;
    }
  </style>
  <panel type="row" look="transparent" height="100%" padding="5" width="100%">
    <panel type="flow" height="100%" width="100%" style="border-bottom: 0px solid #ddd;">
      <panel type="row" height="50" width="100%" style="padding:10px 10px 10px 22px;">
        <label name="Label" default="&#160;" width="400" style="letter-spacing: 1;" font="tahoma" size="10pt" bold="false"/>
        <input name="input" width="" hide="true" style="margin-top: 10px;"/>
      </panel>
    </panel>
    <panel type="flow" width="100%" height="36" colspan="2" align="right">
      <button look="alert" name="OK" text="OK" l:text="OK" width="80" default="true"/>
      <button look="alert" name="Cancel" text="Cancel" l:text="Cancel" width="80"/>
      <button look="alert" name="Abort" hide="true" text="Abort" l:text="Abort" width="110"/>
    </panel>
  </panel>
</view>
