<?xml version="1.0"?>
<application xmlns:xlink="http://www.w3.org/1999/xlink" xmlns:l="http://xios3.com/lang" name="Document Explorer" icon="xios/gui/icons/32x32/cloud_drive.png" instances="0" theme="marble">
  <share>false</share>
  <settings>
    <path>xios://</path>
  </settings>
  <about loader="false" version="1.10" revised="2021-02-12" created="2004-03-17" author="Daniel Rönnelin, Daniel Arthursson, Christer Byström, Caspar Raarup" copyright="Copyright © 2021 XIOS/3 AB. All rights reserved." publisher="XIOS/3 AB">
    <description>Document Explorer provides access to the virtual file system</description>
    <license xlink:type="simple" xlink:actuate="onRequest" xlink:href="https://xios3.com/license/xios_1.xml">XIOS.1</license>
    <installed>2007-10-01</installed>
  </about>
  <resources>
    <item name="zipProgress">
      <view height="80" width="240" position="center" name="zipProgress" title="Zip Progress" resize="false" titlebar="false" winstate="false" mode="widget">
        <panel name="prow" height="80" width="240" type="row">
          <shape name="bg" type="roundrect" height="80" width="100%" r="0.1" stroke="#000" opac="0.7" fill="#444" fillopac="0.9" alpha="0.9">
            <panel name="pcol" height="80" width="240" padding="10" type="column" style="margin-top: 16px;">
              <image name="image" width="32" height="32" style="margin-top: 0;" src="/xios/gui/img/wait_black.gif"/>
              <label bold="true" default="Compressing file(s)..." font="tahoma" height="100%" name="label" size="8pt" style="color: #fff; letter-spacing: 1;" width="100%" l:default="Compressing file(s)..."/>
            </panel>
          </shape>
        </panel>
      </view>
    </item>
  </resources>
  <process step="1" xlink:type="simple" xlink:actuate="onLoad" xlink:href="xios/apps/system/processes/de.xml"/>
  <view xlink:type="simple" xlink:actuate="onLoad" xlink:href="xios/apps/system/views/de.xml"/>
</application>
