<?xml version="1.0"?>

<view xmlns:l="http://xios3.com/lang" name="Download" title="Download to local computer" l:title="Download to local computer" author="Andreas Forsén" revised="2010-01-21" created="2008-02-27"
             splash="false" version="1.10" copyright="Copyright © 2018 XIOS/3 AB. All rights reserved." publisher="CloudTop"
             height="110" width="300" icon="icon://question" resize="false" winstate="false">
  <style>
  div.download {
    background-color    : #fff;
    background-image    : url(gui/img/Button.png);
    background-repeat   : repeat-x;
    background-position : 0 -2;
    border              : solid;
    border-color        : #ddd #222 #222 #ddd;
    border-width        : 0 1px;
    height              : 16px;
  }

  div.download a{
    margin-top          : -3px;
  }
  div.download a:link,
  div.download a:visited,
  div.download a:active,
  div.download a:hover {
    border              : 1px solid;
    border-color        : #ddd #222 #222 #ddd;
    border-width        : 1px 0;
    color               : #fff;
    display             : block;
    font-family         : tahoma, sans-serif;
    font-size           : 12px;
    font-weight         : bold;
    padding             : 2px 7px;
    text-align          : center;
    text-decoration     : none;
  }
  div.download a:hover {
    border-color        : #ddd #000 #000 #bbb;
  }
  </style>
  <panel type="row" height="100%" padding="10">
    <render name="helpView" href="xios/apps/system/layout/download.xsl" width="100%" height="30"/>
    <panel type="flow" width="100%" height="40" colspan="2" align="right">
      <button text="Cancel" l:text="Cancel" name="Cancel" width="80"/>
    </panel>
  </panel>
</view>
