<?xml version="1.0"?>

<application name="Document Selector" xmlns:l="http://xios3.com/lang" icon="icon://hard_drive" instances="0" xmlns:xlink="http://www.w3.org/1999/xlink" xmlns:atom="http://www.w3.org/2005/Atom" xmlns:fs="http://xcerion.com/folders.xsd">
  <settings>
    <path>xios://</path>
  </settings>
  <share>false</share>
  <about loader="false" version="1.10" revised="2010-01-15" created="2004-03-17"
      author="Daniel Arthursson, Christer Byström, Tobias Engström" copyright="Copyright © 2018 XIOS/3 AB. All rights reserved."
      publisher="CloudTop">
    <description>Document Selector used by system to select documents</description>
    <license xlink:type="simple" xlink:actuate="onRequest" xlink:href="https://xios3.com/license/xios_1.xml">XIOS.1</license>
    <installed>2007-10-01</installed>
  </about>
  <resources/>

  <view name="DS" xlink:type="simple" xlink:actuate="onLoad" title="Document Selector" focus="documentName" modal="true" alwaysontop="true" height="370" width="610" minHeight="370" minWidth="610" icon="icon://hard_drive">
    <menu name="contentMenu">
      <item name="cView" l:text="View" text="View" submenu="viewmodes"/>
      <divider/>
      <item name="cNewFolder" icon="xios/icons/applications/16x16/folder_new.png" l:text="New Folder" text="New Folder"/>
    </menu>

    <menu name="contextMenu">
      <item name="cRename" l:text="Rename" text="Rename"/>
      <item name="cDelete" icon="icon://delete" l:text="Delete" text="Delete"/>
    </menu>

    <menu name="viewmodes">
      <item name="viewThumbs" l:text="Thumbnails" text="Thumbnails" group="viewmode"/>
      <item name="viewIcons" l:text="Icons" text="Icons" group="viewmode"/>
      <item name="viewList" l:text="List" text="List" group="viewmode"/>
      <item name="viewDetails" l:text="Details" text="Details" group="viewmode"/>
    </menu>

    <toolbar name="toolbar" position="top" width="100%" draggable="false">
      <group name="Navigation">
        <buttonbox name="up" icon="xios/icons/applications/24x24/folder_out.png" l:text="Parent folder" text="Parent folder" l:title="Move one folder level up" title="Move one folder level up"/>
        <buttonbox name="upload" icon="xios/icons/applications/24x24/folder_up.png" l:text="Upload" text="Upload" l:title="uploadDesc" title="Upload file to virtual disk"/>
      </group>
      <group name="Creation" align="right">
        <buttonbox name="newFolder" icon="xios/icons/applications/24x24/folder_new.png" l:text="New Folder" text="New Folder" l:title="Create New Folder" title="Create New Folder"/>
      </group>
      <group name="Settings">
        <buttonbox name="view" icon="xios/gui/icons/24x24/window_display.png" l:text="View" text="View" l:title="Select directory listing view" title="Select directory listing view" submenu="viewmodes"/>
      </group>
    </toolbar>

    <layout name="root" width="100%" height="100%" type="column" look="transparent">
      <layout name="FolderPanel" width="180" height="fill" type="row" style="border-right: 1px solid #beb79d; background: #fff; /*background: linear-gradient(to bottom, #fff, #638ade);*/">
        <bush name="folderTree" hover="false" width="fill" height="fill" focusnew="false" style="padding-left:5px; padding-top: 5px;" sort="ascending" sortproperty="display" l:wait="Please Wait..." wait="Please Wait...">
          <rule match="drives">
            <item l:display="My Cloud OS" display="My Cloud OS" icon="gui/icons/16x16/cloudtop.png"/>
          </rule>
          <rule match="drive[not(@hidden = 'true')][writeLocked != 'true']">
            <item display="{concat(@friendly,' (',@name,':)')}" icon="xios/gui/icons/16x16/cloud_drive.png"/>
          </rule>
          <rule match="*[local-name() = 'folder' and namespace-uri() = 'http://xcerion.com/folders.xsd']">
            <item display="{@name}" renamepath="@name" icon="icon://folder" draggable="true"/>
          </rule>
        </bush>
      </layout>
      <layout name="rightHolder" width="fill" height="fill" type="row">
        <filelist name="content" width="fill" height="fill" scroll="true" paging="more" hover="false" partialupdate="true" iconsize="32" lasso="false" multipleselect="false" layout="list" deselect="true" sort="ascending" sortproperty="name" style="background-color:#fff;"/>
        <layout name="bottomHolder" width="fill" height="90" type="column" padding="5">
          <layout name="inputPanel" width="fill" height="80" type="row">
            <label name="docNameLabel" default="Document Name" l:default="Document Name" font="tahoma" size="11" bold="true"/>
            <input name="documentName" width="100%"/>
            <label name="docTypeLabel" default="Document Type" l:default="Document Type" font="tahoma" size="11" bold="true" margin="3px 0 0 0"/>
            <combobox name="documentFilter" width="100%" height="22" editable="false">
              <plate name="filterPlate" height="30">
                <rule match="filter">
                  <item value="{@value}">{text()}</item>
                </rule>
              </plate>
            </combobox>
          </layout>
          <layout name="buttonHolder" width="85" height="90" type="row" padding="12px 0 0 5px">
            <button name="open" width="80" l:text="Open" text="Open" l:title="Open Document" title="Open Document" hide="true" height="26"/>
            <button name="save" width="80" l:text="Save" text="Save" l:title="Save Changes" title="Save Changes" hide="true"/>
            <button name="cancel" width="80" l:text="Cancel" text="Cancel" l:title="Cancel And Exit" title="Cancel And Exit" margin="14px 0 0 0"/>
          </layout>
          <!--
          Hidden components for SYS_Context to grab.
          TODO: This is ugly, but we need it to work NOW! /CB
          -->
          <layout name="hiddenHolder" hide="true">
            <button name="doOpen" width="80" l:text="Open" text="Open"/>
            <button name="doSave" width="80" l:text="Open" text="Open"/>
            <input name="url"/>
          </layout>
        </layout>
      </layout>
    </layout>
  </view>

  <process name="DS" xlink:type="simple" xlink:actuate="onLoad">
    <!--    <trigger view="DS" event="Close" step="clearCache"/>-->
    <trigger view="DS" event="Escape" step="closeView"/>
    <trigger view="DS" event="Opened" step="appOpened"/>

    <!-- Folder Tree -->
    <trigger view="DS" component="folderTree" event="Select" step="treeSelected"/>
    <trigger view="DS" component="folderTree" event="Drop"   step="handleDropTree"/>
    <trigger view="DS" component="folderTree" event="Delete" step="treeDelete"/>

    <!-- Filelist -->
    <trigger view="DS" component="content" event="Select"      step="contentSelected"/>
    <trigger view="DS" component="content" event="ContextMenu" step="contentContext"/>
    <trigger view="DS" component="content" event="Menu"        step="contentMenu"/>
    <trigger view="DS" component="content" event="Delete"      step="contentDelete"/>
    <trigger view="DS" component="content" event="DoubleClick" step="contentOpen"/>

    <!-- Toolbar -->
    <trigger view="DS" component="up"        event="Select" step="parentFolder"/>
    <trigger view="DS" component="upload"    event="Select" step="upload"/>
    <trigger view="DS" component="newFolder" event="Select" step="newFolder"/>
    <trigger view="DS" component="cancel"    event="Select" step="closeView"/>

    <!-- Menus -->
    <trigger view="DS" component="cNewFolder"  event="Select" step="newFolder"/>
    <trigger view="DS" component="cRename"     event="Select" step="renameItem"/>
    <trigger view="DS" component="cDelete"     event="Select" step="contentDelete"/>
    <trigger view="DS" component="viewDetails" event="Select" step="setViewDetail"/>
    <trigger view="DS" component="viewThumbs"  event="Select" step="setViewThumbs"/>
    <trigger view="DS" component="viewList"    event="Select" step="setViewList"/>
    <trigger view="DS" component="viewIcons"   event="Select" step="setViewIcon"/>

    <!-- Buttons / Inputs -->
    <trigger view="DS" component="open"           event="Select" step="contentOpen"/>
    <trigger view="DS" component="save"           event="Select" step="save"/>
    <trigger view="DS" component="documentFilter" event="Select" step="loadFilter"/>
    <trigger view="DS" component="documentName"   event="Key"    step="checkFileLine"/>
    <trigger view="DS" component="documentName"   event="Return" step="save"/>

    <!-- Dialogs -->
    <trigger view="DSDialog" component="OK"     event="Select" step="221"/>
    <trigger view="DSDialog" component="Cancel" event="Select" step="222"/>

    <step id="1">
      <alias name="NS_FS" value="http://xcerion.com/folders.xsd"/>
      <alias name="filters" value="!#/options/filters"/>
      <alias name="selectedFilter" value="!#{!#/options/@selected}"/>
      <alias name="mainChannel" value="{#DriveManager#/drives/drive[@main = 'true']/@name}" />
      <alias name="folder" value="{=( '{$folder}'=='' ? '{{$mainChannel}://}' : '{$folder}')}" model="value"/>
      <!-- Matches everything except the last slash with 2 cases, when it's only a drive or a complete path -->
      <alias name="startFolder" value="={'{$folder}'.match(/[\s\S]+(?:(?!\/).(?!\/\/)|\/(?=\/)(?!\/.))/)}"/>
      <alias name="startFolder" value="{$startFolder}/" model="value"/>
      <alias name="mode" value="$mode"/>
    </step>

    <step id="appOpened">
      <operation name="decision">
        <when test="'{$mode}' = 'save'">
          <operation name="action" value="#DS">
            <component name="save" action="show"/>
          </operation>
          <operation name="callMethod" value="#DS#save">
            <method name="setValue">
              <param type="string">{=('{$textOK}' ? '{$textOK}' : '{get-label('Save')}')}</param>
            </method>
          </operation>
        </when>
        <otherwise>
          <operation name="action" value="#DS">
            <component name="open" action="show"/>
          </operation>
          <operation name="callMethod" value="#DS#open">
            <method name="setValue">
              <param type="string">{=('{$textOK}' ? '{$textOK}' : '{get-label('Open')}')}</param>
            </method>
          </operation>
        </otherwise>
      </operation>

      <operation name="callMethod" value="#DS#cancel">
        <method name="setValue">
          <param type="string">{=('{$textCancel}' ? '{$textCancel}' : '{get-label('Cancel')}')}</param>
        </method>
      </operation>

      <operation name="callMethod" value="#DS">
        <method name="setTitle">
          <param type="string">{=('{$textTitle}' ? '{$textTitle}' : '{$title}')}</param>
        </method>
      </operation>

      <operation name="decision">
        <when test="'{$lock}' = 'true'">
          <operation name="action" value="#DS">
            <component name="FolderPanel" action="hide"/>
            <component name="inputPanel" action="hide"/>
            <component name="descriptionPanel" action="show"/>
            <component name="toolbar" action="hide"/>
          </operation>
          <operation name="decision" >
            <when test="'{$description}' != ''">
              <operation name="callMethod" value="#DS#descriptionLabel">
                <method name="setValue">
                  <param type="string">{$description}</param>
                </method>
              </operation>
            </when>
          </operation>
        </when>
      </operation>

      <operation name="decision">
        <when test="'{$hideCreate}' = 'true'">
          <operation name="action" value="#DS">
            <component name="newFolder" action="hide"/>
            <component name="CNewFolder" action="disable"/>
          </operation>
        </when>
      </operation>

      <operation name="bind" value="$filters">
        <component view="DS" name="filterPlate"/>
      </operation>

      <operation name="callMethod" value="#DS#documentFilter">
        <method name="setValue">
          <param type="string">{$selectedFilter#@value}</param>
        </method>
      </operation>

      <operation name="callMethod" value="#DS#content">
        <method name="setFilter">
          <param type="string">{#DS#documentFilter}</param>
          <param type="boolean">true</param>
        </method>
      </operation>
      <alias name="preventViewUpdate" value="true"/>
      <operation name="call" value="setViewMode"/>
      <alias name="preventViewUpdate" value="false"/>

      <operation name="bind" value="#DriveManager">
        <component view="DS" name="folderTree" select="/"/>
      </operation>
      <operation name="setSelection" value="{$main}://folders.xml">
        <component view="DS" name="folderTree">
          <item select="//fs:folder[@path = '{$startFolder}']"/>
        </component>
      </operation>

      <operation name="decision">
        <when test="'{$filename}' != ''">
          <operation name="callMethod" value="#DS#documentName">
            <method name="setValue">
              <param type="string">{$filename}</param>
            </method>
          </operation>
        </when>
      </operation>

      <operation name="action" value="#DS">
        <component name="documentName" action="activate"/>
      </operation>
    </step>

    <step id="setViewMode">
      <operation name="decision">
        <when test="'{$view}' = 'thumbnails'">
          <operation name="callMethod" value="#DS#viewThumbs">
            <method name="setSelect">
              <param type="string">true</param>
            </method>
          </operation>
          <operation name="call" value="setViewThumbs"/>
        </when>
        <when test="'{$view}' = 'icons'">
          <operation name="callMethod" value="#DS#viewIcons">
            <method name="setSelect">
              <param type="string">true</param>
            </method>
          </operation>
          <operation name="call" value="setViewIcon"/>
        </when>
        <when test="'{$view}' = 'details'">
          <operation name="callMethod" value="#DS#viewDetails">
            <method name="setSelect">
              <param type="string">true</param>
            </method>
          </operation>
          <operation name="call" value="setViewDetail"/>
        </when>
        <otherwise>
          <operation name="callMethod" value="#DS#viewList">
            <method name="setSelect">
              <param type="string">true</param>
            </method>
          </operation>
          <operation name="call" value="setViewList"/>
        </otherwise>
      </operation>
    </step>

    <step id="loadFilter">
      <operation name="callMethod" value="#DS#content">
        <method name="setFilter">
          <param type="string">{#DS#documentFilter}</param>
        </method>
      </operation>
    </step>


    <!-- To be used when server supports multitype filtering with or -->
    <!--    <step id="getFolderFilter">
      <alias name="folderFilter" model="value" value=""/>
      <operation name="split" value="{#DS#documentFilter}">
        <value>use</value>
        <document>#typeSplit</document>
        <token>,</token>
      </operation>
      <operation name="foreach" value="#typeSplit#/split/item">
        <alias name="splitType" model="value" value="{!}"/>
        <operation name="split" value="$splitType">
          <value>use</value>
          <document>#sortSplit</document>
          <token><![CDATA[|]]></token>
        </operation>
        <operation name="decision" value="#sortSplit">
          <when test="/split/item[1] != ''">
            <alias name="folderFilter" model="value" value="{$folderFilter} type:{#sortSplit#/split/item[1]}"/>
          </when>
        </operation>
        <operation name="decision" value="#sortSplit">
          <when test="/split/item[2] != ''">
            <alias name="folderFilter" model="value" value="{$folderFilter} namespace:{#sortSplit#/split/item[2]}"/>
          </when>
        </operation>
        <operation name="decision" value="#sortSplit">
          <when test="/split/item[3] != ''">
            <alias name="folderFilter" model="value" value="{$folderFilter} root:{#sortSplit#/split/item[3]}"/>
          </when>
        </operation>
      </operation>
    </step>-->

    <step id="treeDelete">
      <operation name="filesystem" value="#DS#folderTree">
        <delete permanent="false" silent="false"/>
      </operation>
    </step>

    <step id="contentDelete">
      <operation name="filesystem" value="#DS#content">
        <delete permanent="false" silent="false"/>
      </operation>
    </step>

    <step id="handleDropTree" name="handleDropTree">
      <alias name="dropSource" value="!"/>
      <alias name="dropTarget" value="#DS#folderTree"/>
      <operation name="filesystem" value="$dropSource">
        <move to="{$dropTarget}" silent="false"/>
      </operation>
    </step>

    <step id="contentSelected">
      <operation name="decision" value="#DS#content">
        <when test="'{$folderCreateFlag}' = 'true'"/>
        <when test="local-name() = 'entry'">
          <operation name="callMethod" value="#DS#documentName">
            <method name="setValue">
              <param type="string">{#DS#content#atom:title}</param>
            </method>
          </operation>
          <operation name="call" value="enableOpen"/>
        </when>
        <when test="(local-name() = 'folder' or local-name()='drive') and '{$mode}' != 'save'">
          <operation name="call" value="clearInput"/>
          <operation name="call" value="enableOpen"/>
        </when>
        <otherwise step="disableOpenClear"/>
      </operation>
    </step>

    <step id="enableOpen">
      <operation name="action" value="#DS">
        <component name="open" action="enable"/>
      </operation>
    </step>

    <step id="disableOpenClear">
      <operation name="action" value="#DS">
        <component name="open" action="disable"/>
      </operation>
      <operation name="decision">
        <when test="'{$mode}' != 'save'" step="clearInput"/>
      </operation>
    </step>

    <step id="clearInput">
      <operation name="callMethod" value="#DS#documentName">
        <method name="setValue">
          <param type="string"></param>
        </method>
      </operation>
    </step>

    <step id="checkFileLine" name="Disable/Enable open button depending on content of #DS#documentName">
      <operation name="decision">
        <when test="'{#DS#documentName}' = ''">
          <operation name="action" value="#DS">
            <component name="open" action="disable"/>
          </operation>
        </when>
        <otherwise step="enableOpen"/>
      </operation>
    </step>

    <step id="treeSelected">
      <alias name="folder" value="!"/>
      <operation name="call" value="disableOpenClear"/>
      <operation name="call" value="loadContent"/>
    </step>

    <step id="loadContent">
      <operation name="decision" value="#DS#folderTree">
        <when test="local-name() = 'drives'">
          <alias name="contentData" value="#DriveManager"/>
          <operation name="action" value="#DS">
            <component name="up" action="disable"/>
            <component name="upload" action="disable"/>
            <component name="newFolder" action="disable"/>
          </operation>
        </when>
        <otherwise>
          <alias name="contentData" value="{#DS#folderTree#@path}?count=1000"/>
          <operation name="action" value="#DS">
            <component name="up" action="enable"/>
            <component name="upload" action="enable"/>
            <component name="newFolder" action="enable"/>
          </operation>
        </otherwise>
      </operation>
      <operation name="bind" value="$contentData">
        <component view="DS" name="content" select="/"/>
      </operation>
    </step>

    <step id="parentFolder">
      <operation name="callMethod" value="#DS#folderTree">
        <method name="navBack"/>
      </operation>
    </step>

    <step id="setViewDetail">
      <operation name="callMethod" value="#DS#content">
        <method name="setIconSize">
          <param type="string">16</param>
          <param type="boolean">true</param>
        </method>
        <method name="setLayout">
          <param type="string">columns</param>
          <param type="boolean">{$preventViewUpdate}</param>
        </method>
      </operation>
    </step>

    <step id="setViewList">
      <operation name="callMethod" value="#DS#content">
        <method name="setIconSize">
          <param type="string">16</param>
          <param type="boolean">true</param>
        </method>
        <method name="setLayout">
          <param type="string">list</param>
          <param type="boolean">{$preventViewUpdate}</param>
        </method>
      </operation>
    </step>

    <step id="setViewIcon">
      <operation name="callMethod" value="#DS#content">
        <method name="setIconSize">
          <param type="string">32</param>
          <param type="boolean">true</param>
        </method>
        <method name="setLayout">
          <param type="string">icon</param>
          <param type="boolean">{$preventViewUpdate}</param>
        </method>
      </operation>
    </step>

    <step id="setViewThumbs">
      <operation name="callMethod" value="#DS#content">
        <method name="setIconSize">
          <param type="string">48</param>
          <param type="boolean">true</param>
        </method>
        <method name="setLayout">
          <param type="string">miniature</param>
          <param type="boolean">{$preventViewUpdate}</param>
        </method>
      </operation>
    </step>

    <step id="closeView">
      <operation name="close" value="DS"/>
    </step>

    <step id="upload">
      <operation name="filesystem">
        <upload to="{#DS#folderTree#@path}"/>
      </operation>
    </step>

    <step id="contentOpen">
      <operation name="call" value="contentSelected"/>
      <operation name="decision" value="#DS#content">
        <when test="local-name() = 'entry'">
          <operation name="decision">
            <when test="'{$mode}' = 'save'" step="save"/>
            <otherwise step="open"/>
          </operation>
        </when>
        <when test="(local-name() = 'folder' or local-name() = 'drive') and '{$lock}' != 'true'" step="setFolder"/>
      </operation>
    </step>

    <step id="save" name="Do save, so that javascript catches event">
      <operation name="call" value="getCurrentDocumentSave"/>
      <!--
          TODO: This is ugly, but we need it to work NOW! /CB
          -->
      <!-- set url to hidden input field -->
      <operation name="callMethod" value="#DS#url">
        <method name="setValue">
          <param type="string">{$curFile}</param>
        </method>
      </operation>

      <operation name="decision">
        <when test="'{$curPath}'='-'" step="cantSaveInRoot"/>
        <when test="'{$curFilename}'!=''" step="93"/>
      </operation>
    </step>

    <step id="open" name="Do open, so that javascript catches event">
      <operation name="call" value="getCurrentDocumentOpen"/>
      <!--
          TODO: This is ugly, but we need it to work NOW! /CB
          -->
      <operation name="decision" value="#DS#folderTree">
        <when test="local-name()='drives'" step="finishRoot"/>
        <when test="'{$itemType}'='folder'" step="finishFolder"/>
        <otherwise step="finishDocument"/>
      </operation>

      <!-- select hidden button -->
      <operation name="action" value="#DS">
        <component name="doOpen" action="select"/>
      </operation>
    </step>

    <step id="setFolder">
      <operation name="setSelection"  value="{$main}://folders.xml">
        <component view="DS" name="folderTree">
          <item select="//*[local-name()='folder' and namespace-uri()='{$NS_FS}' and @id='{#DS#content#@id}'] | //*[@name='{#DS#content#@name}' and local-name(..)='drives']" eval="false"/>
        </component>
      </operation>
    </step>

    <step id="finishDocument">
      <!-- set url to hidden input field -->
      <operation name="callMethod" value="#DS#url">
        <method name="setValue">
          <param type="string">{$curFile}</param>
        </method>
      </operation>
    </step>

    <step id="finishRoot">
      <!-- set url to hidden input field -->
      <operation name="callMethod" value="#DS#url">
        <method name="setValue">
          <param type="string">{#DS#content#@name}://</param>
        </method>
      </operation>
    </step>

    <step id="finishFolder">
      <!-- set url to hidden input field -->
      <operation name="callMethod" value="#DS#url">
        <method name="setValue">
          <param type="string">{$curFile}{#DS#content#@name}/</param>
        </method>
      </operation>
    </step>

    <step id="cantSaveInRoot" name="Prompt use that he can't save in root">
      <alias name="param1" value="get-label('Can't save to &apos;My Cloud OS&apos;')" model="value"/>
      <alias name="param2" value="get-label('pleaseSaveToFolderChannel', 'name:{#DriveManager#/drives/drive[@main = 'true']/@friendly}')." model="value"/>
      <alias name="param3" value="get-label('OK')" model="value"/>
      <alias name="param4" value="" model="value"/>
      <alias name="param5" value="warning" model="value"/>
      <operation name="call" value="dialogPrompt"/>
    </step>

    <step id="93" name="check if name contains invalid characters">
      <operation name="decision">
        <when test="contains('{#DS#documentName}', '/')" step="invalidName"/>
        <when test="contains('{#DS#documentName}', '\')" step="invalidName"/>
        <when test="contains('{#DS#documentName}', '*')" step="invalidName"/>
        <when test="contains('{#DS#documentName}', '&lt;')" step="invalidName"/>
        <when test="contains('{#DS#documentName}', '&gt;')" step="invalidName"/>
        <when test="contains('{#DS#documentName}', '|')" step="invalidName"/>
        <when test="contains('{#DS#documentName}', '[')" step="invalidName"/>
        <when test="contains('{#DS#documentName}', ']')" step="invalidName"/>
        <when test="contains('{#DS#documentName}', '#')" step="invalidName"/>
        <when test="contains('{#DS#documentName}', '(')" step="invalidName"/>
        <when test="contains('{#DS#documentName}', ')')" step="invalidName"/>
        <when test="contains('{#DS#documentName}', '?')" step="invalidName"/>
        <when test="contains('{#DS#documentName}', '&amp;')" step="invalidName"/>
        <when test="contains('{#DS#documentName}', '%')" step="invalidName"/>
        <otherwise step="checkfilenameCollisios"/>
      </operation>
    </step>

    <step id="invalidName" name="alert 'invalid name'">
      <alias name="param1" value="Invalid Document name" model="value"/>
      <alias name="param2" value="A Document name cannot contain any of the following characters: \/*?&lt;&gt;|[]&apos;()&amp;%&quot; Please select a new name." model="value"/> <!-- TODO the #-sign should also be in the string  -->
      <alias name="param3" value="OK" model="value"/>
      <alias name="param4" value="" model="value"/>
      <alias name="param5" value="warning" model="value"/>
      <operation name="call" value="dialogPrompt"/>
    </step>

    <step id="checkfilenameCollisios" name="Check filename collisions">
      <operation name="decision" value="$curFile">
        <when exists="true" step="94"/>
        <otherwise step="99"/>
      </operation>
    </step>

    <step id="94" name="Ask to overwrite">
      <alias name="param1" value="get-label('Overwrite file?')" model="value"/>
      <alias name="param2" value="get-label('Overwrite this file?', 'filePath:{$curFile}')" model="value"/>
      <alias name="param3" value="get-label('Yes')" model="value"/>
      <alias name="param4" value="get-label('No')" model="value"/>
      <alias name="param5" value="99" model="value"/>
      <alias name="param6" value="" model="value"/>
      <operation name="call" value="dialogAsk"/>
    </step>

    <step id="99" name="Really save">
      <!-- select hidden button -->
      <operation name="action" value="#DS">
        <component name="doSave" action="select"/>
      </operation>
    </step>

    <step id="getCurrentDocumentOpen">
      <alias name="curFilename" value="{#DS#documentName}" model="value"/>
      <operation name="decision">
        <when test="'{$curFilename}' = ''">
          <alias name="curFilename" value="{#DS#content#atom:title}" model="value"/>
        </when>
      </operation>

      <operation name="call" value="getCurrentDocument"/>
    </step>

    <step id="getCurrentDocumentSave">
      <alias name="curFilename" value="{#DS#documentName}" model="value"/>
      <operation name="decision">
        <when test="contains('{$curFilename}', '.')"/>
        <otherwise>
          <alias name="mime" value="substring('{#DS#documentFilter}', 'endString:|')"/>
          <alias name="fileEnding" value="file-ending-for-mime({$mime})"/>
          <alias name="curFilename" value="{$curFilename}{$fileEnding}"/>
        </otherwise>
      </operation>
      <operation name="call" value="getCurrentDocument"/>
    </step>

    <step id="getCurrentDocument" name="getCurrentDocument, called by getCurrentDocumentOpen and getCurrentDocumentSave">
      <operation name="call" value="getCurrentPath"/>

      <!--    <operation name="debug" value="getCurrentDocument: current path is : {$curPath}, and file is {$curFilename}"/> -->

      <operation name="decision">
        <when test="substring-after('{$curPath}','://') = ''" step="getCurrentDocumentInRoot"/>
        <otherwise step="getCurrentDocumentFurtherDown"/>
      </operation>
      <!--   <operation name="debug" value="Current file is: {$curFile}"/>  -->
    </step>

    <step id="getCurrentDocumentInRoot" name="getCurrentDocumentInRoot">
      <!--    <operation name="debug" value="getCurrentDocumentInRoot"/>  -->
      <!-- get file name -->
      <alias name="curFile" model="define">
        <value>{$curPath}{$curFilename}</value>
      </alias>
    </step>

    <step id="getCurrentDocumentFurtherDown" name="getCurrentDocumentFurtherDown">
      <!-- get file name -->
      <!--    <operation name="debug" value="getCurrentDocumentFurtherDown"/>  -->
      <alias name="curFile" model="define">
        <value>{$curPath}{$curFilename}</value>
      </alias>
    </step>


    <!--
    FUNCTION: getCurrentPath

    returns: curPath: current path in the form xios://my/path
  -->

    <step id="getCurrentPath" name="getCurrentPath">
      <alias name="curPath" value="{#DS#folderTree#@path}" model="value"/>
    </step>

    <!--
    END FUNCTION
    -->

    <!--
    BEGIN FUNCTION getListViewItemType

    retval: 'folder' is folder, 'document' if document
  -->

    <step id="getListViewItemType" name="getListViewItemType">
      <alias name="errorstep" value="getListViewItemType" model="value"/>

      <operation name="call" value="getCurrentPath"/>
      <alias name="retval" value="error" model="value"/>

      <operation name="decision">
        <when test="'{#DS#content#*[local-name() = 'title']/text()}' != ''" step="231"/>
        <!-- document -->
        <when test="'{#DS#content#@name}' != ''" step="232"/>
        <!-- folder -->
      </operation>
    </step>

    <step id="checkForFileOrFolder" name="Checks if file or folder exists at the given path in #documentName">
      <operation name="decision" value="{$curPath}{#DS#documentName}">
        <!--check if documenName has a valid name. if it has, use this-->
        <when exists="true">
          <operation name="decision">
            <when test="'{{{$curPath}{#DS#documentName}/.meta}#atom:entry/atom:title}' != ''" step="231"/>
            <!-- document -->
            <otherwise step="setListviewToDocumentNameFolder"/>
            <!-- folder -->
          </operation>
        </when>
      </operation>
    </step>

    <step id="setListviewToDocumentNameFolder" name="This is used for setting the listview to the same folder as the documentName is pointing to">
      <alias name="retval" value="folder" model="value"/>
      <!--checks if last character is slash or else add it-->
      <alias name="matchSlash" value="{#DS#documentName}" model="string">
        <match regex="/"/>
      </alias>
      <operation name="decision">
        <when test="'{$matchSlash}' = ''">
          <alias name="docNameOrPath" value="{#DS#documentName}/"/>
        </when>
        <otherwise>
          <alias name="docNameOrPath" value="{#DS#documentName}"/>
        </otherwise>
      </operation>
      <!--this is needed because setFolderFromListView gets all its values from listview when wanting to open a folder.-->
      <operation name="setSelection"  value="{$main}://folders.xml">
        <component view="DS" name="folderTree">
          <item select="//*[local-name()='folder' and namespace-uri()='{$NS_FS}' and @path = '{$curPath}{$docNameOrPath}']" eval="false"/>
        </component>
      </operation>
    </step>

    <step id="231" name="Item is document">
      <alias name="retval" value="document" model="value"/>
    </step>

    <step id="232" name="Item is folder">
      <alias name="retval" value="folder" model="value"/>
    </step>


    <!--
    BEGIN FUNCTION dialogAsk(textTitle, textDialog, textOK, textCancel, stepOK, stepCancel, [ icon ])

    retval: -
  -->

    <step id="dialogAsk" name="dialogAsk">
      <alias name="textTitle" value="{$param1}" model="value"/>
      <alias name="textDialog" value="{$param2}" model="value"/>
      <alias name="textOK" value="{$param3}" model="value"/>
      <alias name="textCancel" value="{$param4}" model="value"/>
      <alias name="stepOK" value="{$param5}" model="value"/>
      <alias name="stepCancel" value="{$param6}" model="value"/>
      <alias name="icon" value="{$param7}" model="value"/>

      <!-- todo: move dialog ??? -->
      <operation name="open" value="xios/apps/system/dialog.xml">
        <name>DSDialog</name>
      </operation>

      <!-- set dialog title -->
      <operation name="callMethod" value="#DSDialog">
        <method name="setTitle">
          <param type="string">{$textTitle}</param>
        </method>
      </operation>

      <!-- set dialog text -->
      <operation name="callMethod" value="#DSDialog#Label">
        <method name="setValue">
          <param type="string">{$textDialog}</param>
        </method>
      </operation>

      <alias name="lOK" value="get-label('OK')"/>
      <operation name="callMethod" value="#DSDialog#OK">
        <method name="setValue">
          <param type="string">{=('{$textOK}' ? '{$textOK}' : '{$lOK}')}</param>
        </method>
      </operation>

      <alias name="lCancel" value="get-label('Cancel')"/>
      <operation name="callMethod" value="#DSDialog#Cancel">
        <method name="setValue">
          <param type="string">{=('{$textCancel}' ? '{$textCancel}' : '{$lCancel}')}</param>
        </method>
      </operation>

      <operation name="call" value="dialogSetIcon"/>

      <!-- bug workaround, but it doesn't work =/ -->
      <operation name="callMethod" value="#DSDialog#Label">
        <method name="activate"/>
      </operation>
    </step>

    <step id="221" name="Dialog OK">
      <operation name="call" value="223"/>
      <!--    <operation name="debug" value="Dialog OK: going to step {$stepOK}"/>  -->
      <operation name="call" value="{$stepOK}"/>
    </step>

    <step id="222" name="Dialog Cancel">
      <operation name="call" value="223"/>
      <!--    <operation name="debug" value="Dialog Cancel: going to step {$stepCancel}"/>  -->
      <operation name="decision">
        <when test="'{$stepCancel}'!=''" step="{$stepCancel}"/>
      </operation>
    </step>

    <step id="223" name="Close dialog">
      <operation name="close" value="DSDialog"/>
    </step>

    <step id="dialogSetIcon">
      <operation name="decision">
        <when test="'{$icon}'='question'" step="dialogSetIconQuestion"/>
        <when test="'{$icon}'='error'" step="dialogSetIconError"/>
        <when test="'{$icon}'='warning'" step="dialogSetIconWarning"/>
        <otherwise step="dialogSetIconQuestion"/>
      </operation>
    </step>

    <step id="dialogSetIconQuestion" name="Icon question">
      <operation name="callMethod" value="#DSDialog">
        <method name="setIcon">
          <param type="string">xios/icons/applications/48x48/question_and_answer.png</param>
        </method>
      </operation>
    </step>

    <step id="dialogSetIconWarning" name="Icon Warning">
      <operation name="callMethod" value="#DSDialog">
        <method name="setIcon">
          <param type="string">xios/icons/applications/48x48/warning.png</param>
        </method>
      </operation>
    </step>

    <step id="dialogSetIconError" name="Icon Error">
      <operation name="callMethod" value="#DSDialog">
        <method name="setIcon">
          <param type="string">xios/icons/applications/48x48/error.png</param>
        </method>
      </operation>
    </step>

    <step id="dialogPrompt" name="DialogPrompt">
      <alias name="textTitle" value="{$param1}" model="value"/>
      <alias name="textDialog" value="{$param2}" model="value"/>
      <alias name="textOK" value="{$param3}" model="value"/>
      <alias name="stepOK" value="{$param4}" model="value"/>
      <alias name="icon" value="{$param5}" model="value"/>

      <!-- todo: move dialog ??? -->
      <operation name="open" value="xios/apps/system/dialog.xml">
        <name>DSDialog</name>
      </operation>

      <!-- set dialog title -->
      <operation name="callMethod" value="#DSDialog">
        <method name="setTitle">
          <param type="string">{$textTitle}</param>
        </method>
      </operation>

      <!-- set dialog text -->
      <operation name="callMethod" value="#DSDialog#Label">
        <method name="setValue">
          <param type="string">{$textDialog}</param>
        </method>
      </operation>

      <operation name="callMethod" value="#DSDialog#OK">
        <method name="setValue">
          <param type="string">{$textOK}</param>
        </method>
      </operation>

      <operation name="action" value="#DSDialog">
        <component name="Cancel" action="hide"/>
      </operation>

      <operation name="callMethod" value="#DSDialog#Label">
        <method name="activate"/>
      </operation>

      <operation name="call" value="dialogSetIcon"/>
    </step>

    <step id="newFolder">
      <alias name="folderCreateFlag" value="true"/>
      <operation name="call" value="disableOpenClear"/>
      <operation name="filesystem" value="#DS#folderTree">
        <create type="folder" name="New Folder" rename="true" alias="newFolderName"/>
      </operation>
      <operation name="close" value="$contentData">
        <mode>document</mode>
      </operation>
      <operation name="call" value="loadContent"/>
      <operation name="setSelection">
        <component view="DS" name="content">
          <item select="/atom:feed/fs:folder[@name='{$newFolderName}']" eval="false"/>
        </component>
      </operation>
      <operation name="callMethod" value="#DS#content">
        <method name="rename"/>
      </operation>
    </step>

    <step id="contentContext">
      <operation name="decision" value="#DS#content">
        <when test="local-name() = 'folder' or local-name() = 'entry' and not(@system = 'trashcan')">
          <operation name="action" value="#DS">
            <component name="contextMenu" action="open"/>
          </operation>
        </when>
      </operation>
    </step>

    <step id="contentMenu">
      <operation name="action" value="#DS">
        <component name="contentMenu" action="open"/>
      </operation>
    </step>

    <step id="renameItem">
      <operation name="callMethod" value="#DS#content">
        <method name="rename"/>
      </operation>
    </step>

    <step id="clearCache">
      <alias name="trig" value="#ProcessManager" model="define">
        <selection>
          <item select="/processes/process[@name = 'DS']"/>
        </selection>
      </alias>
      <operation name="close" value="xios/apps/system/dsapp.xml">
        <mode>document</mode>
      </operation>
      <operation name="close" value="$trig">
        <mode>process</mode>
      </operation>
    </step>

  </process>
</application>
