<?xml version="1.0"?>

<view author="Christer Bystrom" height="80" width="200" position="center" name="PB" title="Progress Bar" resize="false" titlebar="false" winstate="false" mode="widget" xmlns:atom="http://www.w3.org/2005/Atom" xmlns:l="http://xios3.com/lang">
  <panel name="prow" height="80" width="200" type="row">
    <shape name="bg" type="roundrect" height="80" width="100%" r="0.1" stroke="#000000" opac="0.7" fill="#444444" fillopac="0.9" alpha="0.9">
      <panel name="pcol" height="80" width="200" padding="10" type="column" style="margin-top:16px;">
        <image name="image" width="32" height="32" style="margin-top:0;" src="/xios/gui/img/wait_black.gif"/>
        <label name="label" default="Moving item(s)" height="100%" width="100%" bold="true" font="tahoma" size="8pt" style="color:#ffffff; letter-spacing:1; padding-top:8px;" l:default="Moving Item(s)"/>
      </panel>
    </shape>
  </panel>
</view>
