<?xml version="1.0"?>

<application name="Find and Replace" icon="xios/icons/applications/16x16/find.png" instances="0" xmlns:xlink="http://www.w3.org/1999/xlink">
  <about loader="false" version="1.10" revised="2009-12-22" created="2007-09-14"
      author="Glenn Stenbring, Larrie Rocha" copyright="Copyright © 2018 XIOS/3 AB. All rights reserved."
      publisher="CloudTop">
    <description>Find and Replace used by applications to find or replace strings.</description>
    <license xlink:type="simple" xlink:actuate="onRequest" xlink:href="https://xios3.com/license/xios_1.xml">XIOS.1</license>
    <installed>2009-01-08</installed>
  </about>
  <resources>
  </resources>
  <view xlink:type="simple" xlink:actuate="onRequest" xlink:href="xios/apps/system/views/findReplace.xml"/>
  <process step="1" xlink:type="simple" xlink:actuate="onLoad" xlink:href="xios/apps/system/processes/findReplace.xml"/>
</application>
