<?xml version="1.0"?>

<application name="Folder Properties" icon="xios/icons/applications/32x32/folder_preferences.png" instances="0"
    xmlns:xlink="http://www.w3.org/1999/xlink"
    xmlns:l="http://xios3.com/lang">
  <share>false</share>
  <settings>
    <path>xios://</path>
  </settings>
  <about loader="false" version="1.11" revised="2010-03-10" created="2007-09-27"
      author="Christer Byström" copyright="Copyright © 2018 XIOS/3 AB. All rights reserved."
      publisher="CloudTop">
    <description>Properties Dialog for Folders</description>
    <license xlink:type="simple" xlink:actuate="onRequest" xlink:href="https://xios3.com/license/xios_1.xml">XIOS.1</license>
    <installed>2008-05-19</installed>
  </about>

  <resources>
  </resources>

  <view name="FP" look="marble" resize="false" l:title="Folder Properties" title="Folder Properties" author="Christer Bystrom"
      height="336" width="430" icon="icon://applications/folder_preferences" winstate="false">
    <panel type="row" height="100%" padding="5">
      <tabstrip name="tabProperties">
        <panel name="tab_general" l:title="General" title="General" height="210" selected="true" padding="5">
          <listview hide="true" name="driveData" href="xios/apps/system/listviews/drive.xsl"/>
          <panel name="folderForm" type="form" cols="2" label-align="left" width="100%" label-pos="left" style="margin-top: 10px;">
            <row>
              <input width="280" name="Folder" l:label="Folder" label="Folder"/>
            </row>
            <line look="graphite"/>
            <row>
              <label name="Type" l:label="Folder Type" label="Folder Type" l:default="Folder" default="Folder"/>
            </row>
            <row>
              <panel l:label="Folder View" label="Folder View" type="column">
                <combobox name="View" width="250" editable="true">
                  <plate name="ViewPlate" height="150">
                    <item value=""><l:text>Default</l:text></item>
                    <item value="xios/apps/system/listviews/documents_thumbnails.xsl"><l:text>Thumbnails</l:text></item>
                    <item value="xios/apps/system/listviews/documents_icons.xsl"><l:text>Icons</l:text></item>
                    <item value="xios/apps/system/listviews/documents_list.xsl"><l:text>List</l:text></item>
                    <item value="xios/apps/system/listviews/documents_small.xsl"><l:text>Details</l:text></item>
                    <item value="custom"><l:text>Browse...</l:text></item>
                  </plate>
                </combobox>
                <image name="browseView" src="xios/icons/applications/24x24/folder.png" height="24" width="24" l:title="Browse for ListView" title="Browse for ListView" style="margin-left: 5px" type="link"/>
                <!--
        <input name="View" label="Default&#160;View" default="N/A" enabled="false"/>
        -->
              </panel>
            </row>
            <line look="graphite"/>
            <row>
              <label name="Location" l:label="Location" label="Location" l:default="N/A" default="N/A"/>
            </row>
            <line look="graphite"/>
            <row>
              <label name="Created" l:label="Created" label="Created" l:default="N/A" default="N/A"/>
            </row>
            <row>
              <label name="Modified" l:label="Modified" label="Modified" l:default="N/A" default="N/A"/>
            </row>
          </panel>
        </panel>

        <panel name="tab_acl" l:title="Security" title="Security" height="210" padding="5" type="row">
          <grid width="100%" height="100%" name="ACL" selection="row" inset="true">
            <row match="user|group">
              <column name="User" match="." display="local-name()" l:label="Object type" label="Object type" width="70"/>
              <column name="objectInfo" match="@objectInfo" display="." l:label="Object" label="Object" width="90"/>
              <column name="Read" match="@read" display="." l:label="Read" label="Read" width="50"/>
              <column name="Write" match="@write" display="." l:label="Write" label="Write" width="50"/>
              <column name="Delete" match="@delete" display="." l:label="Delete" label="Delete" width="50"/>
              <column name="EditACL" match="@changeACL" display="." l:label="Edit ACL" label="Edit ACL" width="50"/>
            </row>
            <rule match="@read" scroll="false">
              <checkbox />
            </rule>
            <rule match="@write" scroll="false">
              <checkbox />
            </rule>
            <rule match="@delete" scroll="false">
              <checkbox />
            </rule>
            <rule match="@changeACL" scroll="false">
              <checkbox />
            </rule>
          </grid>
          <panel type="flow" align="right">
            <button name="btnSAddUser" l:text="Add User..." text="Add User..." width="150" />
            <button name="btnSAddGroup" l:text="Add Group..." text="Add Group..." width="120" />
            <button name="btnSDelete" l:text="Delete" text="Delete" width="80" enabled="false" />
          </panel>
        </panel>

        <panel name="tab_webshare" type="row" l:title="WebShare" title="WebShare" height="210" padding="5">
          <label width="100%" name="CRWS" default="Create WebShare with unique name" l:default="CreateWebshareUniqueName" size="12" bold="true"/>
          <panel type="column">
            <panel width="100%" align="left">
              <label width="100%" name="webshareUniqueName" default="" size="10" style="margin-top: 2px; margin-right: 6px; color:#c0c0c0;"/>
            </panel>
            <panel align="right">
              <button name="btnCreateWebshare" l:text="Create" text="Create" width="100"/>
            </panel>
          </panel>
          <grid width="100%" height="90" label="WebShares containing this folder" l:label="Webshares containing this folder" name="localWebshareGrid" selection="row" inset="true" style="">
            <row match="webshare">
              <column name="wsId" match="@id" display="." label="Id" l:label="Id" width="30"/>
              <column name="wsName" match="@name" display="." label="Name" l:label="Name" width="100"/>
              <column name="wsType" match="@access" display="." label="Type" l:label="Type" width="60"/>
              <column name="wsPassword" match="@password" display="." label="Password" l:label="Password" width="60"/>
              <column name="wsVisibility" match="@visibility" display="." label="Visibility" l:label="Visibility" width="60"/>
              <column name="wsLink" match="@type" display="concat(/localWebshares/@wsURL, ../@name)" label="Url" l:label="Url" width="400"/>
            </row>
          </grid>
          <panel type="column">
            <panel width="100%" align="left">
              <button name="btnCopyWebshareToClipBoard" enabled="false" l:text="Copy URL to clipboard" text="Copy URL to clipboard" width="150"/>
            </panel>
            <panel align="right">
              <button align="right" name="btnRemoveWebshare" enabled="false" l:text="Remove" text="Remove" width="100"/>
            </panel>
          </panel>
        </panel>
      </tabstrip>
      <panel type="flow" align="right">
        <button name="OK" l:text="OK" text="OK" width="80"/>
        <button name="Cancel" l:text="Cancel" text="Cancel" width="80"/>
      </panel>
    </panel>
  </view>

  <process name="Folder Properties" step="1" xlink:type="simple" xlink:actuate="onLoad">
    <!-- Tab Inits -->

    <trigger view="FP" component="tab_webshare" event="Init" step="bindWebshare"/>
    <trigger view="FP" component="tab_acl" event="Init" step="bindACLPrefs"/>

    <!-- General -->
    <trigger view="Properties" event="Escape" step="folderPrefsCancel"/>
    <trigger view="FP" component="OK" event="Select" step="folderPrefsApply"/>
    <trigger view="FP" component="Cancel" event="Select" step="folderPrefsCancel"/>
    <trigger view="FP" component="View" event="Select" step="viewplateSelect"/>
    <trigger view="FP" component="browseView" event="Select" step="browseView"/>

    <!-- ACL -->
    <trigger view="FP" component="ACL" event="Select" step="enableACLDelete"/>
    <trigger view="FP" component="btnSAddUser" event="Select" step="openAddUser"/>
    <trigger view="FP" component="btnSAddGroup" event="Select" step="openAddGroup"/>
    <trigger view="FP" component="btnSDelete" event="Select" step="deleteAcl"/>

    <!-- Search Group & Users -->
    <trigger view="SearchUser" component="btnAdd" event="Select" step="addUserAcl"/>
    <trigger view="SearchGroup" component="btnAdd" event="Select" step="addGroupAcl"/>

    <!-- Publishing -->
    <trigger view="FP" component="radioNo" event="Select" step="noPublish"/>
    <trigger view="FP" component="radioYes" event="Select" step="yesPublish"/>

    <!-- Webshare -->
    <trigger view="FP" component="localWebshareGrid" event="Select" step="enableWebshareButtons"/>
    <trigger view="FP" component="btnCreateWebshare" event="Select" step="createNewWebshare"/>
    <trigger view="FP" component="btnRemoveWebshare" event="Select" step="removeWebshare"/>
    <trigger view="FP" component="localWebshareGrid" event="DoubleClick" step="openWebshare"/>
    <trigger view="FP" component="btnCopyWebshareToClipBoard" event="Select" step="copyWebshareToClipboard"/>

    <step id="1">
      <alias name="lSelect" value="get-label('Select')"/>
      <alias name="lCancel" value="get-label('Cancel')"/>
      <alias name="lSelectCustom" value="get-label('selectCustom')"/>

      <alias name="trigger" value="!"/>
      <alias name="folderPath" value="$trigger#@path"/>
      <alias name="checkPath" value="substring('{$folderPath}', 'startString:://')"/>
      <operation name="decision" value="$trigger">
        <when test="'{$checkPath}' = '://'" step="showDrivePrefs"/>
        <when test="local-name() = 'drive'" step="showDrivePrefs2"/>
        <when test="local-name()='channels'" step="showSystemPrefs"/>
        <when test="@system='groups'" step="showGroupPrefs"/>
        <when test="@system='desktop'" step="showDesktopPrefs"/>
        <otherwise step="folderProperties"/>
      </operation>
    </step>

    <step id="showDrivePrefs">
      <operation name="open" value="$package#view[@name = 'FP']"/>
      <operation name="callMethod" value="#FP">
        <method name="setTitle">
          <param type="string">{get-label('Disk Properties')}</param>
        </method>
      </operation>
      <operation name="action" value="#FP">
        <component name="folderForm" action="hide"/>
        <component name="driveData" action="show"/>
      </operation>
      <operation name="callMethod" value="#FP#Location">
        <method name="setValue">
          <param type="string">{$parentPath}</param>
        </method>
      </operation>
      <alias name="driveName" value="substring('{$trigger#@path}', 'endString:://')"/>
      <operation name="bind" value="#DriveManager">
        <component view="FP" name="driveData" select="/drives/drive[@name = '{$driveName}']"/>
      </operation>
    </step>

    <step id="showDrivePrefs2">
      <operation name="open" value="$package#view[@name = 'FP']"/>
      <operation name="callMethod" value="#FP">
        <method name="setTitle">
          <param type="string">{get-label('Disk Properties')}</param>
        </method>
      </operation>
      <operation name="action" value="#FP">
        <component name="folderForm" action="hide"/>
        <component name="driveData" action="show"/>
      </operation>
      <operation name="bind" value="$trigger">
        <component view="FP" name="driveData"/>
      </operation>
    </step>

    <step id="folderProperties">
      <operation name="open" value="$package#view[@name = 'FP']"/>

      <operation name="bind" value="$trigger">
        <component view="FP" name="Folder" select="@name" type="focus"/>
        <component view="FP" name="View" select="@listview" type="focus"/>
        <component view="FP" name="Type" select="@type" type="focus"/>
      </operation>

      <alias name="folderPath" value="$trigger#@path"/>
      <alias name="parentLength" value="={'{$folderPath}'.lastIndexOf('{$trigger#@name}')}"/>
      <alias name="parentPath" value="={'{$folderPath}'.substring(0,{$parentLength})}"/>

      <operation name="callMethod" value="#FP#Location">
        <method name="setValue">
          <param type="string">{$parentPath}</param>
        </method>
      </operation>

    </step>

    <step id="showSystemPrefs">
      <operation name="open" value="apps/controlpanel/controlpanel.xml">
        <step id="53"/>
      </operation>
    </step>

    <step id="showGroupPrefs">
      <operation name="open" value="apps/controlpanel/controlpanel.xml">
        <step id="21"/>
      </operation>
    </step>

    <step id="showDesktopPrefs">
      <operation name="open" value="apps/controlpanel/controlpanel.xml">
        <step id="35"/>
      </operation>
    </step>

    <step id="folderPrefsApply" name="Apply folder prefs">
      <operation name="decision">
        <when test="'{$trigger#@listview}'!='{#FP#View}'" step="folderPrefsApplyView"/>
      </operation>

      <operation name="decision">
        <when test="'{$trigger#@name}'!='{#FP#Folder}'" step="folderPrefsApplyName"/>
      </operation>

      <operation name="decision">
        <when test="'{#FP#View}'!='N/A' and '{$trigger#@listview}'!='{#FP#View}'" step="folderPrefsApplyView"/>
      </operation>

      <alias name="testDoc" value="{xml({$folderPath}.acl#/acl)}"/>
      <alias name="acl" value="{xml($acl)}"/>

      <operation name="decision">
        <when test="'{$acl}'!='{$testDoc}'" step="saveAcl"/>
      </operation>

      <operation name="close" value="FP"/>
    </step>


    <step id="folderPrefsApplyName" name="Apply name">
      <operation name="change" value="$trigger">
        <store select="@name" type="replaceText">{#FP#Folder}</store>
      </operation>
    </step>

    <step id="folderPrefsApplyView" name="Apply name">
      <operation name="decision">
        <when test="'{#FP#ViewPlate}'='custom'" step="folderPrefsApplyView_custom"/>
        <otherwise step="folderPrefsApplyView_normal"/>
      </operation>
    </step>


    <step id="folderPrefsApplyView_normal">
      <operation name="change" value="$trigger">
        <store select="@listview" type="replaceText">{#FP#View}</store>
        <delete select="@custom"/>
      </operation>
    </step>

    <step id="folderPrefsApplyView_custom">
      <operation name="change" value="$trigger">
        <store select="@listview" type="replaceText">{$listView}</store>
        <store select="@custom" type="replaceText">{$listView}</store>
      </operation>
    </step>

    <step id="folderPrefsCancel" name="Cancel folder prefs">
      <operation name="close" value="FP"/>
    </step>

    <step id="bindACLPrefs" name="Bind ACL properties when tab selected">
      <alias name="acl" model="newsilent">
        <acl/>
      </alias>
      <operation name="change" value="$acl">
        <store type="replace" select="/acl">
          {xml({$folderPath}.acl#/acl)}
        </store>
      </operation>
      <operation name="bind" value="$acl">
        <component view="FP" name="ACL" select="/acl"/>
      </operation>
    </step>

    <step id="saveAcl">
      <operation name="change" value="{{$folderPath}.acl}">
        <store type="replace" select="/acl">
          {$acl}
        </store>
      </operation>
    </step>

    <step id="viewplateSelect">
      <operation name="decision">
        <when test="'{#FP#ViewPlate}'='custom'" step="browseView"/>
      </operation>
    </step>

    <step id="browseView">
      <alias name="preListView" model="open">
        <dialog title="{$lSelectCustom}">
          <label name="ok">{$lSelect}</label>
          <label name="cancel">{$lCancel}</label>
          <type mime="text/xml" element="xsl:stylesheet"/>
        </dialog>
      </alias>

      <alias name="listView" value="$preListView" model="value"/>

      <operation name="callMethod" value="#FP#View">
        <method name="setValue">
          <param type="string">custom</param>
          <!--
          <param type="string">custom</param>
          -->
        </method>
      </operation>
    </step>

    <step id="addGroupAcl" name="Add new group to acl list">
      <operation name="change" value="$acl">
        <store type="append" select="/acl">
          <group id="{#SearchGroup#addResults#dc:group/text()}" read="1" write="0" delete="0" changeACL="0"/>
        </store>
      </operation>
    </step>

    <step id="enableACLDelete">
      <operation name="action" value="#FP">
        <component name="btnSDelete" action="enable"/>
     </operation>
    </step>

    <step id="deleteAcl" name="Delete Group or User ACL">
      <operation name="action" value="#FP">
        <component name="btnSDelete" action="disable"/>
      </operation>
      <operation name="change" value="#FP#ACL">
        <delete />
      </operation>
    </step>

    <step id="openAddUser" name="Open Add User Window">
      <operation name="open" value="apps/social/search/search.xml">
        <context>true</context>
        <step id="addUser"/>
      </operation>
    </step>

    <step id="openAddGroup" name="Open Add Group Window">
      <operation name="open" value="apps/social/search/group.xml">
        <context>true</context>
        <step id="addGroup"/>
      </operation>
    </step>

    <step id="addUserAcl" name="Add new user to acl list">
      <operation name="decision">
        <when test="'{#SearchUser#addResults#dc:user/text()}'=''" step="doNothing"/>
        <otherwise>
          <operation name="change" value="$acl">
            <store type="append" select="/acl">
              <user objectInfo="{#SearchUser#addResults#atom:title/text()}" id="{#SearchUser#addResults#dc:user/text()}" read="1" write="0" delete="0" changeACL="0"/>
            </store>
          </operation>
        </otherwise>
      </operation>
    </step>

    <step id="addGroupAcl" name="Add new group to acl list">
      <operation name="change" value="$acl">
        <store type="append" select="/acl">
          <group objectInfo="{#SearchGroup#addResults#atom:title/text()}" id="{#SearchGroup#addResults#dc:group/text()}" read="1" write="0" delete="0" changeACL="0"/>
        </store>
      </operation>
    </step>

    <step id="bindWebshare" name="Initial bind for webshare tab">
      <operation name="filesystem" value="{$main}://webshares(true)">
        <listen event="Append" step="createWebshareLinks"/>
        <listen event="Delete" step="createWebshareLinks"/>
      </operation>
      <operation name="call" value="createWebshareLinks"/>
    </step>

    <step id="createWebshareLinks">
      <alias name="nameSuggest" value="$trigger#@name"/>
      <operation name="filesystem">
        <webshare suggest="{$nameSuggest}" id="{$trigger#@id}" alias="newUniqueName" exists="alreadyExists"/>
      </operation>
      <operation name="decision">
        <when test="'{$alreadyExists}' = 'true'">
          <alias name="crWStitle" value="get-label('is already shared')"/>
          <alias name="wsTitle" value="'{$nameSuggest}' {$crWStitle}"/>
          <operation name="callMethod" value="#FP#CRWS">
            <method name="setValue">
              <param type="string">{$wsTitle}</param>
            </method>
          </operation>
          <operation name="action" value="#FP">
            <component name="webshareUniqueName" action="hide"/>
            <component name="btnCreateWebshare" action="hide"/>
          </operation>
        </when>
        <otherwise>
          <operation name="callMethod" value="#FP#webshareUniqueName">
            <method name="setValue">
              <param type="string">{$newUniqueName}</param>
            </method>
          </operation>
       </otherwise>
      </operation>
      <alias name="mySys" value="login-data(mycloudme)"/>
      <alias name="userEntry" value="{$main}://searchUser()"/>
      <alias name="user" value="$userEntry#/atom:feed/atom:entry/atom:title"/>
      <alias name="destinationName" value="/webshare/"/>
      <alias name="webshareURL" value="{$mySys}{$user}{$destinationName}"/>
      <alias name="folderId" value="$trigger#@id"/>
      <alias name="webshareLinks" model="newsilent">
        <localWebshares wsURL="{$webshareURL}">
          {xml({$main}://webshares(true)#/webshares/webshare[folder/@id = '{$folderId}'])}
        </localWebshares>
      </alias>
      <operation name="bind" value="$webshareLinks">
        <component view="FP" name="localWebshareGrid" select="/"/>
      </operation>
    </step>

    <step id="enableWebshareButtons" name="Enable webshare buttons">
      <alias name="webshareName" value="{#FP#localWebshareGrid#@name}"/>
      <alias name="escInpString" value="escape-string({$webshareName})"/>
      <alias name="encodedWebshareName" value='={encodeURIComponent("{$escInpString}")}'/>
      <operation name="action" value="#FP">
        <component name="btnCopyWebshareToClipBoard" action="enable"/>
        <component name="btnRemoveWebshare" action="enable"/>
      </operation>
    </step>

    <step id="disableWebshareButtons" name="Disable webshare buttons">
      <operation name="action" value="#FP">
        <component name="btnCopyWebshareToClipBoard" action="disable"/>
        <component name="btnRemoveWebshare" action="disable"/>
      </operation>
    </step>

    <step id="removeWebshare" name="Remove Webshare">
      <operation name="foreach" value="#FP#localWebshareGrid">
        <operation name="filesystem">
          <removeWebshare id="{#FP#localWebshareGrid#@id}" />
        </operation>
      </operation>
      <operation name="call" value="disableWebshareButtons"/>
      <operation name="call" value="createWebshareLinks"/>
    </step>

    <step id="openWebshare" name="Goto link">
      <alias name="totalLink" value="{$webshareURL}{$webshareName}"/>
      <operation name="open" value="xios/apps/system/viewer.xml">
        <trigger value="{$totalLink}"/>
      </operation>
    </step>

    <step id="copyWebshareToClipboard" name="Copy webshare to clipboard">
      <alias name="totalLink" value="{$webshareURL}{$encodedWebshareName}"/>
      <operation name="system">
        <copyToClipboard>{$totalLink}</copyToClipboard>
      </operation>
    </step>

    <step id="createNewWebshare" name="Open webshare dialog">
      <operation name="open" value="xios/apps/system/webShare.xml">
        <trigger value="$trigger"/>
      </operation>
    </step>

  </process>
</application>
