<?xml version="1.0"?>

<view name="FP" title="Font Properties" l:title="Font Properties" author="Glenn Stenbring" created="2007-09-14" revised="2009-12-22"
      mode="closeable" position="center" height="300" width="402" winstate="false" look="liquid" icon="icon://font" resize="false" xmlns:l="http://xios3.com/lang">
  <style href="xios/apps/system/layout/fontStyle.css"/>
  <panel name="mainPanel" type="row" width="100%" height="100%" padding="5" look="transparent">
    <panel name="topPanel" type="column">
      <panel height="174" width="135">
        <listview width="100%" height="174" name="fontListview" label="Font Type" href="xios/apps/system/listviews/fonts.xsl" focus="false" deselect="false" l:label="Font Type"/>
      </panel>
      <panel type="row" width="auto" height="auto" style="padding-left: 5px;">
        <panel type="column" width="auto" height="120">
          <panel name="checkboxFontProp" type="row" label="Font Style" l:label="Font Style" width="auto" style="color: #ffffff;">
            <checkbox name="bold" width="50" height="12" postLabel="Bold" l:postLabel="Bold"/>
            <checkbox name="italic" width="50" height="12" postLabel="Italic" l:postLabel="Italic"/>
            <checkbox name="underline" width="50" height="12" postLabel="Underline" l:postLabel="Underline"/>
          </panel>
          <panel name="radioFontProp" type="row" style="color: #ffffff;" label="Font Style" width="100" l:label="Font Style" hide="true">
            <group name="font_style_group" type="row">
              <radio name="radioNormal" postLabel="Normal" value="normal" l:postLabel="Normal"/>
              <radio name="radioBold" postLabel="Bold" value="bold" l:postLabel="Bold"/>
              <radio name="radioItalic" postLabel="Italic" value="italic" l:postLabel="Italic"/>
              <radio name="radioUnderline" postLabel="Underline" value="underline" l:postLabel="Underline"/>
            </group>
          </panel>
          <slider name="sizeSlider" marks="true" label="Font Size" l:label="Font Size" width="140" look="graphite" style="font-size:11pt;color:#ffffff;">
            <plate name="fontSizePlate">
              <item value="8pt">8pt</item>
              <item value="9pt">9pt</item>
              <item value="10pt" selected="true">10pt</item>
              <item value="11pt">11pt</item>
              <item value="12pt">12pt</item>
              <item value="14pt">14pt</item>
              <item value="16pt">16pt</item>
              <item value="18pt">18pt</item>
              <item value="20pt">20pt</item>
              <item value="24pt">24pt</item>
              <item value="28pt">28pt</item>
              <item value="32pt">32pt</item>
              <item value="36pt">36pt</item>
              <item value="40pt">40pt</item>
              <item value="44pt">44pt</item>
              <item value="48pt">48pt</item>
              <item value="54pt">54pt</item>
              <item value="60pt">60pt</item>
              <item value="66pt">66pt</item>
              <item value="72pt">72pt</item>
              <item value="80pt">80pt</item>
              <item value="88pt">88pt</item>
              <item value="96pt">96pt</item>
              <item value="106pt">106pt</item>
              <item value="116pt">116pt</item>
              <item value="126pt">126pt</item>
              <item value="136pt">136pt</item>
              <item value="148pt">148pt</item>
            </plate>
          </slider>
        </panel>
        <render name="preview" href="xios/apps/system/previews/fonts.xsl" width="241" height="69" style="overflow:hidden;"/>
      </panel>
    </panel>
    <panel type="flow" align="right" height="37" width="100%">
      <button text="OK" name="ok" width="80" title="Use Font Settings" default="true" style="margin-right: 5px;" l:text="OK" l:title="Use Font Settings"/>
      <button text="Close" name="close" width="80" title="Close Font Settings" l:text="Close" l:title="Close Font Settings"/>
    </panel>
  </panel>
</view>
