<?xml version="1.0"?>

<application name="Folder Selector" icon="xios/icons/applications/32x32/folder_ok.png" instances="0"
    xmlns:xlink="http://www.w3.org/1999/xlink"
    xmlns:l="http://xios3.com/lang">
  <share>false</share>
  <settings>
    <path>xios://</path>
  </settings>
  <about loader="false" version="1.11" revised="2011-02-19" created="2008-08-11"
      author="Christer Byström" copyright="Copyright © 2018 XIOS/3 AB. All rights reserved."
      publisher="CloudTop">
    <description>Folder Selector is used to select folders</description>
    <license xlink:type="simple" xlink:actuate="onRequest" xlink:href="https://xios3.com/license/xios_1.xml">XIOS.1</license>
    <installed>2008-08-11</installed>
  </about>

  <resources>
    <item name="fdstransformer.xsl">
      <xsl:stylesheet xmlns:xsl="http://www.w3.org/1999/XSL/Transform" xmlns:atom="http://www.w3.org/2005/Atom" xmlns:lv="urn:lv-xcerion-com" xmlns:xios="urn:x-i-o-s:util" xmlns:xlink="http://www.w3.org/1999/xlink" xmlns:fs="http://xcerion.com/folders.xsd" xmlns:dc="http://xcerion.com/directory.xsd" xmlns:ni="http://xcerion.com/noindex.xsd" version="1.0">
        <xsl:template match="drives">
          <drives>
            <xsl:apply-templates select="drive"/>
          </drives>
        </xsl:template>

        <xsl:template match="drive">
          <drive name="{@name}" friendly="{@friendly}" href="{@href}" wsdl="{@wsdl}" protocol="{@protocol}" hidden="{@hidden}" namespace="{@namespace}"  xlink:href="{@name}://">
            <xsl:variable name="href" select="@xlink:href"/>
            <xsl:variable name="path" select="concat(@name,'://')"/>
            <xsl:if test="$href and $href != ''">
              <xsl:variable name="folders" select="xios:document($href,'fs:folder')"/>
              <xsl:apply-templates select="$folders/fs:folder">
                <xsl:with-param name="path" select="$path"/>
              </xsl:apply-templates>
            </xsl:if>
          </drive>
        </xsl:template>

        <xsl:template match="folder">
          <xsl:param name="path"/>
          <!-- todo: handle xlinking aswell
            <xsl:variable name="href" select="@xlink:href"/>
            <xsl:if test="$href and $href != ''">
              <xsl:variable name="folders" select="xios:document(concat('',$href),'fs:folder')"/>
              <xsl:apply-templates select="$folders/fs:folder"/>
            </xsl:if>
          -->
          <xsl:variable name="thisPath" select="concat($path,@name,'/')"/>
          <fs:folder name="{@name}" system="{@system}" hidden="{@hidden}" xlink:href="{$thisPath}" path="{$thisPath}">
            <xsl:apply-templates select="fs:folder">
              <xsl:with-param name="path" select="$thisPath"/>
            </xsl:apply-templates>
          </fs:folder>
        </xsl:template>

        <xsl:template match="*"/>

      </xsl:stylesheet>
    </item>
  </resources>

  <view name="FS" xlink:type="simple" xlink:actuate="onLoad" l:title="Folders" title="Folders" author="Christer Bystrom" created="2007-09-10" revised="2010-03-11"
      modal="false" height="340" width="375" icon="icon://applications/folder_ok" xmlns:atom="http://www.w3.org/2005/Atom" xmlns:fs="http://xcerion.com/folders.xsd" resize="false" winstate="false" >
    <menu name="contextMenu">
      <item name="CNewFolder" icon="xios/icons/applications/16x16/folder_new.png" l:text="New Folder" text="New Folder"/>
    </menu>

    <layout name="mainPanel" type="row" height="fill" width="fill" padding="5" look="transparent">
      <label name="Label" width="356" l:default="folderSelectDesc" default="Select the folder location where you want to place the selected file or folder." font="tahoma" size="8pt" bold="true" style="margin-bottom:5px;"/>
      <layout name="treeHolder" type="row" width="fill" height="fill" scroll="true" _gradient="treebackground" style="background: #fff; border: 1px solid #beb79d;" _style="background: linear-gradient(to bottom, #fff, #638ade);">
        <bush name="folderTree" focusnew="false" l:wait="Please Wait..." wait="Please Wait..." sort="ascending" sortproperty="display" width="fill" height="fill" multiple="false" hover="false" style="padding-top: 5px; padding-left: 5px;">
          <rule match="drives">
            <item l:display="My Cloud OS" display="My Cloud OS" icon="gui/icons/16x16/cloudtop.png"/>
          </rule>
          <rule match="drive[not(@hidden = 'true')][writeLocked != 'true']">
            <item display="{concat(@friendly,' (',@name,':)')}" icon="xios/gui/icons/16x16/cloud_drive.png"/>
          </rule>
          <rule match="*[local-name() = 'folder' and namespace-uri() = 'http://xcerion.com/folders.xsd']">
            <item display="{@name}" renamepath="@name" icon="xios/icons/applications/16x16/folder.png" draggable="true"/>
          </rule>
        </bush>
      </layout>
      <panel type="column" height="40" width="356" valign="bottom" padding="0">
        <button text="New" l:text="New" l:title="New Folder" title="New Folder" name="Create" width="80"/>
        <panel type="column" height="26" align="right" padding="0">
          <button l:text="OK" text="OK" name="OK" width="80"/>
          <button l:text="Cancel" text="Cancel" name="Cancel" width="80"/>
        </panel>
      </panel>
    </layout>
  </view>

  <process name="FS" xlink:type="simple" xlink:actuate="onLoad" description="Folder Selector Process" author="Christer Bystrom" xmlns:atom="http://www.w3.org/2005/Atom" xmlns:fs="http://xcerion.com/folders.xsd">
    <!--

  This doesn't work...instance problems /CB

  <trigger view="FS" event="Opened" step="2"/>
  -->
    <trigger view="FS" component="Create" event="Select" step="createFolder"/>
    <trigger view="FS" component="CNewFolder" event="Select" step="createFolder"/>
    <trigger view="FS" component="folderTree" event="Edit" step="editDone"/>
    <trigger view="FS" component="folderTree" event="ContextMenu" step="onContextMenu"/>

    <trigger view="FSDialog" component="OK" event="Select" step="221"/>
    <trigger view="FSDialog" component="Cancel" event="Select" step="222"/>

    <trigger view="FS" event="Escape" step="close"/>
    <trigger view="FS" event="Close" step="onClose"/>


    <step id="1" name="Check Valid Catalog / Start">
      <alias name="NS_FS" value="http://xcerion.com/folders.xsd"/>
      <!--
      <operation name="open" value="#fsview"/>
      -->
      <operation name="decision">
        <when test="'{$initialized}'!='true'" step="3"/>
      </operation>
    </step>

    <step id="3" name="Initialize data">
      <alias name="initialized" value="true" model="value"/>

      <alias name="param1" value="{$folder}" model="value"/>
      <operation name="call" value="pathToXpath"/>

      <alias name="rootPath" value="$retval" mode="value"/>

      <!-- set selection -->
      <operation name="decision">
        <when test="'{$mode}'='browse'" step="bindBrowse"/>
        <otherwise step="bindFolder"/>
      </operation>



      <!--
   <alias name="dataFolder" model="folder" type="metadata">
      <dialog title="Select Folder" description="Select folder for your images" folder="{$main}://Templates" lockfolder="true">
        <label name="ok">Open</label>
        <label name="cancel">Cancel</label>
        <label name="createFolder" hide="true"/>
      </dialog>
    </alias>

    -->

      <!-- set title -->

      <operation name="decision">
        <when test="'{$title}' != ''" step="50"/>
      </operation>

      <operation name="decision">
        <when test="'{$description}'!=''" step="54"/>
      </operation>

      <operation name="decision">
        <when test="'{$textOK}'!=''" step="51"/>
      </operation>

      <operation name="decision">
        <when test="'{$textCancel}'!=''" step="52"/>
      </operation>

      <operation name="decision">
        <when test="'{$textCreate}'!=''" step="53"/>
      </operation>

      <operation name="decision">
        <when test="'{$hideCreate}'='true'" step="5"/>
      </operation>



      <!-- check if we gonna restrict selection -->
      <operation name="decision">
        <when test="'{$lock}'='true'" step="10"/>
      </operation>

    </step>

    <step id="bindBrowse">
      <!-- close transformer, for debugging purposes -->
      <!--<operation name="close" value="xios/apps/system/resources/fdstransformer.xsl">
        <mode>document</mode>
      </operation>-->

      <!-- todo: close when it's over -->
      <alias name="filesystem" model="newsilent">
        {xml(#DriveManager)}
      </alias>

      <operation name="change" value="$filesystem">
        <store type="replace" select="/drives" transformer="#fdstransformer.xsl" value="$filesystem" model="data"/>
      </operation>

      <operation name="bind" value="$filesystem">
        <component view="FS" name="folderTree" select="/"/>
      </operation>

      <!-- workaround -->
      <!--      <operation name="setSelection" value="{$main}://folders.xml">
        <component view="DS" name="folderTree">
          <item select="/drives[1]/drive[@main = 'true']"/>
        </component>
      </operation>-->

      <operation name="setSelection" value="{$main}://folders.xml">
        <component view="FS" name="folderTree">
          <item select="{$rootPath}" eval="false"/>
          <!--
        <item select="/fs:folder[1]" eval="false"/>
        -->
        </component>
      </operation>

    </step>

    <step id="bindFolder">
      <operation name="bind" value="#DriveManager">
        <component view="FS" name="folderTree" select="/"/>
      </operation>

      <!--      <operation name="setSelection" value="{$main}://folders.xml">
        <component view="DS" name="folderTree">
          <item select="/drives[1]/drive[@main = 'true']"/>
        </component>
      </operation>-->

      <operation name="setSelection" value="{$main}://folders.xml">
        <component view="FS" name="folderTree">
          <item select="{$rootPath}" eval="false"/>
          <!--
        <item select="/fs:folder[1]" eval="false"/>
        -->
        </component>
      </operation>

    </step>

    <step id="5" name="Hide Create button">
      <operation name="action" value="#FS">
        <component name="Create" action="hide"/>
        <component name="CNewFolder" action="disable"/>
      </operation>
    </step>

    <step id="6" name="Set text of create button">
      <operation name="callMethod" value="#FS#Create">
        <method name="setValue">
          <param type="string">{$options#/options/createFolder}</param>
        </method>
      </operation>
    </step>

    <step id="50" name="set title">
      <operation name="callMethod" value="#FS">
        <method name="setTitle">
          <param type="string">{$title}</param>
        </method>
      </operation>
    </step>

    <step id="51" name="set ok">
      <operation name="callMethod" value="#FS#OK">
        <method name="setValue">
          <param type="string">{$textOK}</param>
        </method>
      </operation>
    </step>

    <step id="52" name="set cancel">
      <operation name="callMethod" value="#FS#Cancel">
        <method name="setValue">
          <param type="string">{$textCancel}</param>
        </method>
      </operation>
    </step>

    <step id="53" name="set createfolder">
      <operation name="callMethod" value="#FS#Create">
        <method name="setValue">
          <param type="string">{$textCreate}</param>
        </method>
      </operation>
    </step>

    <step id="54" name="set description">
      <operation name="callMethod" value="#FS#Label">
        <method name="setValue">
          <param type="string">{$description}</param>
        </method>
      </operation>
    </step>



    <step id="10" name="Select folder, check if we are going to restrict">
      <operation name="callMethod" value="#FS#folderTree">
        <method name="setSelectionRoot">
          <param type="string">{$rootPath}</param>
        </method>
      </operation>
    </step>


    <step id="createFolder">
      <operation name="decision">
        <when test="'{$mode}'='browse'" step="createFolderFake"/>
        <otherwise step="createFolderInFS"/>
      </operation>
    </step>

    <step id="createFolderFake">
      <operation name="decision" value="#FS#folderTree">
        <when test="*[namespace-uri() = 'http://www.w3.org/2005/Atom' and local-name() = 'title']">
          <operation name="callMethod" value="#FS#folderTree">
            <method name="navigateUp"/>
          </operation>
        </when>
      </operation>

      <alias name="param1" value="{#FS#folderTree.getDataLocation()}" model="value"/>
      <operation name="call" value="pathToXpath"/>
      <alias name="createFolderXpath" value="$retval"/>

      <alias name="createFolderChannel" value="channelname({#FS#folderTree.getDataLocation()})"/>

      <operation name="decision">
        <when test="'foldername({#FS#folderTree.getDataLocation()})'=''">
          <alias name="folderXpath" value="//drive[@name='{$createFolderChannel}']"/>
        </when>
        <otherwise>
          <alias name="folderXpath" value="//drive[@name='{$createFolderChannel}']{$createFolderXpath}"/>
        </otherwise>
      </operation>


      <operation name="filesystem" value="{$folderXpath}">
        <create type="folder" name="New Folder" rename="true" alias="newFolderName"/>
      </operation>


      <operation name="setSelection" value="{$main}://folders.xml">
        <component view="FS" name="folderTree">
          <item eval="false" select="{$folderXpath}/fs:folder[@name = '$newFolderName']"/>
        </component>
      </operation>

      <operation name="callMethod" value="#FS#folderTree">
        <method name="rename"/>
      </operation>
    </step>

    <step id="editDone">
      <operation name="decision">
        <when test="'{$mode}'='browse'">
          <!-- create folder in real filesystem -->
          <alias name="newFolderName" value="{#FS#folderTree#@name}"/>
          <alias name="newFolderXML" value="{#DriveManager#/drives/drive[@name='{$createFolderChannel}']/@*[namespace-uri() = 'http://www.w3.org/1999/xlink' and local-name() = 'href']}"/>
          <!--
        <operation name="debug" value="{$newFolderXML} - {$createFolderXpath} - {$newFolderName}">alert:plain</operation>
        -->
          <operation name="change" value="$newFolderXML">
            <store type="append" select="{$createFolderXpath}">
              <fs:folder name="{$newFolderName}" created="{$date} {$time}" new="true"/>
            </store>
          </operation>
        </when>
      </operation>
    </step>

    <step id="createFolderInFS" name="New folder in list view" success="editCreatedFolder">
      <alias name="createPath" model="value" value="{#FS#folderTree#@path}"/>
      <operation name="filesystem" value="#FS#folderTree">
        <create type="folder" name="New Folder" rename="true" alias="newFolderName"/>
      </operation>
    </step>

    <step id="editCreatedFolder">
      <alias name="newFolderPath" value="{$createPath}{$newFolderName}/"/>
      <operation name="setSelection" value="{$createPath}folders.xml">
        <component view="FS" name="folderTree">
          <item select="//fs:folder[@path = '{$newFolderPath}']"/>
        </component>
      </operation>

      <operation name="callMethod" value="#FS#folderTree">
        <method name="rename"/>
      </operation>
    </step>

    <step id="dialogPrompt" name="DialogPrompt">
      <alias name="textTitle" value="{$param1}" model="value"/>
      <alias name="textDialog" value="{$param2}" model="value"/>
      <alias name="textOK" value="{$param3}" model="value"/>
      <alias name="stepOK" value="{$param4}" model="value"/>
      <alias name="icon" value="{$param5}" model="value"/>

      <!-- todo: move dialog ??? -->
      <operation name="open" value="xios/apps/system/dialog.xml">
        <name>FSDialog</name>
      </operation>

      <!-- set dialog title -->
      <operation name="callMethod" value="#FSDialog">
        <method name="setTitle">
          <param type="string">{$textTitle}</param>
        </method>
      </operation>

      <!-- set dialog text -->
      <operation name="callMethod" value="#FSDialog#Label">
        <method name="setValue">
          <param type="string">{$textDialog}</param>
        </method>
      </operation>

      <operation name="callMethod" value="#FSDialog#OK">
        <method name="setValue">
          <param type="string">{$textOK}</param>
        </method>
      </operation>

      <operation name="action" value="#FSDialog">
        <component name="Cancel" action="hide"/>
      </operation>

      <operation name="callMethod" value="#FSDialog#Label">
        <method name="activate"/>
      </operation>

      <alias name="param1" value="{$icon}" model="value"/>
      <operation name="call" value="dialogSetIcon"/>
    </step>


    <step id="dialogSetIcon">
      <operation name="decision">
        <when test="'{$param1}'='error'"><alias name="iconSrc">xios/icons/applications/48x48/error.png</alias></when>
        <otherwise><alias name="iconSrc">xios/icons/applications/48x48/question_and_answer.png</alias></otherwise>
      </operation>
      <operation name="callMethod" value="#FSDialog">
        <method name="setIcon">
          <param type="string">{$iconSrc}</param>
        </method>
      </operation>
    </step>

    <step id="221" name="Dialog OK">
      <operation name="call" value="223"/>
      <operation name="debug" value="Dialog OK: going to step {$stepOK}"/>
      <operation name="call" value="{$stepOK}"/>
    </step>

    <step id="222" name="Dialog Cancel">
      <operation name="call" value="223"/>
      <operation name="debug" value="Dialog Cancel: going to step {$stepCancel}"/>
      <operation name="decision">
        <when test="'{$stepCancel}'!=''" goto="{$stepCancel}"/>
      </operation>
    </step>


    <step id="223" name="Close dialog">
      <operation name="close" value="FSDialog"/>
    </step>




    <!--
    FUNCTION: pathToXpath

    param1: path

    returns: retval - selection/xpath
  -->

    <step id="pathToXpath">
      <!--<alias name="retval" model="define">
        <value>//fs:folder[@path ='{folderpath($param1)}']</value>
      </alias>-->
      <alias name="param1" value="folderpath($param1)" />
      <alias name="retval" model="define">
        <value>//fs:folder[@path ='{$param1}']</value>
      </alias>
    </step>


    <step id="onContextMenu">
      <operation name="action" value="#FS">
        <component name="contextMenu" action="open"/>
      </operation>
    </step>


    <step id="onClose">
      <operation name="close" value="#fsview">
        <mode>process</mode>
      </operation>
    </step>


    <step id="close">
      <operation name="close" value="FS"/>
    </step>
  </process>

</application>
