<?xml version="1.0"?>

<view name="GC" author="Christer Bystrom" height="135" width="350" minHeight="50" minWidth="145" title="Create Group">
  <panel padding="10" style="background: #386098" type="row" xlook="prototype">
    <panel type="form" cols="2" label-align="right" width="100%" label-pos="left">
      <row>
        <input name="groupname" look="graphite" label="Name of new group:" width="100"/>
      </row>
      <row>
        <input name="username" look="graphite" label="Your username in this group:" width="100"/>
      </row>
    </panel>
    <panel type="column" align="right">
      <button name="Create" text="Create" width="80" default="true"/>
      <button name="Cancel" text="Cancel" width="80"/>
    </panel>
  </panel>
</view>
