<?xml version="1.0"?>

<view name="GJ" author="Christer Bystrom" icon="icon://users2" height="250" xheight="400" width="400" minHeight="40" minWidth="145" l:title="Join Group" title="Join Group" xmlns:l="http://xios3.com/lang">
  <panel padding="10" xstyle="filter: progid:DXImageTransform.Microsoft.gradient(enabled='true',startColorstr=#BBFFFFFF, endColorstr=#BBC0C0FF); background: #ffffff url(xios/icons/objects/128x128/basketball.png) no-repeat fixed; background-position: 200px 190px;"
  style="background: #386098" type="row">
    <label name="title" style="font-size: 20px; font-weight: bold; padding: 5px; border-bottom: 1px solid #c0c0ff; color: #ffffff" width="100%">&#160;</label>
    <!--

    <label name="title" style="font-size: 12px; font-weight: bold; padding: 5px; border-bottom: 1px solid #c0c0c0;" width="100%">Sports</label>
-->
    <panel width="100%" height="auto" type="row" padding="0">
      <panel type="column" padding="5" height="64" xstyle="border: 1px solid #408080; background: #808080; ">
        <label name="longdesc" style="font-weight: bold; font-size: 12px; color: #ffffff; margin-right: 10px;" width="100%">&#160;
        <!--
    The Sport group is the perfect group for all sport interested people! Here you can find people that     likes the same sports as you do! We have lots of subgroups for differnet sports. In our forum you can     discuss last nights champions leage match or find a new boxing sparring partner.     If you can't find your favourite sport you simply create your very own subgroup and wait for others that     shares your interests joins the group!
Welcome to the Sport group!
-->
</label>
      <image name="groupIcon" src="xios/icons/objects/48x48/users4.png" height="48" width="48"/><!-- todo: set programmatically -->
      </panel>
    </panel>
    <panel type="form" cols="2" label-align="right" width="100%" label-pos="left">
      <row>
        <input name="username" look="graphite" l:label="Username for group:" label="&#160;&#160;&#160;&#160;&#160;&#160;&#160;Username for group:" width="200"/>
      </row>
    </panel>
    <!--
    <panel type="flow">
      <checkbox name="checkagree"/>
      <label name="labelterms1" style="color: #ffffff; position: relative; top: -3px; font-size: 12px;">I accept to the </label><label name="terms" style="color: #ffffff ; position: relative; top: -3px; text-decoration: underline; font-size: 12px;" type="link">Terms and Conditions</label><label style="color: #ffffff ; position: relative; top: -3px; font-size: 12px;"> for usage of this group</label>
    </panel>
    -->
    <panel type="column" align="right">
      <button name="Join" l:text="Join" text="Join" width="80" default="true"/>
      <button name="Cancel" l:text="Cancel" text="Cancel" width="80"/>
    </panel>
  </panel>
</view>
