<?xml version="1.0"?>
<application xmlns:xlink="http://www.w3.org/1999/xlink" xmlns:xpc="http://xcerion.com/process/1.0" xmlns:l="http://xios3.com/lang" icon="" name="groupUtil" xpc:ns="http://xcerion.com/package/1.0">
  <share>false</share>

  <!-- TODO
    - Only allow one window per group
    - Show something when there is no logo or icon
    - Allow the user to change logo and icon
    - Create profile.xml when it doesn't exist?
-->

  <about author="Xcerion AB" copyright="Copyright © 2018 XIOS/3 AB. All rights reserved." created="2007-10-05" loader="false" publisher="CloudTop" revised="2010-03-22" version="1.10">
    <description>groupUtil shows information about groups</description>
    <license xlink:type="simple" xlink:actuate="onRequest" xlink:href="https://xios3.com/license/xios_1.xml">XIOS.1</license>
  </about>

  <view xmlns:atom="http://www.w3.org/2005/Atom" created="2008-02-27" icon="icon://users2" name="groupUtil" opacity="100" revised="2010-03-22" title="Group Properties" xlink:actuate="onLoad" height="410" width="350" winstate="false" resize="false" l:title="Group Properties">
    <panel look="back" name="rootPanel" padding="5" type="flow" width="100%" height="100%">
      <tabstrip name="tabstrip" width="100%" height="323" padding="5">
        <panel name="tab1" type="row" selected="true" title="View" padding="5" height="100%" width="100%" icon="" l:title="View">
          <panel height="60" width="100%" type="column">
            <image name="iViewLogo" width="100" height="50" src="xios/icons/objects/48x48/users4.png"/>
            <panel name="pViewHeading" padding="5" height="100%" width="100%" type="row">
              <label color="#ffffff" name="lViewHeading" size="20"/>
              <label color="#ffffff" name="lViewShortDescription"/>
            </panel>
          </panel>
          <!--<panel type="column">
            <label name="lViewDescription" width="120">Description</label>
            <label name="tViewDescription" width="100%"/>
          </panel>-->
          <panel type="flow" align="left">
            <label name="lViewMemberCountText" default="Member Count: " style="height:25px;" width="140" look="bold" color="#ffffff" l:default="Member Count: "/>
            <label name="lViewMemberCountNumber" color="#ffffff" look="bold" default="Only visible when having joined and mounted the group" l:default="visibleJoinedGroup"/>
          </panel>
        </panel>
        <!--        <panel name="tab2" type="row" title="Edit" padding="5" height="100%" width="100%" l:title="Edit">
          <panel type="flow" align="left">
            <image name="imEditLogo" width="100" height="50" style="margin-right: 5px"/>
            <button name="bEditLogo" text="Change Logo" width="120" l:text="Change Logo"/>
          </panel>
          <panel type="flow" align="left">
            <image name="imEditIcon" width="16" height="16" style="margin-right: 89px"/>
            <button name="bEditIcon" text="Change Icon" width="120" l:text="Change Icon"/>
          </panel>
          <panel type="flow" align="left">
            <label name="lEditHeading" default="Friendly name: " width="105" look="bold" color="#ffffff" l:default="Friendly name: "/>
            <input name="inEditHeading" size="20"/>
          </panel>
          <panel type="flow" align="left">
            <label name="lEditShortDescription" default="Short description" width="105" look="bold" color="#ffffff" l:default="Short Description"/>
            <input name="inEditShortDescription"/>
          </panel>
          <!{1}**
          <panel type="column">
            <label name="labelAccess" width="120">Access</label>
            <input name="inputAccess" width="300" />
          </panel>
          <panel type="column">
            <label name="labelMember" width="120">Member</label>
            <input name="inputMember" width="300" />
          </panel>
          <panel type="column">
            <label name="labelType" width="120">Type</label>
            <input name="inputType" width="300" />
          </panel>
          **{1}>
          <panel type="column">
            <label name="lEditDescription" default="Long Description" width="105" look="bold" color="#ffffff" l:default="Long Description"/>
            <textarea name="tEditDescription" height="60" width="100%"/>
          </panel>
          <panel type="column">
            <label name="lEditTerms" default="Terms" width="105" look="bold" color="#ffffff" l:default="Terms"/>
            <textarea name="tEditTerms" height="60" width="100%"/>
          </panel>
          <panel type="flow" align="left">
            <label name="lEditMemberCountText" default="Member Count: " width="105" look="bold" color="#ffffff" l:default="Member Count: "/>
            <label name="lEditMemberCountNumber" default="Only visible when having joined and mounted the group" l:default="visibleJoinedGroup"/>
          </panel>
        </panel>
        <panel name="tab3" type="flow" title="Details" padding="5" height="100%" width="100%" l:title="Details"/>
        <panel name="tab4" type="flow" title="Admin" padding="5" height="100%" width="100%" l:title="Admin"/>
-->      </tabstrip>
      <panel type="flow" align="right">
        <button name="bOk" text="Ok" width="80" l:text="OK"/>
        <button name="bCancel" text="Cancel" width="80" l:text="Cancel"/>
      </panel>
    </panel>
  </view>

  <process xmlns:atom="http://www.w3.org/2005/Atom" xmlns:dc="http://xcerion.com/directory.xsd" xmlns:fs="http://xcerion.com/folders.xsd" xmlns:ni="http://xcerion.com/noindex.xsd" name="groupUtil" xlink:actuate="onLoad">

    <!-- Tabs -->
    <trigger view="groupUtil" component="tab2" event="Select" step="tabEditStart"/>
    <trigger view="groupUtil" component="tab4" event="Select" step="tabAdminStart"/>

    <!-- Close events -->
    <trigger view="groupUtil" component="bOk" event="Select" step="saveAndClose"/>
    <trigger view="groupUtil" component="bCancel" event="Select" step="discardAndClose"/>
    <trigger view="groupUtil" event="Ctrl+Q" step="discardAndClose"/>


    <step id="1" name="Starting point">
      <alias name="groupName" value="!"/>
      <alias name="groupPath" value="{#GroupManager#/groups/group[@name='{$groupName}']/@name}"/>

      <alias name="profileListing" value="{$groupPath}://Profiles/"/>
      <alias name="adminPath" value="{$groupPath}://Admin/"/>
      <alias name="metaData" value="{$main}://searchGroup({$groupName})" model="data"/>
      <alias name="groupEntry" value="$metaData#/atom:feed/atom:entry"/>

      <!--      <alias name="tabDoc" model="newsilent"><tabs><view/></tabs></alias>

      <operation name="decision">
        <when test="'{#GroupManager#/groups/group[@name='{$groupName}' and @role='Administrator']/@alias}' != ''" step="isAdmin"/>
      </operation>

      <operation name="call" value="bindTabstrip"/>
-->      <operation name="call" value="setTitle"/>
      <operation name="call" value="tabViewBind"/>
    </step>

    <step id="bindTabstrip">
      <operation name="bind" value="$tabDoc">
        <component view="groupUtil" name="tabstrip" select="/tabs"/>
      </operation>
    </step>

    <step id="isAdmin">
      <operation name="change" value="$tabDoc">
        <store select="/tabs" type="append">
          <!--<edit/>-->
          <!--<admin/>-->
        </store>
      </operation>
    </step>

    <step id="tabViewBind">
      <operation name="bind" value="$groupEntry">
        <component view="groupUtil" name="iViewLogo" select="dc:logo"/>
        <component view="groupUtil" name="lViewHeading" select="atom:title"/>
        <component view="groupUtil" name="lViewShortDescription" select="dc:description"/>
      </operation>
      <operation name="bind" value="$profileListing">
        <component view="groupUtil" name="lViewMemberCountNumber" select="atom:feed/os:totalResults"/>
      </operation>
    </step>

    <step id="tabEditStart">
      <alias name="groupName" value="CoreOS" model="value"/>
      <alias name="groupDoc" value="{$groupPath}://profile.xml" model="define"/>
      <operation name="call" value="tabEditBind"/>
    </step>

    <step id="tabEditBind">
      <operation name="bind" value="$groupDoc#/groupDescription">
        <component view="groupUtil" name="imEditIcon" select="icon"/>
        <component view="groupUtil" name="imEditLogo" select="logo"/>
        <component view="groupUtil" name="inEditHeading" select="name"/>
        <component view="groupUtil" name="tEditDescription" select="fullDescription"/>
        <component view="groupUtil" name="inEditShortDescription" select="shortDescription"/>
      </operation>
      <operation name="bind" value="$profileListing">
        <component view="groupUtil" name="lEditMemberCountNumber" select="atom:feed/os:totalResults"/>
      </operation>
    </step>

    <step id="tabAdminStart">
      <operation name="call" value="tabAdminBind"/>
    </step>

    <step id="tabAdminBind">
    </step>

    <step id="discardAndClose">
      <operation name="call" value="close"/>
    </step>

    <step id="saveAndClose">
      <operation name="decision">
        <when test="'{$groupDoc}' != ''" step="saveProfile"/>
      </operation>
      <operation name="call" value="close"/>
    </step>

    <step id="close">
      <operation name="close" value="{$package#view/@name}"/>
    </step>

    <step id="saveProfile">
      <operation name="save" value="$groupDoc"/>
    </step>

    <step id="setTitle">
      <operation name="callMethod" value="#groupUtil">
        <method name="setTitle">
          <param type="string">{get-label('Group')}: {$groupName}</param>
        </method>
      </operation>
    </step>

    <step id="setIcon">
      <!--
      <operation name="callMethod" value="#groupUtil">
        <method name="setIcon">
          <param type="string">{$groupEntry#dc:icon}</param>
        </method>
      </operation>
      -->
    </step>

  </process>
</application>
