<?xml version="1.0"?>

<application name="Import" icon="xios/icons/applications/32x32/import1.png" instances="1"
    xmlns:xlink="http://www.w3.org/1999/xlink"
    xmlns:xsl="http://www.w3.org/1999/XSL/Transform"
    xmlns:l="http://xios3.com/lang">
  <share>false</share>
  <settings>
    <path>xios://</path>
  </settings>
  <about loader="false" version="1.00" revised="2010-05-03" created="2010-05-03"
      author="Caspar Raarup" copyright="Copyright © 2018 XIOS/3 AB. All rights reserved."
      publisher="CloudTop">
    <description>Dialog for importing csv files. This dialog can map headers with specific fields within a csv file.</description>
    <license xlink:type="simple" xlink:actuate="onRequest" xlink:href="https://xios3.com/license/xios_1.xml">XIOS.1</license>
  </about>
  <resources>
    <item name="importDialog">
      <view name="importProgress" author="Christer Bystrom" height="80" width="200" position="center" title="Import Progress" resize="false" titlebar="false" winstate="false" mode="widget">
        <panel name="prow" height="80" width="200" type="row">
          <shape name="bg" type="roundrect" height="80" width="100%" r="0.1" stroke="#000000" opac="0.7" fill="#444444" fillopac="0.9" alpha="0.9">
            <panel name="pcol" height="80" width="200" padding="10" type="column" style="margin-top:16px;">
              <image name="image" width="32" height="32" style="margin-top:0;" src="/xios/gui/img/wait_black.gif"/>
              <label name="label" height="100%" width="100%" bold="true" font="tahoma" size="8pt" style="color:#ffffff; letter-spacing:1; padding-top:8px;"/>
            </panel>
          </shape>
        </panel>
      </view>
    </item>
  </resources>

  <view xlink:type="simple" xlink:actuate="onRequest" name="ID" look="liquid" resize="true" l:title="Import" title="Import" author="Caspar Raarup"
      height="400" width="600" minHeight="400" minWidth="600" icon="xios/icons/applications/16x16/import1.png" winstate="false">
    <style>
      #csvEntries div {
        height: auto !important ;
      }
    </style>
    <panel type="row" height="100%" look="transparent">
      <panel name="infoText" height="20" padding="5" type="column">
        <label default="ImportDesc" l:default="ImportDesc" width="auto" style="padding: 2px;" font="tahoma" size="12" color="#FFF"/>
      </panel>
      <layout name="mainView" height="100%" padding="5" type="row">
        <!-- <grid name="headerGrid" width="31%" height="100%" inset="true" selection="row" style="padding-left: 5px; padding-right: 5px">
          <row match="item" xmlns:dc="http://xcerion.com/directory.xsd">
            <column name="name" match="@name" display="." l:label="Header" label="Header" width="100%"/>
          </row>
        </grid> -->
        <layout name="pnl2" type="row" height="fill">
          <container name="csvEntries" show="all" height="100%" width="100%" scroll="true" style="background: #FEFEFE">
            <rule match="header[@show = 'false']">
              <panel name="headerPost" style="height: 19px; border: 1px solid black; margin: 5px;" type="row" width="97%">
                <panel name="title" type="column" height="19" style="background-color: #EEEEEE;">
                  <panel name="checkboxHolder" style="margin:1px 0 1px 5px;" type="column" height="19">
                    <checkbox name="importBox" title="Include" l:title="Include" style="height:16px; width:20px;"/>
                  </panel>
                  <label default="{text()}" width="40%" style="height: 18px; margin-left: 2px; padding-top: 2px; font-weight: bold; vertical-align: middle;" font="tahoma" size="12" color="#828282"/>
                  <label l:default="Do not import" width="45%" default="Do not import" style="height: 18px; margin-right: 80px; float:right; padding-top: 2px; vertical-align: middle;" font="tahoma" size="12" color="#828282"/>
                </panel>
              </panel>
            </rule>
            <rule match="header[@show = 'true']">
              <panel name="headerPost" style="height: 70px; border: 1px solid black; margin: 5px;" type="row" width="97%">
                <panel name="title" type="column" height="19" style="border-bottom: 1px solid #C6D5E9; background-color: #E7EDF5;">
                  <panel name="checkboxHolder" style="margin:1px 0 1px 5px;" type="column" height="19">
                    <checkbox name="importBox" title="Include" l:title="Include" checked="true" style="height:16px; width:20px;"/>
                  </panel>
                  <label default="{text()}" width="92%" style="height: 18px; right: 10px; padding-top: 2px; font-weight: bold; vertical-align: middle;" font="tahoma" size="12" color="#000"/>
                </panel>
                <panel name="cont" type="column" width="100%" height="100%" style="background: #FFF;">
                  <label default="Preview:" l:default="Preview:" width="auto" style="padding-left: 6px; padding-top: 15px;" font="tahoma" size="12" color="#698FBE"/>
                  <label default="{@preview}" width="100%" style="padding-top: 15px;" font="tahoma" size="12" color="#000"/>
                  <label default="Import as:" l:default="Import as:" width="auto" style="padding-top: 15px;" font="tahoma" size="12" color="#698FBE"/>
                  <combobox name="connectTo" width="150" editable="false" style="padding-top: 12px; padding-right: 6px;">
                    <xsl:choose>
                      <xsl:when test="@type = 'Contacts'">
                        <plate name="connectToPlate" height="80">
                          <item value=""><l:text>Choose Category...</l:text></item>
                          <xsl:choose>
                            <xsl:when test="@xpath and @xpath = '/vcard/n/given'">
                              <item selected="true" value="/vcard/n/given"><l:text>First Name</l:text></item>
                            </xsl:when>
                            <xsl:otherwise>
                              <item value="/vcard/n/given"><l:text>First Name</l:text></item>
                            </xsl:otherwise>
                          </xsl:choose>
                          <xsl:choose>
                            <xsl:when test="@xpath and @xpath = '/vcard/n/family'">
                              <item selected="true" value="/vcard/n/family"><l:text>Last Name</l:text></item>
                            </xsl:when>
                            <xsl:otherwise>
                              <item value="/vcard/n/family"><l:text>Last Name</l:text></item>
                            </xsl:otherwise>
                          </xsl:choose>
                          <xsl:choose>
                            <xsl:when test="@xpath and @xpath = '/vcard/n/middle'">
                              <item selected="true" value="/vcard/n/middle"><l:text>Middle Name</l:text></item>
                            </xsl:when>
                            <xsl:otherwise>
                              <item value="/vcard/n/middle"><l:text>Middle Name</l:text></item>
                            </xsl:otherwise>
                          </xsl:choose>
                          <xsl:choose>
                            <xsl:when test="@xpath and @xpath = '/vcard/fn'">
                              <item selected="true" value="/vcard/fn"><l:text>Full Name</l:text></item>
                            </xsl:when>
                            <xsl:otherwise>
                              <item value="/vcard/fn"><l:text>Full Name</l:text></item>
                            </xsl:otherwise>
                          </xsl:choose>
                          <xsl:choose>
                            <xsl:when test="@xpath and @xpath = '/vcard/nickname'">
                              <item selected="true" value="/vcard/nickname"><l:text>Nickname</l:text></item>
                            </xsl:when>
                            <xsl:otherwise>
                              <item value="/vcard/nickname"><l:text>Nickname</l:text></item>
                            </xsl:otherwise>
                          </xsl:choose>
                          <xsl:choose>
                            <xsl:when test="@xpath and @xpath = '/vcard/email/home'">
                              <item selected="true" value="/vcard/email/home"><l:text>Home E-mail</l:text></item>
                            </xsl:when>
                            <xsl:otherwise>
                              <item value="/vcard/email/home"><l:text>Home E-mail</l:text></item>
                            </xsl:otherwise>
                          </xsl:choose>
                          <xsl:choose>
                            <xsl:when test="@xpath and @xpath = '/vcard/email/work'">
                              <item selected="true" value="/vcard/email/work"><l:text>Work E-mail</l:text></item>
                            </xsl:when>
                            <xsl:otherwise>
                              <item value="/vcard/email/work"><l:text>Work E-mail</l:text></item>
                            </xsl:otherwise>
                          </xsl:choose>
                          <xsl:choose>
                            <xsl:when test="@xpath and @xpath = '/vcard/adr/home/street'">
                              <item selected="true" value="/vcard/adr/home/street"><l:text>Home Street</l:text></item>
                            </xsl:when>
                            <xsl:otherwise>
                              <item value="/vcard/adr/home/street"><l:text>Home Street</l:text></item>
                            </xsl:otherwise>
                          </xsl:choose>
                          <xsl:choose>
                            <xsl:when test="@xpath and @xpath = '/vcard/adr/home/city'">
                              <item selected="true" value="/vcard/adr/home/city"><l:text>Home City</l:text></item>
                            </xsl:when>
                            <xsl:otherwise>
                              <item value="/vcard/adr/home/city"><l:text>Home City</l:text></item>
                            </xsl:otherwise>
                          </xsl:choose>
                          <xsl:choose>
                            <xsl:when test="@xpath and @xpath = '/vcard/adr/home/pcode'">
                              <item selected="true" value="/vcard/adr/home/pcode"><l:text>Home Postal Code</l:text></item>
                            </xsl:when>
                            <xsl:otherwise>
                              <item value="/vcard/adr/home/pcode"><l:text>Home Postal Code</l:text></item>
                            </xsl:otherwise>
                          </xsl:choose>
                          <xsl:choose>
                            <xsl:when test="@xpath and @xpath = '/vcard/adr/home/region'">
                              <item selected="true" value="/vcard/adr/home/region"><l:text>Home State</l:text></item>
                            </xsl:when>
                            <xsl:otherwise>
                              <item value="/vcard/adr/home/region"><l:text>Home State</l:text></item>
                            </xsl:otherwise>
                          </xsl:choose>
                          <xsl:choose>
                            <xsl:when test="@xpath and @xpath = '/vcard/adr/home/ctry'">
                              <item selected="true" value="/vcard/adr/home/ctry"><l:text>Home Country/Region</l:text></item>
                            </xsl:when>
                            <xsl:otherwise>
                              <item value="/vcard/adr/home/ctry"><l:text>Home Country/Region</l:text></item>
                            </xsl:otherwise>
                          </xsl:choose>
                          <xsl:choose>
                            <xsl:when test="@xpath and @xpath = '/vcard/tel/home/text()'">
                              <item selected="true" value="/vcard/tel/home/text()"><l:text>Home Phone</l:text></item>
                            </xsl:when>
                            <xsl:otherwise>
                              <item value="/vcard/tel/home/text()"><l:text>Home Phone</l:text></item>
                            </xsl:otherwise>
                          </xsl:choose>
                          <xsl:choose>
                            <xsl:when test="@xpath and @xpath = '/vcard/tel/home/fax'">
                              <item selected="true" value="/vcard/tel/home/fax"><l:text>Home Fax</l:text></item>
                            </xsl:when>
                            <xsl:otherwise>
                              <item value="/vcard/tel/home/fax"><l:text>Home Fax</l:text></item>
                            </xsl:otherwise>
                          </xsl:choose>
                          <xsl:choose>
                            <xsl:when test="@xpath and @xpath = '/vcard/tel/cell'">
                              <item selected="true" value="/vcard/tel/cell"><l:text>Mobile Phone</l:text></item>
                            </xsl:when>
                            <xsl:otherwise>
                              <item value="/vcard/tel/cell"><l:text>Mobile Phone</l:text></item>
                            </xsl:otherwise>
                          </xsl:choose>
                          <xsl:choose>
                            <xsl:when test="@xpath and @xpath = '/vcard/webpage/home'">
                              <item selected="true" value="/vcard/webpage/home"><l:text>Personal Web Page</l:text></item>
                            </xsl:when>
                            <xsl:otherwise>
                              <item value="/vcard/webpage/home"><l:text>Personal Web Page</l:text></item>
                            </xsl:otherwise>
                          </xsl:choose>
                          <xsl:choose>
                            <xsl:when test="@xpath and @xpath = '/vcard/adr/work/street'">
                              <item selected="true" value="/vcard/adr/work/street"><l:text>Business Street</l:text></item>
                            </xsl:when>
                            <xsl:otherwise>
                              <item value="/vcard/adr/work/street"><l:text>Business Street</l:text></item>
                            </xsl:otherwise>
                          </xsl:choose>
                          <xsl:choose>
                            <xsl:when test="@xpath and @xpath = '/vcard/adr/work/city'">
                              <item selected="true" value="/vcard/adr/work/city"><l:text>Business City</l:text></item>
                            </xsl:when>
                            <xsl:otherwise>
                              <item value="/vcard/adr/work/city"><l:text>Business City</l:text></item>
                            </xsl:otherwise>
                          </xsl:choose>
                          <xsl:choose>
                            <xsl:when test="@xpath and @xpath = '/vcard/adr/work/pcode'">
                              <item selected="true" value="/vcard/adr/work/pcode"><l:text>Business Postal Code</l:text></item>
                            </xsl:when>
                            <xsl:otherwise>
                              <item value="/vcard/adr/work/pcode"><l:text>Business Postal Code</l:text></item>
                            </xsl:otherwise>
                          </xsl:choose>
                          <xsl:choose>
                            <xsl:when test="@xpath and @xpath = '/vcard/adr/work/region'">
                              <item selected="true" value="/vcard/adr/work/region"><l:text>Business State</l:text></item>
                            </xsl:when>
                            <xsl:otherwise>
                              <item value="/vcard/adr/work/region"><l:text>Business State</l:text></item>
                            </xsl:otherwise>
                          </xsl:choose>
                          <xsl:choose>
                            <xsl:when test="@xpath and @xpath = '/vcard/adr/work/ctry'">
                              <item selected="true" value="/vcard/adr/work/ctry"><l:text>Business Country/Region</l:text></item>
                            </xsl:when>
                            <xsl:otherwise>
                              <item value="/vcard/adr/work/ctry"><l:text>Business Country/Region</l:text></item>
                            </xsl:otherwise>
                          </xsl:choose>
                          <xsl:choose>
                            <xsl:when test="@xpath and @xpath = '/vcard/webpage/work'">
                              <item selected="true" value="/vcard/webpage/work"><l:text>Business Web Page</l:text></item>
                            </xsl:when>
                            <xsl:otherwise>
                              <item value="/vcard/webpage/work"><l:text>Business Web Page</l:text></item>
                            </xsl:otherwise>
                          </xsl:choose>
                          <xsl:choose>
                            <xsl:when test="@xpath and @xpath = '/vcard/tel/work/text()'">
                              <item selected="true" value="/vcard/tel/work/text()"><l:text>Business Phone</l:text></item>
                            </xsl:when>
                            <xsl:otherwise>
                              <item value="/vcard/tel/work/text()"><l:text>Business Phone</l:text></item>
                            </xsl:otherwise>
                          </xsl:choose>
                          <xsl:choose>
                            <xsl:when test="@xpath and @xpath = '/vcard/tel/work/fax'">
                              <item selected="true" value="/vcard/tel/work/fax"><l:text>Business Fax</l:text></item>
                            </xsl:when>
                            <xsl:otherwise>
                              <item value="/vcard/tel/work/fax"><l:text>Business Fax</l:text></item>
                            </xsl:otherwise>
                          </xsl:choose>
                          <xsl:choose>
                            <xsl:when test="@xpath and @xpath = '/vcard/tel/pager'">
                              <item selected="true" value="/vcard/tel/pager"><l:text>Pager</l:text></item>
                            </xsl:when>
                            <xsl:otherwise>
                              <item value="/vcard/tel/pager"><l:text>Pager</l:text></item>
                            </xsl:otherwise>
                          </xsl:choose>
                          <xsl:choose>
                            <xsl:when test="@xpath and @xpath = '/vcard/org/orgname'">
                              <item selected="true" value="/vcard/org/orgname"><l:text>Company</l:text></item>
                            </xsl:when>
                            <xsl:otherwise>
                              <item value="/vcard/org/orgname"><l:text>Company</l:text></item>
                            </xsl:otherwise>
                          </xsl:choose>
                          <xsl:choose>
                            <xsl:when test="@xpath and @xpath = '/vcard/title'">
                              <item selected="true" value="/vcard/title"><l:text>Job Title</l:text></item>
                            </xsl:when>
                            <xsl:otherwise>
                              <item value="/vcard/title"><l:text>Job Title</l:text></item>
                            </xsl:otherwise>
                          </xsl:choose>
                          <xsl:choose>
                            <xsl:when test="@xpath and @xpath = '/vcard/org/orgunit'">
                              <item selected="true" value="/vcard/org/orgunit"><l:text>Department</l:text></item>
                            </xsl:when>
                            <xsl:otherwise>
                              <item value="/vcard/org/orgunit"><l:text>Department</l:text></item>
                            </xsl:otherwise>
                          </xsl:choose>
                          <xsl:choose>
                            <xsl:when test="@xpath and @xpath = '/vcard/adr/work/location'">
                              <item selected="true" value="/vcard/adr/work/location"><l:text>Office Location</l:text></item>
                            </xsl:when>
                            <xsl:otherwise>
                              <item value="/vcard/adr/work/location"><l:text>Office Location</l:text></item>
                            </xsl:otherwise>
                          </xsl:choose>
                          <xsl:choose>
                            <xsl:when test="@xpath and @xpath = '/vcard/note'">
                              <item selected="true" value="/vcard/note"><l:text>Notes</l:text></item>
                            </xsl:when>
                            <xsl:otherwise>
                              <item value="/vcard/note"><l:text>Notes</l:text></item>
                            </xsl:otherwise>
                          </xsl:choose>
                          <xsl:choose>
                            <xsl:when test="@xpath and @xpath = '/vcard/birthday'">
                              <item selected="true" value="/vcard/birthday"><l:text>Birthday</l:text></item>
                            </xsl:when>
                            <xsl:otherwise>
                              <item value="/vcard/birthday"><l:text>Birthday</l:text></item>
                            </xsl:otherwise>
                          </xsl:choose>
                          <xsl:choose>
                            <xsl:when test="@xpath and @xpath = '/vcard/webpage/work'">
                              <item selected="true" value="/vcard/webpage/work"><l:text>Web Page</l:text></item>
                            </xsl:when>
                            <xsl:otherwise>
                              <item value="/vcard/webpage/work"><l:text>Web Page</l:text></item>
                            </xsl:otherwise>
                          </xsl:choose>
                          <xsl:choose>
                            <xsl:when test="@xpath and @xpath = '/vcard/webpage/home'">
                              <item selected="true" value="/vcard/webpage/home"><l:text>Personal Web Page</l:text></item>
                            </xsl:when>
                            <xsl:otherwise>
                              <item value="/vcard/webpage/home"><l:text>Personal Web Page</l:text></item>
                            </xsl:otherwise>
                          </xsl:choose>
                        </plate>
                      </xsl:when>
                      <xsl:when test="@type = 'Calendar'">
                        <plate name="connectToPlate" height="80">
                          <item value=""><l:text>Choose Category...</l:text></item>
                          <xsl:choose>
                            <xsl:when test="@xpath and @xpath = '/vevent/subject'">
                              <item selected="true" value="/vevent/subject"><l:text>Subject</l:text></item>
                            </xsl:when>
                            <xsl:otherwise>
                              <item value="/vevent/subject"><l:text>Subject</l:text></item>
                            </xsl:otherwise>
                          </xsl:choose>
                          <xsl:choose>
                            <xsl:when test="@xpath and @xpath = '/vevent/description'">
                              <item selected="true" value="/vevent/description"><l:text>Description</l:text></item>
                            </xsl:when>
                            <xsl:otherwise>
                              <item value="/vevent/description"><l:text>Description</l:text></item>
                            </xsl:otherwise>
                          </xsl:choose>
                          <xsl:choose>
                            <xsl:when test="@xpath and @xpath = '/vevent/startDate'">
                              <item selected="true" value="/vevent/startDate"><l:text>Start Date</l:text></item>
                            </xsl:when>
                            <xsl:otherwise>
                              <item value="/vevent/startDate"><l:text>Start Date</l:text></item>
                            </xsl:otherwise>
                          </xsl:choose>
                          <xsl:choose>
                            <xsl:when test="@xpath and @xpath = '/vevent/startTime'">
                              <item selected="true" value="/vevent/startTime"><l:text>Start Time</l:text></item>
                            </xsl:when>
                            <xsl:otherwise>
                              <item value="/vevent/startTime"><l:text>Start Time</l:text></item>
                            </xsl:otherwise>
                          </xsl:choose>
                          <xsl:choose>
                            <xsl:when test="@xpath and @xpath = '/vevent/endDate'">
                              <item selected="true" value="/vevent/endDate"><l:text>End Date</l:text></item>
                            </xsl:when>
                            <xsl:otherwise>
                              <item value="/vevent/endDate"><l:text>End Date</l:text></item>
                            </xsl:otherwise>
                          </xsl:choose>
                          <xsl:choose>
                            <xsl:when test="@xpath and @xpath = '/vevent/endTime'">
                              <item selected="true" value="/vevent/endTime"><l:text>End Time</l:text></item>
                            </xsl:when>
                            <xsl:otherwise>
                              <item value="/vevent/endTime"><l:text>End Time</l:text></item>
                            </xsl:otherwise>
                          </xsl:choose>
                          <xsl:choose>
                            <xsl:when test="@xpath and @xpath = '/vevent/location'">
                              <item selected="true" value="/vevent/location"><l:text>Location</l:text></item>
                            </xsl:when>
                            <xsl:otherwise>
                              <item value="/vevent/location"><l:text>Location</l:text></item>
                            </xsl:otherwise>
                          </xsl:choose>
                          <xsl:choose>
                            <xsl:when test="@xpath and @xpath = '/vevent/categories'">
                              <item selected="true" value="/vevent/categories"><l:text>Categories</l:text></item>
                            </xsl:when>
                            <xsl:otherwise>
                              <item value="/vevent/categories"><l:text>Categories</l:text></item>
                            </xsl:otherwise>
                          </xsl:choose>
                          <xsl:choose>
                            <xsl:when test="@xpath and @xpath = '/vevent/timeZone'">
                              <item selected="true" value="/vevent/timeZone"><l:text>Time Zone</l:text></item>
                            </xsl:when>
                            <xsl:otherwise>
                              <item value="/vevent/timeZone"><l:text>Time Zone</l:text></item>
                            </xsl:otherwise>
                          </xsl:choose>
                          <xsl:choose>
                            <xsl:when test="@xpath and @xpath = '/vevent/allDay'">
                              <item selected="true" value="/vevent/allDay"><l:text>All Day Event</l:text></item>
                            </xsl:when>
                            <xsl:otherwise>
                              <item value="/vevent/allDay"><l:text>All Day Event</l:text></item>
                            </xsl:otherwise>
                          </xsl:choose>
                        </plate>
                      </xsl:when>
                    </xsl:choose>
                  </combobox>
                </panel>
              </panel>
            </rule>
          </container>
        </layout>
        <!-- title="" l:title="First Row is header" -->
        <layout name="pnl1" type="column" height="30" align="right" padding="3px 5px 0 0" spacing="3">
          <label default="First row is header" l:default="First row is header" font="tahoma" size="12" color="#FFF" style="margin-top:4px;"/>
          <checkbox name="hasHeader" checked="true"/>
          <button name="Import" l:text="Import" text="Import" width="100"/>
          <!-- <button name="Tmp" l:text="Tmp" text="Tmp" style="padding-top: 5px; padding-right: 3px;" width="100"/> -->
<!--           <button name="Save" l:text="Save Layout" text="Save Layout" style="padding-top: 5px;" width="100"/>
          <button name="Load" l:text="Load Layout" text="Load Layout" style="padding-top: 5px;" width="100"/> -->
          <button name="Close" l:text="Close" text="Close" width="100"/>
        </layout>
      </layout>
    </panel>
  </view>

  <process name="ID" step="1" xlink:type="simple" xlink:actuate="onLoad">
    <trigger view="ID" component="Close" event="Select" step="close"/>
    <trigger view="ID" event="Opened" step="bindContainer"/>
    <trigger view="ID" component="connectTo" event="Select" step="setXpathValue"/>
    <trigger view="ID" component="Import" event="Select" step="importContacts"/>
<!--     <trigger view="ID" component="Save" event="Select" step="saveas"/>
    <trigger view="ID" component="Load" event="Select" step="open"/> -->
    <trigger view="ID" component="importBox" event="Release" step="hideHeader"/>
    <trigger view="ID" component="importBox" event="Select" step="includeHeader"/>
    <trigger view="ID" component="hasHeader" event="Select" step="fileHasHeader"/>
    <trigger view="ID" component="hasHeader" event="Release" step="noFileHeader"/>
    <!-- <trigger view="ID" component="Tmp" event="Select" step="placeOthers"/> -->

    <!--  Dialog Prompt -->
    <trigger view="MessageDialog" component="Cancel" event="Select" step="closeMessageDialog"/>

    <step id="1">
      <alias name="trigger" value="!"/>
      <alias name="mainChannel" value="xios"/>
      <operation name="decision"><!-- If no trigger open Document Selector to get file -->
        <when test="'{$trigger}' = ''">
          <alias name="okText" value="get-label('Open')"/>
          <alias name="cancelText" value="get-label('Cancel')"/>
          <alias name="impDoc" model="open">
            <dialog folder="{$main}://Documents" title="{$okText}">
              <label name="ok">{$okText}</label>
              <label name="cancel">{$cancelText}</label>
              <type mime="text/csv"/>
            </dialog>
          </alias>
          <alias name="trigger" model="value" value="$impDoc"/>
        </when>
      </operation>

      <operation name="open" value="$package#view[@name = 'ID']"/>
      <operation name="decision">
        <when test="'{is-alias(document)}' != 'true'">
          <alias name="document" value="Contacts"/>
        </when>
      </operation>
      <!-- selectedFolder is sent as a param. -->
      <operation name="decision">
        <when test="'{is-alias(selectedFolder)}' != 'true'">
          <alias name="userName" value="{$main}://searchUser()#/atom:feed/atom:entry/atom:title"/>
          <alias name="selectedFolder" value="{$main}://Contacts/{$userName}/" model="value"/>
        </when>
      </operation>
      <alias name="dataDoc" value="{$main}://mapCsv({$trigger},{$document})"/>
    </step>

    <step id="autoMatch">
      <operation name="foreach" value="{$dataDoc}#/csvEntries/header">
        <alias name="topheader" value="!"/>
        <operation name="decision" value="$mapData">
          <when test="/csvmap/column[text() = '{$topheader}']">
            <alias name="column" value="{{$mapData}#/csvmap/column[text() = '{$topheader}']/@xpath}"/>
            <operation name="change" value="$dataDoc">
              <store select="/csvEntries/header[text() = '{$topheader}']/@xpath" type="replaceText">{$column}</store>
            </operation>
          </when>
        </operation>
      </operation>
    </step>

    <step id="placeOthers">
      <operation name="foreach" value="{$mapData}#/csvmap/column/@xpath">
        <alias name="column" value="!"/>
        <alias name="compareXpath" value="{$dataDoc}#/csvEntries/header[@xpath = '{$column}']"/>
        <operation name="decision">
          <when test="'{$compareXpath}' = ''">
            <alias name="columnsLeft" value="false"/>
            <operation name="foreach" value="{$dataDoc}#/csvEntries/header[not(@xpath) or @xpath='']">
              <alias name="columnsLeft" value="true"/>
            </operation>
            <operation name="decision">
              <when test="'{$columnsLeft}' = 'true'">
                <operation name="change" value="$dataDoc">
                  <store select="/csvEntries/header[not(@xpath) or @xpath = ''][1]/@xpath" type="replaceText">{$column}</store>
                </operation>
              </when>
            </operation>
          </when>
        </operation>
      </operation>
    </step>

    <step id="fileHasHeader">
      <alias name="dataDoc" value="{$main}://mapCsv({$trigger},{$document})"/>
      <operation name="call" value="bindContainer"/>
    </step>

    <step id="noFileHeader">
      <alias name="dataDoc" value="{$main}://mapCsv({$trigger},{$document},false)"/>
      <operation name="call" value="bindContainer"/>
    </step>

    <step id="bindContainer">
      <operation name="decision">
        <when test="'{$document}' = 'Contacts'">
          <alias name="mapData" value="apply-locale(apps/productivity/data/importBase.xml)" model="data"/>
        </when>
        <when test="'{$document}' = 'Calendar'">
          <alias name="mapData" value="apply-locale(apps/productivity/data/importBaseCal.xml)" model="data"/>
        </when>
      </operation>
      <operation name="call" value="autoMatch"/>
      <operation name="call" value="wordList"/>
      <operation name="call" value="placeOthers"/>
      <operation name="bind" value="$dataDoc">
        <component name="csvEntries" view="ID" select="/"/>
      </operation>
    </step>

    <step id="includeHeader">
      <alias name="item" value="!"/>
      <alias name="header" value="{#ID#csvEntries}"/>
      <!-- <operation name="debug" value="SHOW">alert:plain</operation> -->
      <operation name="change" value="$dataDoc">
        <store select="/csvEntries/header[text() = '{$header}']/@show" type="replaceText">true</store>
      </operation>
    </step>

    <step id="hideHeader">
      <alias name="item" value="!"/>
      <alias name="header" value="{#ID#csvEntries}"/>
      <!-- <operation name="debug" value="HIDE">alert:plain</operation> -->
      <operation name="change" value="$dataDoc">
        <store select="/csvEntries/header[text() = '{$header}']/@show" type="replaceText">false</store>
      </operation>
    </step>

    <step id="open">
      <alias name="okText" value="get-label('Open')"/>
      <alias name="cancelText" value="get-label('Cancel')"/>
      <alias name="dataDoc" model="open">
        <dialog folder="{$main}://Documents" title="{$okText}">
          <label name="ok">{$okText}</label>
          <label name="cancel">{$cancelText}</label>
          <type mime="text/xml"/>
        </dialog>
      </alias>
      <alias name="dataDoc" model="value" value="$dataDoc"/>
      <alias name="fileName" value="filename($dataDoc)"/>
      <operation name="callMethod" value="#ID">
        <method name="setTitle">
          <param type="string"/>
          <param type="string">{$fileName}</param>
        </method>
      </operation>
      <operation name="bind" value="$dataDoc">
        <component name="csvEntries" view="ID" select="/"/>
      </operation>
    </step>

    <step id="wordList">
      <operation name="decision" value="{$mainChannel}://Applications/Data/Importdialog.xml">
        <when exists="true">
          <alias name="imData" model="value" value="{$mainChannel}://Applications/Data/Importdialog.xml"/>
          <operation name="foreach" value="$dataDoc#csvEntries/header[not(@xpath)]">
            <alias name="item" value="!"/>
            <alias name="gotXpath" value="{$imData}#csvEntries/header[text() = '{escape-text({$item#text()})}']/@xpath"/>
            <operation name="decision">
              <when test="'{$gotXpath}' != ''">
                <!-- <operation name="debug" value="$gotXpath">alert:plain</operation> -->
                <operation name="change" value="$item">
                  <store type="replaceText" select="@xpath">{$gotXpath}</store>
                </operation>
              </when>
            </operation>
          </operation>
<!--           <alias name="fileName" value="filename($dataDoc)"/>
          <operation name="callMethod" value="#ID">
            <method name="setTitle">
              <param type="string"/>
              <param type="string">{$fileName}</param>
            </method>
          </operation> -->
        </when>
      </operation>
    </step>

    <step id="doNothing">
      <operation name="debug" value="DoNothing"></operation>
    </step>

    <step id="autoSaveWordList">
      <operation name="decision" value="{$mainChannel}://Applications/Data/Importdialog.xml">
        <when exists="true" step="doNothing"/>
        <otherwise>
          <operation name="filesystem" value="{$mainChannel}://Applications/Data/">
            <create type="file" name="Importdialog.xml" path="true">
              <content type="text/xml">
                <csvEntries/>
              </content>
            </create>
          </operation>
        </otherwise>
      </operation>
      <alias name="imData" value="{$mainChannel}://Applications/Data/Importdialog.xml"/>
      <operation name="foreach" value="$dataDoc#csvEntries/header[@xpath and @xpath != '' and @show = 'true']">
        <alias name="item" value="!"/>
        <alias name="theXpath" value="csvEntries/header[text() = '{escape-text({$item#text()})}']"/>
        <operation name="decision">
          <when test="'{{$imData}#{$theXpath}}' != ''">
            <operation name="change" value="$imData">
              <store type="replace" select="csvEntries/header[text() = '{escape-text({$item#text()})}']">
                <header xpath="{$item#@xpath}">{escape-text({$item#text()})}</header>
              </store>
            </operation>
          </when>
          <otherwise>
            <operation name="change" value="$imData">
              <store type="append" select="/csvEntries">
                <header xpath="{$item#@xpath}">{escape-text({$item#text()})}</header>
              </store>
            </operation>
          </otherwise>
        </operation>
      </operation>
      <operation name="save" value="$imData"/>
    </step>

    <step id="importContacts">
      <alias name="headerChecked" value="{#ID#hasHeader}" model="value"/>
      <operation name="close" value="ID"/>
      <operation name="call" value="autoSaveWordList"/>
      <operation name="decision">
        <when test="'{$document}' = 'Contacts'">
          <operation name="import" value="$trigger">
            <type name="csv" delimiter=";|," map="{$dataDoc}" hasColumns="{$headerChecked}"/>
            <template value="apps/productivity/data/vCard.xml"/>
            <output value="#ImportedContacts">
              <contacts/>
            </output>
          </operation>
          <operation name="call" value="doImport"/>
        </when>
        <when test="'{$document}' = 'Calendar'">
          <operation name="import" value="$trigger">
            <type name="csv" delimiter=";|," map="{$dataDoc}"/>
            <template value="apps/productivity/data/vEvent.xml"/>
            <output value="#ImportedCalendar">
              <events/>
            </output>
          </operation>
          <operation name="call" value="doImportCal"/>
        </when>
        <otherwise>
          <operation name="debug" value="No supported type, should be Calendar or Contacts"></operation>
        </otherwise>
      </operation>
    </step>

    <step id="setXpathValue">
      <alias name="item" value="!"/>
      <alias name="header" value="{#ID#csvEntries}"/>
      <operation name="call" value="checkDuplicate"/>
      <operation name="decision">
        <when test="'{$abort}' = 'false' and '{$item}' != '' and '{$item}' != 'Choose Category...'">
          <operation name="change" value="$dataDoc">
            <store select="/csvEntries/header[text() = '{$header}']/@xpath" type="replaceText">{$item}</store>
          </operation>
        </when>
        <when test="'{$item}' = 'Choose Category...'">
          <operation name="change" value="$dataDoc">
            <store select="/csvEntries/header[text() = '{$header}']/@xpath" type="replaceText"></store>
          </operation>
        </when>
      </operation>
    </step>

    <step id="duplicateContact">
      <operation name="callMethod" value="#importProgress#label">
        <method name="setValue">
          <param type="string">{get-label('Duplicate')} {$fileCount}: {$vcard#fn}</param>
        </method>
      </operation>
    </step>

    <step id="doImportCal" name="Import contacts">
      <operation name="open" value="#importDialog"/>
      <alias name="fileCount" value="1"/>
      <operation name="foreach" value="#ImportedCalendar#/events/vevent">
        <alias name="vevent" value="!"/>
        <!-- TODO: Check duplicates -->
        <operation name="call" value="createAppointment"/>
        <alias name="fileCount" value="={$fileCount} + 1" model="value"/>
      </operation>
      <operation name="close" value="importProgress"/>
      <operation name="call" value="importCompletedDialog"/>
    </step>

    <step id="createAppointment" name="Create csv appointment as vevent">
      <operation name="callMethod" value="#importProgress#label">
        <method name="setValue">
          <param type="string">{get-label('Importing')} {$fileCount}: {$vevent#subject}</param>
        </method>
      </operation>

      <alias name="filename" value="{$vevent#subject}{$tm}"/>
      <operation name="decision">
        <when test="'{$filename}' = ''">
          <alias name="filename" value="{$vevent#subject}"/>
        </when>
      </operation>
      <!-- <operation name="debug" value="$selectedFolder">alert:plain</operation> -->
      <operation name="filesystem" value="$selectedFolder">
        <create name="{$filename}.xml" type="file">
          <content type="text/xml">{xml($vevent)}</content>
        </create>
      </operation>
    </step>

    <step id="doImport" name="Import contacts">
      <operation name="open" value="#importDialog"/>
      <alias name="fileCount" value="1"/>
      <alias name="searchContacts" value="{{$main}://search({$main}://Contacts/,*,true)}"/>
      <operation name="foreach" value="#ImportedContacts#/contacts/vcard">
        <alias name="vcard" value="!"/>
        <operation name="decision">
          <when test="'{$vcard#@add}' = 'true'">
            <operation name="decision">
              <when test="'{$searchContacts#/atom:feed/atom:entry[atom:title = '{$vcard#fn}.xml']/atom:title}' != ''" step="duplicateContact"/>
              <otherwise step="createContact"/>
            </operation>
            <alias name="fileCount" value="={$fileCount} + 1" model="value"/>
          </when>
        </operation>
      </operation>
      <operation name="close" value="importProgress"/>
      <operation name="close" value="$searchContacts">
        <mode>document</mode>
      </operation>
      <operation name="call" value="importCompletedDialog"/>
    </step>

    <step id="createContact" name="Create csv contact as vcard">
      <alias name="filename" value="{$vcard#n/given}"/>
      <operation name="decision">
        <when test="'{$filename}' = ''">
          <alias name="filename" value="substring('{$vcard#email}', 'endString:@')"/>
        </when>
      </operation>
      <operation name="decision">
        <when test="'{$filename}' = ''">
          <alias name="filename" value="contact{$tm}"/>
        </when>
      </operation>
      <operation name="callMethod" value="#importProgress#label">
        <method name="setValue">
          <param type="string">{get-label('Importing')} {$fileCount}: {$filename}</param>
        </method>
      </operation>

      <operation name="filesystem" value="$selectedFolder">
        <create name="{$filename}.xml" type="file">
          <content type="text/xml">{xml($vcard)}</content>
        </create>
      </operation>
    </step>

    <step id="checkDuplicate">
      <alias name="abort" value="false"/>
      <operation name="foreach" value="{$dataDoc}#csvEntries/header/@xpath">
        <alias name="boundXpath" value="!"/>
        <operation name="decision">
          <when test="'{$boundXpath}' = '{$item}' and '{$boundXpath}' != ''">
            <alias name="abort" value="true"/>
            <alias name="oldValue" value="$item"/>
            <operation name="callMethod" value="$item">
              <method name="setValue">
                <param type="string">Choose Category...</param>
              </method>
            </operation>
          </when>
        </operation>
      </operation>
    </step>

    <step id="close">
      <operation name="close" value="ID"/>
      <!-- <operation name="call" value="autoSaveWordList"/> -->
    </step>

    <step id="importCompletedDialog" name="Prompt dialog when importing completed">
      <alias name="viewName" value="MessageDialog" model="value"/>
      <alias name="textTitle" value="get-label('Import Finished')" model="value"/>
      <alias name="textDialog" value="get-label('Import has been completed')" model="value"/>
      <alias name="textCancel" value="get-label('OK')" model="value"/>
      <alias name="okBtn" value="hide" model="value"/>
      <operation name="call" value="dialogPrompt"/>
    </step>

    <step id="dialogPrompt" name="DialogPrompt">
      <operation name="open" value="xios/apps/system/dialog.xml">
        <name>{$viewName}</name>
      </operation>
      <operation name="action" value="#{$viewName}">
        <component name="OK" action="{$okBtn}"/>
      </operation>
      <operation name="callMethod" value="#{$viewName}">
        <method name="setTitle">
          <param type="string">{$textTitle}</param>
        </method>
      </operation>
      <operation name="callMethod" value="#{$viewName}#Label">
        <method name="setValue">
          <param type="string">{$textDialog}</param>
        </method>
      </operation>
      <operation name="callMethod" value="#{$viewName}#OK">
        <method name="setValue">
          <param type="string">{$textOK}</param>
        </method>
      </operation>
      <operation name="callMethod" value="#{$viewName}#Cancel">
        <method name="setValue">
          <param type="string">{$textCancel}</param>
        </method>
      </operation>
      <operation name="callMethod" value="#{$viewName}#Label">
        <method name="activate"/>
      </operation>
    </step>

    <step id="closeMessageDialog">
      <operation name="close" value="MessageDialog"/>
    </step>
  </process>
</application>
