<?xml version="1.0"?>

<application xmlns:l="http://xios3.com/lang" name="Application Installer" icon="xios/gui/icons/32x32/shopbag_pink.png" instances="0" xmlns:xlink="http://www.w3.org/1999/xlink">
  <about loader="false" version="1.0" revised="2010-04-06" created="2010-10-28" author="Andreas Forsen" copyright="Copyright © 2018 XIOS/3 AB. All rights reserved." publisher="CloudTop">
    <description>Install Wizard</description>
    <license xlink:type="simple" xlink:actuate="onRequest" xlink:href="https://xios3.com/license/xios_1.xml">XIOS.1</license>
    <installed>2010-04-06</installed>
  </about>

  <view name="installer" look="alert" alwaysontop="true" xlink:type="simple" xlink:actuate="onLoad" title="Install Application" author="Caspar Raarup, Andreas Forsen" created="2010-04-06" revised="2010-04-06" height="200" minHeight="200" minWidth="465" width="465" winstate="false" icon="xios/gui/icons/16x16/shopbag_pink.png" resize="true">
    <panel name="root" type="row" width="100%" height="100%" padding="2">
      <panel name="panel1" type="row" width="100%" height="100%" padding="8">
        <label name="app_name" default="" size="14" color="#fff" style="font-family:Tahoma;font-size:11pt;font-weight:bold;" width="100%"/>
        <panel name="installPanel" align="right" valign="bottom" height="100%" width="100%" hide="true">
          <button name="install" text="Install" l:text="Install" width="100"/>
          <button name="Uninstall" text="Uninstall" l:text="Uninstall" width="100" hide="true"/>
          <button name="cancel" text="Cancel" width="100"/>
          <button name="okAlreadyInstalled" text="OK" width="100" hide="true"/>
        </panel>
      </panel>
      <panel name="panel2" type="row" width="100%" height="100%" padding="8" style="margin-top: 10px;" hide="true">
        <label name="confirmation" default="" size="15" color="#fff" style="font-family:Tahoma; font-size: 11pt; font-weight:bold;" width="100%"></label>
        <panel name="rightAlign" align="right" type="row" valign="bottom" width="100%">
          <button name="ok" text="OK" width="80"/>
        </panel>
      </panel>
      <panel name="panel3" type="row" width="100%" height="100%" padding="8" style="margin-top: 10px;" hide="true">
        <label name="appNameLabel" default="" color="#fff" style="font-family:Tahoma;font-size: 11pt; font-weight:bold;" width="100%"></label>
        <slider name="progressSlider" max="100" min="0" default="0" width="100%" type="media"/>
        <label name="appProgress" default="" color="#fff" style="font-family:Tahoma;font-size: 9pt; font-weight:bold;" width="100%"></label>
      </panel>
    </panel>
  </view>

  <process name="installerProcess" xlink:type="simple" xlink:actuate="onLoad" description="Install Application Process" author="Caspar Raarup, Andreas Forsen">
    <trigger view="installer" component="install" event="Select" step="installApplication"/>
    <trigger view="installer" component="Uninstall" event="Select" step="doUninstall"/>
    <trigger view="installer" component="cancel" event="Select" step="closeApp"/>
    <trigger view="installer" component="ok" event="Select" step="closeApp"/>
    <trigger view="installer" component="okAlreadyInstalled" event="Select" step="closeApp"/>

    <step id="1">
      <alias name="appId" value="!"/>
      <alias name="appsList" value="config/applications.xml"/>
      <alias name="appEntry" value="$appsList#/applications/*[@id = '{$appId}']"/>
      <alias name="appName" value="get-label('{$appEntry#@name}')"/>
      <operation name="decision">
        <when test="'{is-alias(uninstall)}' = 'true'">
          <!-- Uninstall -->
          <operation name="callMethod" value="#installer">
            <method name="setTitle">
              <param type="string">{get-label('Uninstall')}</param>
            </method>
          </operation>
          <operation name="decision" value="{$main}://appsInstalled()">
            <when test="//*[@id = '{$appId}']/@id != ''">
              <!-- Do you wish to uninstall with yes and no -->
              <operation name="action" value="#installer">
                <component name="install" action="hide"/>
                <component name="Uninstall" action="show"/>
                <component name="cancel" action="show"/>
                <component name="installPanel" action="show"/>
                <component name="okAlreadyInstalled" action="hide"/>
              </operation>
              <operation name="callMethod" value="#installer#app_name">
                <method name="setValue">
                  <param type="string">{get-label('Do you wish to uninstall', 'appName:{$appName}')}</param>
                </method>
              </operation>
            </when>
            <when test="//*[tag = '{$appId}']">
              <!-- Do you wish to uninstall category yes and no -->
              <alias name="appName" value="get-label('{$appId}')"/>
              <operation name="action" value="#installer">
                <component name="install" action="hide"/>
                <component name="Uninstall" action="show"/>
                <component name="cancel" action="show"/>
                <component name="installPanel" action="show"/>
                <component name="okAlreadyInstalled" action="hide"/>
              </operation>
              <operation name="callMethod" value="#installer#app_name">
                <method name="setValue">
                  <param type="string">{get-label('Do you wish to uninstall', 'appName:{$appName}')}</param>
                </method>
              </operation>
            </when>
            <otherwise>
              <!-- Try to uninstall an app that is not installed -->
              <operation name="decision">
                <when test="'{is-alias(category)}' = 'true'">
                  <alias name="appName" value="get-label('{$appId}')"/>
                </when>
              </operation>
              <operation name="action" value="#installer">
                <component name="install" action="hide"/>
                <component name="cancel" action="hide"/>
                <component name="installPanel" action="show"/>
                <component name="okAlreadyInstalled" action="show"/>
              </operation>
              <operation name="callMethod" value="#installer#app_name">
                <method name="setValue">
                  <param type="string">{get-label('App is not installed!', 'appName:{$appName}')}</param>
                </method>
              </operation>
            </otherwise>
          </operation>
        </when>
        <otherwise>
          <operation name="decision" value="{$main}://appsInstalled()">
            <when test="//*[@id = '{$appId}']/@id != ''">
              <!-- application is already installed -->
              <operation name="action" value="#installer">
                <component name="install" action="hide"/>
                <component name="cancel" action="hide"/>
                <component name="okAlreadyInstalled" action="show"/>
                <component name="installPanel" action="show"/>
              </operation>
              <operation name="callMethod" value="#installer#app_name">
                <method name="setValue">
                  <param type="string">{get-label('isAlreadyInstalled', 'appName:{$appName}')}</param>
                </method>
              </operation>
            </when>
            <otherwise>
              <operation name="decision">
                <when test="'{is-alias(installConfirm)}' = 'true'">
                  <!-- install app directly -->
                  <operation name="call" value="installApplication"/>
                </when>
                <otherwise>
                  <!-- install application with yes no buttons -->
                  <operation name="callMethod" value="#installer#app_name">
                    <method name="setValue">
                      <param type="string">{get-label('Do you want to install', 'appName:{$appName}')}</param>
                    </method>
                  </operation>
                  <operation name="action" value="#installer">
                    <component name="installPanel" action="show"/>
                  </operation>
                </otherwise>
              </operation>
            </otherwise>
          </operation>
        </otherwise>
      </operation>
    </step>

    <step id="doUninstall" error="failedUninstall">
      <operation name="action" value="#installer">
        <component action="disable" name="Uninstall"/>
        <component action="disable" name="cancel"/>
      </operation>
      <alias name="appName" value="get-label('{$appEntry#@name}')"/>
      <operation name="callMethod" value="#installer#appNameLabel">
        <method name="setValue">
          <param type="string">{get-label('RemovingApp', 'appName:{$appName}')}</param>
        </method>
      </operation>
      <operation name="action" value="#installer">
        <component name="panel1" action="hide"/>
        <component name="panel2" action="hide"/>
        <component name="panel3" action="show"/>
      </operation>
      <alias name="progress" value="1"/>
      <alias name="uninstallDoc" value="{$main}://uninstall({$appId})"/>
      <operation name="open" value="{$main}://uninstall({$appId})"/>
      <alias name="maxProgress" value="$uninstallDoc#/status/@steps"/>
      <alias name="progressAdd" value="={100/({$maxProgress} - 1)}"/>
      <alias name="totalProgress" value="0"/>
      <alias name="isUninstalled" value="false"/>
      <operation name="call" value="updateUninstallProgress">
        <timer interval="500"/>
      </operation>
      <operation name="decision">
        <when test="'{is-alias(category)}' = 'true'">
          <operation name="config" value="$appId">
            <uninstall type="category"/>
          </operation>
        </when>
        <otherwise>
          <operation name="config" value="$appId">
            <uninstall/>
          </operation>
        </otherwise>
      </operation>
      <alias name="isUninstalled" value="true"/>
    </step>

    <step id="updateUninstallProgress">
      <!-- <operation name="debug" value="$progress"/> -->
      <alias name="oldExpression" value="$uninstallDoc#/status/entry[{$previousProgress}]"/>
      <alias name="testExpression" value="$uninstallDoc#/status/entry[{$progress}]"/>
      <operation name="decision">
        <when test="'{$testExpression}' != ''">
          <operation name="callMethod" value="#installer#appProgress">
            <method name="setValue">
              <param type="string">{$testExpression}</param>
            </method>
          </operation>
          <operation name="callMethod" value="#installer#progressSlider">
            <method name="setValue">
              <param type="string">{$totalProgress}</param>
            </method>
          </operation>
          <alias name="totalProgress" value="={{$totalProgress} + {$progressAdd}}" model="value"/>
          <alias name="previousProgress" value="$progress" model="value"/>
          <alias name="progress" value="={{$progress} + 1}" model="value"/>
        </when>
        <when test="'{$progress}'&gt;'{$maxProgress}' or '{$isUninstalled}' = 'true'">
          <operation name="call" value="updateUninstallProgress">
            <timer interval="stop"/>
          </operation>
          <operation name="call" value="closeApp"/>
        </when>
        <otherwise>
          <operation name="callMethod" value="#installer#appProgress">
            <method name="setValue">
              <param type="string">{$oldExpression}</param>
            </method>
          </operation>
        </otherwise>
      </operation>
    </step>

    <step id="failedUninstall">
      <alias name="appName" value="get-label('{$appEntry#@name}')"/>
      <operation name="callMethod" value="#installer#confirmation">
        <method name="setValue">
          <param type="string">{get-label('errorUninstall', 'appName:{$appName}')}</param>
        </method>
      </operation>
      <operation name="action" value="#installer">
        <component name="panel1" action="hide"/>
        <component name="panel2" action="show"/>
        <component name="panel3" action="hide"/>
      </operation>
      <operation name="call" value="updateUninstallProgress">
        <timer interval="stop"/>
      </operation>
    </step>

    <step id="uninstalled">
      <alias name="appName" value="get-label('{$appEntry#@name}')"/>
      <operation name="callMethod" value="#installer#confirmation">
        <method name="setValue">
          <param type="string">{get-label('isNowUninstalled', 'appName:{$appName}')}</param>
        </method>
      </operation>
      <operation name="action" value="#installer">
        <component name="panel1" action="hide"/>
        <component name="panel2" action="show"/>
        <component name="panel3" action="hide"/>
      </operation>
    </step>

    <step id="installApplication" error="failedInstalled">
      <operation name="action" value="#installer">
        <component action="disable" name="install"/>
        <component action="disable" name="cancel"/>
      </operation>
      <alias name="appName" value="get-label('{$appEntry#@name}')"/>
      <operation name="callMethod" value="#installer#appNameLabel">
        <method name="setValue">
          <param type="string">{get-label('InstallingApp', 'appName:{$appName}')}</param>
        </method>
      </operation>
      <operation name="action" value="#installer">
        <component name="panel1" action="hide"/>
        <component name="panel2" action="hide"/>
        <component name="panel3" action="show"/>
      </operation>
      <alias name="progress" value="1"/>
      <alias name="installDoc" value="{$main}://install({$appId})"/>
      <operation name="open" value="$installDoc"/>
      <alias name="maxProgress" value="$installDoc#/status/@steps"/>
      <alias name="progressAdd" value="={100/({$maxProgress} - 1)}"/>
      <alias name="totalProgress" value="0"/>
      <alias name="isInstalled" value="false"/>
      <operation name="call" value="updateInstallProgress">
        <timer interval="500"/>
      </operation>
      <alias name="installedWidgetIsAttached" value="config/applications.xml#/applications/widget[@id = '{$appId}']/attached"/>
      <operation name="decision">
        <when test="'{$installedWidgetIsAttached}' = 'true'">
          <operation name="open" value="apps/desktop/processes/desktop.xml">
            <step id="showSidePanel"/>
            <param name="dontUpdateSidePane" value="false"/>
          </operation>
        </when>
      </operation>
      <operation name="decision">
        <when test="'{is-alias(category)}' = 'true'">
          <operation name="config" value="$appId">
            <install type="category"/>
          </operation>
        </when>
        <otherwise>
          <operation name="config" value="$appId">
            <install/>
          </operation>
        </otherwise>
      </operation>
      <alias name="isInstalled" value="true"/>
    </step>

    <step id="updateInstallProgress">
      <!-- <operation name="debug" value="$progress"/> -->
      <alias name="oldExpression" value="$installDoc#/status/entry[{$previousProgress}]"/>
      <alias name="testExpression" value="$installDoc#/status/entry[{$progress}]"/>
      <operation name="decision">
        <when test="'{$testExpression}' != ''">
          <operation name="callMethod" value="#installer#appProgress">
            <method name="setValue">
              <param type="string">{$testExpression}</param>
            </method>
          </operation>
          <operation name="callMethod" value="#installer#progressSlider">
            <method name="setValue">
              <param type="string">{$totalProgress}</param>
            </method>
          </operation>
          <alias name="totalProgress" value="={{$totalProgress} + {$progressAdd}}" model="value"/>
          <alias name="previousProgress" value="$progress" model="value"/>
          <alias name="progress" value="={{$progress} + 1}" model="value"/>
        </when>
        <when test="'{$progress}'&gt;'{$maxProgress}' or '{$isInstalled}' = 'true'">
          <operation name="call" value="updateInstallProgress">
            <timer interval="stop"/>
          </operation>
          <operation name="call" value="closeApp"/>
        </when>
        <otherwise>
          <operation name="callMethod" value="#installer#appProgress">
            <method name="setValue">
              <param type="string">{$oldExpression}</param>
            </method>
          </operation>
        </otherwise>
      </operation>
    </step>

    <step id="appInstalled">
      <alias name="appName" value="get-label('{$appEntry#@name}')"/>
      <operation name="callMethod" value="#installer#confirmation">
        <method name="setValue">
          <param type="string">{get-label('successInstall', 'appName:{$appName}')}</param>
        </method>
      </operation>
      <operation name="action" value="#installer">
        <component name="panel1" action="hide"/>
        <component name="panel2" action="show"/>
        <component name="panel3" action="hide"/>
      </operation>

      <!-- see if the installed app is a widget and if it is attached, we then need to make sure the widget pane is shown -->
      <alias name="installedWidgetIsAttached" value="{$main}://appsInstalled()#/applications/widget[@id = '{$appId}']/attached"/>
      <operation name="decision">
        <when test="'{$installedWidgetIsAttached}' = 'true'">
          <operation name="open" value="apps/desktop/processes/desktop.xml">
            <step id="showSidePanel"/>
          </operation>
        </when>
      </operation>
    </step>

    <step id="failedInstalled">
      <alias name="appName" value="get-label('{$appEntry#@name}')"/>
      <operation name="callMethod" value="#installer#confirmation">
        <method name="setValue">
          <param type="string">{get-label('errorInstall', 'appName:{$appName}')}</param>
        </method>
      </operation>
      <operation name="action" value="#installer">
        <component name="panel1" action="hide"/>
        <component name="panel2" action="show"/>
        <component name="panel3" action="hide"/>
      </operation>
      <operation name="call" value="updateInstallProgress">
        <timer interval="stop"/>
      </operation>
    </step>

    <step id="closeApp">
      <operation name="close" value="installer"/>
      <!-- fileToOpen is a param alias that if set it will open the file after install /CR -->
      <operation name="decision">
        <when test="'{is-alias(fileToOpen)}' = 'true'">
          <operation name="decision">
            <when test="'{$fileAction}' = 'edit'">
              <operation name="open" value="$fileToOpen">
                <action>edit</action>
              </operation>
            </when>
            <otherwise>
              <operation name="open" value="$fileToOpen"/>
            </otherwise>
          </operation>
        </when>
      </operation>
    </step>
  </process>
</application>
