<?xml version="1.0"?>

<application xmlns:l="http://xios3.com/lang" name="Invite Friends" icon="xios/icons/objects/32x32/users3_add.png" instances="1" xmlns:xlink="http://www.w3.org/1999/xlink" theme="liquid">
  <settings>
    <localedir>locale/invite</localedir>
  </settings>
  <about loader="false" version="1.05" revised="2010-01-14" created="2008-04-10" author="Daniel Ronnelin" copyright="Copyright © 2018 XIOS/3 AB. All rights reserved." publisher="CloudTop">
    <description>Invite your friends to the cloudme OS</description>
    <license xlink:type="simple" xlink:actuate="onRequest" xlink:href="https://xios3.com/license/xios_1.xml">XIOS.1</license>
  </about>
  <resources/>

  <view xlink:actuate="onLoad" name="Invite" title="Invite Friends" l:title="Invite Friends" icon="icon://objects/users3_add" height="380" width="672" winstate="false" resize="false" look="liquid">
    <panel name="startPanels" type="row" height="310" width="660">
      <panel name="mainContent" type="column" height="285" width="495" padding="10">
        <panel type="row" height="255" width="310" title="Invitation message" l:title="Invitation message" style="padding:0 10px 0 10px;">
          <label name="label4" size="12" color="#FFFFFF" default="Please enter your name and message to be presented in your friends invitation email." l:default="inviteInstruction" style="padding-top:16px;"/>
          <input name="inputYourName" width="165" label="Your name" l:label="Your name" tabindex="16" lstyle="margin-top:16px;" look="graphite"/>
          <textarea name="textarea" height="130" width="290" default="I have used the cloudme service (Cloud OS) and think that you would like it." l:default="personalMessageText" wrap="hard" tabindex="17" label="Personal message" l:label="Personal message" lstyle="margin-top:4px;" look="graphite"/>
        </panel>
        <panel height="255" width="310" type="row" title="Friends to invite" l:title="Friends to invite" style="padding:16px 12px 0 10px;">
          <boxlist showall="true" label="Email address" l:label="Email address" tabindex="2" verifymailaddress="true" look="graphite" name="inviteMails" width="290" height="217">
            <identity users="false" contacts="true" showmail="true" l:header="Email address" header="Email address" multiselect="true" showallmail="true" friends="false" groups="false" name="plateName2" height="150"/>
          </boxlist>
        </panel>
      </panel>
      <panel name="messagePanel" type="row" height="275" width="660" padding="10" hide="true">
        <label name="message" size="12" color="#FFFFFF" style="padding-right:15px;" default="Your invitations have been sent!" l:default="invitationsSent"/>
      </panel>
      <panel type="column" align="right" height="35" width="660" style="padding-top: 0; padding-right: 6px;">
        <button name="close" width="80" text="Close" l:text="Close" hide="true" />
        <button name="invite" width="80" text="Invite" l:text="Invite"/>
        <button name="cancel" width="80" text="Cancel" l:text="Cancel" />
      </panel>
    </panel>
  </view>

  <process xlink:actuate="onLoad" name="Invite Friends">
    <trigger view="Invite"           component="cancel" event="Select" step="close"/>
    <trigger view="Invite"           component="close"  event="Select" step="close"/>
    <trigger view="Invite"           component="invite" event="Select" step="executeSendInviteNew"/>
    <trigger view="Invite"           component="add"    event="Select" step="restoreDefault"/>
    <trigger view="InvitationDialog" component="OK"     event="Select" step="closeDialog"/>

    <step id="1" name="Init application">
      <alias name="userDisplay" value="{$main}://searchUser()#/atom:feed/atom:entry/dc:display"/>
      <operation name="callMethod" value="#Invite#inputYourName">
        <method name="setValue">
          <param type="string">{$userDisplay}</param>
        </method>
      </operation>
    </step>

    <step id="displayInvitationComplete" name="Display the invitation text">
      <alias name="labelText" value="get-label('hasBeenSentCounter', 'invitationCounter:{$invitationCounter}')"/>
      <operation name="decision">
        <when test="{$invitationCounter} = 1" step="changeLabelText"/>
      </operation>

      <operation name="callMethod" value="#Invite#message">
        <method name="setValue">
          <param type="string">{$labelText}</param>
        </method>
      </operation>

      <operation name="action" value="#Invite">
        <component name="mainContent" action="hide"/>
        <component name="messagePanel" action="show"/>
      </operation>

      <operation name="action" value="#Invite">
        <component name="invite" action="hide"/>
        <component name="cancel" action="hide"/>
        <component name="close" action="show"/>
      </operation>
    </step>

    <step id="dialogPrompt" name="Prompt a Dialog">
      <operation name="open" value="xios/apps/system/dialog.xml">
        <name>InvitationDialog</name>
      </operation>
      <operation name="action" value="#InvitationDialog">
        <component name="Cancel" action="hide"/>
      </operation>
      <operation name="callMethod" value="#InvitationDialog">
        <method name="setTitle">
          <param type="string">{$titleText}</param>
        </method>
      </operation>
      <operation name="callMethod" value="#InvitationDialog#Label">
        <method name="setValue">
          <param type="string">{$labelText}</param>
        </method>
      </operation>
      <operation name="callMethod" value="#InvitationDialog#OK">
        <method name="setValue">
          <param type="string">{get-label('OK')}</param>
        </method>
      </operation>
      <operation name="callMethod" value="#InvitationDialog#Label">
        <method name="activate"/>
      </operation>
    </step>

    <step id="changeLabelText">
      <alias name="labelText" value="get-label('invitationSent')"/>
    </step>

    <step id="closeDialog" name="Close the Dialog Prompt">
      <operation name="close" value="InvitationDialog"/>
    </step>

    <step id="executeSendInviteNew" name="Execute mails send">
      <operation name="decision">
        <when test="'{local-name(#Invite#inviteMails)}' = 'atom:entry'">
          <operation name="foreach" value="#Invite#inviteMails">
            <alias name="name" value="!#dc:firstname"/>
            <alias name="lastName" value="!#dc:lastname"/>
            <alias name="email" value="!#dc:homemail"/>

            <operation name="decision">
              <when test="contains('{$name}','@')">
                <alias name="name" value=""/>
                <alias name="lastName" value=""/>
              </when>
            </operation>
            <alias name="userName" value="{$main}://searchUser()#/atom:feed/atom:entry/atom:title"/>
            <operation name="callService" value="http://xcerion.com/xios-invite/">
              <wait>false</wait>
              <method>GET</method>
              <param name="firstname">{$name}</param>
              <param name="lastname">{$lastName}</param>
              <param name="email">{$email}</param>
              <param name="from">{#Invite#inputYourName}</param>
              <param name="message">{#Invite#textarea}</param>
              <param name="user">{$userName}</param>
            </operation>
          </operation>
          <operation name="call" value="displayInvitationComplete"/>
        </when>
        <otherwise>
          <alias name="titleText" value="get-label('Required')" model="value"/>
          <alias name="labelText" value="get-label('atLeastOneEmail')" model="value"/>
          <operation name="call" value="dialogPrompt"/>
        </otherwise>
      </operation>
    </step>

    <step id="close" name="Close invite application">
      <operation name="close" value="Invite"/>
    </step>
  </process>
</application>
