<?xml version="1.0"?>

<application name="Offline Synchronizer" icon="xios/icons/business/32x32/data_up.png" instances="1"
    xmlns:xlink="http://www.w3.org/1999/xlink"
    xmlns:l="http://xios3.com/lang">
  <share>false</share>
  <settings>
    <path>xios://</path>
  </settings>
  <about loader="false" version="1.00" revised="2010-04-27" created="2010-04-27"
      author="Caspar Raarup" copyright="Copyright © 2018 XIOS/3 AB. All rights reserved."
      publisher="CloudTop">
    <description>Offline File Synchronizer manager</description>
    <license xlink:type="simple" xlink:actuate="onRequest" xlink:href="https://xios3.com/license/xios_1.xml">XIOS.1</license>
  </about>
  <resources>
  </resources>

  <view xlink:type="simple" xlink:actuate="onLoad" name="OSync" look="liquid" resize="false" l:title="FileSyncManager" title="FileSyncManager" author="Caspar Raarup"
      height="310" width="400" icon="icon://business/data_up" winstate="false">
    <panel type="row" height="100%" look="transparent">
      <panel name="mainView" height="100%" padding="5">
        <panel name="pnl" type="row" cols="2" label-align="left" width="100%" height="100%" label-pos="left">
          <label default="FileSyncInfo" l:default="FileSyncInfo" font="tahoma" size="12" color="#FFF"/>
          <grid name="filesyncGrid" width="100%" height="100%" inset="true" selection="row" look="graphite">
            <row match="item" xmlns:dc="http://xcerion.com/directory.xsd">
              <column name="fref" match="@ref" display="." l:label="Path" label="Path" width="50%"/>
              <column name="fstatus" match="@status" display="." l:label="Status" label="Status" width="25%"/>
              <column name="fignore" match="@store" display="." l:label="Include" label="Include" width="25%"/>
            </row>
            <!-- <rule match="dc:icon" scroll="false" xmlns:dc="http://xcerion.com/directory.xsd">
              <image type="static" src="{concat(substring-before(., '32x32'), '16x16', substring-after(., '32x32'))}" style="margin-left: 2px; margin-top: 2px;"/>
            </rule> -->
          </grid>
        </panel>
      </panel>
      <panel name="pnl5" type="flow" align="right" style="padding-top: 2px">
        <button name="Include" l:text="Include" text="Include" width="80" style="padding-right: 3px"/>
        <button name="Skip" l:text="Skip" text="Remove" width="80" style="padding-right: 3px"/>
        <button name="Close" l:text="Close" text="Close" width="80"/>
      </panel>
    </panel>
  </view>

  <process name="OSync" step="1" xlink:type="simple" xlink:actuate="onLoad">

    <trigger view="OSync" component="Close" event="Select" step="close"/>
    <trigger view="OSync" component="Include" event="Select" step="doIncludeItem"/>
    <trigger view="OSync" component="Skip" event="Select" step="doSkipItem"/>
    <trigger view="OSync" component="filesyncGrid" event="Select" step="checkButtons"/>

    <step id="1">
      <operation name="bind" value="#OfflineManager">
        <component name="filesyncGrid" view="OSync" select="/items"/>
      </operation>
      <operation name="call" value="checkButtons"/>
    </step>

    <step id="checkButtons">
      <operation name="decision" value="#OSync#filesyncGrid">
        <when test="local-name() = 'item'">
          <operation name="action" value="#OSync">
            <component name="Include" action="enable"/>
            <component name="Skip" action="enable"/>
          </operation>
        </when>
        <otherwise>
          <operation name="action" value="#OSync">
            <component name="Include" action="disable"/>
            <component name="Skip" action="disable"/>
          </operation>
        </otherwise>
      </operation>
    </step>

    <step id="doIncludeItem">
      <alias name="fileItemRef" value="#OSync#filesyncGrid#@ref"/>
      <operation name="decision" value="#OSync#filesyncGrid">
        <when test="local-name() = 'item'">
          <operation name="open" value="{$main}://storeOffline({$fileItemRef},true)"/>
        </when>
      </operation>
    </step>

    <step id="doSkipItem">
      <alias name="fileItemRef" value="#OSync#filesyncGrid#@ref"/>
      <operation name="decision" value="#OSync#filesyncGrid">
        <when test="local-name() = 'item'">
          <operation name="open" value="{$main}://storeOffline({$fileItemRef},false)"/>
        </when>
      </operation>
    </step>

    <step id="close">
      <operation name="close" value="OSync"/>
    </step>
  </process>
</application>
