<?xml version="1.0"?>

<application name="Open With" xmlns:l="http://xios3.com/lang" icon="xios/gui/icons/32x32/cloud_drive.png" instances="0"
    xmlns:xlink="http://www.w3.org/1999/xlink">
  <settings>
    <path>xios://</path>
    <localedir>locale/applications</localedir>
  </settings>
  <share>false</share>
  <about loader="false" version="1.0" revised="2010-03-05" created="2009-12-17"
      author="Caspar Raarup" copyright="Copyright © 2018 XIOS/3 AB. All rights reserved."
      publisher="CloudTop">
    <description>Application selector to open a certain file</description>
    <license xlink:type="simple" xlink:actuate="onRequest" xlink:href="https://xios3.com/license/xios_1.xml">XIOS.1</license>
    <installed>2009-12-17</installed>
  </about>
  <resources/>

  <view name="OW" xlink:type="simple" look="liquid" xlink:actuate="onLoad" title="Open With" l:title="Open With" author="Caspar Raarup" created="2009-12-17" revised="2010-02-02"
    alwaysontop="true" height="370" width="400" minHeight="500" minWidth="400" icon="xios/gui/icons/16x16/cloud_drive.png"
    xmlns:atom="http://www.w3.org/2005/Atom" xmlns:fs="http://xcerion.com/folders.xsd">
    <panel type="row" padding="8" name="system_applications" height="100%" width="100%" style="height:220px;" scroll="false">
      <label name="appList" l:default="OpenWithHelp" default="Select an application from the list which will be used to open the file." size="12" color="#FFFFFF" width="100%"/>
      <grid name="applicationList" width="100%" height="100%" inset="true" selection="row">
        <row match="edit" xmlns:dc="http://xcerion.com/directory.xsd">
          <column name="aicon" match="@icon" display="." label="" width="24"/>
          <column name="aname" match="@name" display="string(.)" l:label="Name" label="Name" sort="ascending"/>
        </row>
        <rule match="@icon" scroll="false" xmlns:dc="http://xcerion.com/directory.xsd">
          <image type="static" src="{concat(substring-before(., '32x32'), '16x16', substring-after(., '32x32'))}" style="margin-left: 2px; margin-top: 2px;"/>
        </rule>
      </grid>
      <panel name="buttonPnl" height="50" width="100%" type="column" align="right">
        <button width="80" name="OK" text="OK" l:text="OK"/>
        <button width="80" name="cancel" text="Cancel" l:text="Cancel"/>
      </panel>
    </panel>
  </view>
  <process name="OW" xlink:type="simple" xlink:actuate="onLoad" description="Open With Process" author="Caspar Raarup" xmlns:atom="http://www.w3.org/2005/Atom" xmlns:fs="http://xcerion.com/folders.xsd">
    <trigger view="OW" component="OK" event="Select" step="confirm"/>
    <trigger view="OW" component="cancel" event="Select" step="cancelled"/>
    <trigger view="OW" component="applicationList" event="DoubleClick" step="confirm"/>

    <step id="1" name="initapp">
      <alias name="fileTrigger" value="!"/>
      <operation name="decision" value="$fileTrigger">
        <when test="local-name() != 'entry'">
          <alias name="fileType" value="filetype({$fileTrigger})"/>
        </when>
        <otherwise>
          <alias name="fileType" value="filetype({$fileTrigger#atom:entry/atom:content/@src})"/>
        </otherwise>
      </operation>
      <operation name="bind" value="#TypeManager">
        <component view="OW" name="applicationList" select="/types/type[@name = '{$fileType#@name}']"/>
      </operation>
      <operation name="callMethod" value="#OW#applicationList">
        <method name="selectFirstRow"/>
      </operation>
    </step>

    <step id="confirm" name="User has pressed ok button">
      <!--incoming is an alias that may be sent from framework when we have an unknown file-->
      <operation name="decision" value="$fileTrigger">
<!--         <when test="'{$incoming}' != ''">
          <operation name="open" value="{#OW#applicationList#source}">
            <trigger value="{$fileTrigger}"/>
          </operation>
        </when> -->
        <when test="local-name() != 'entry'">
          <operation name="open" value="{#OW#applicationList#text()}">
            <trigger value="{$fileTrigger}"/>
          </operation>
        </when>
        <otherwise>
          <operation name="open" value="{#OW#applicationList#text()}">
            <trigger value="{$fileTrigger#atom:entry/atom:content/@src}"/>
          </operation>
          <!--<operation name="debug" value="openFileTrigger"></operation>-->
        </otherwise>
      </operation>
      <operation name="call" value="cancelled"/>
    </step>

    <step id="cancelled" name="User has pressed cancel button">
      <operation name="close" value="OW"/>
    </step>
  </process>

</application>
