<?xml version="1.0"?>
<application xmlns:xlink="http://www.w3.org/1999/xlink" xmlns:l="http://xios3.com/lang" name="Profile" icon="xios/gui/icons/32x32/avatar_default.png" instances="0">
  <share>true</share>
  <settings>
    <path>xios://</path>
  </settings>
  <about loader="false" version="1.20" revised="2013-01-30" created="2008-09-18" author="Glenn Stenbring" copyright="Copyright © 2018 XIOS/3 AB. All rights reserved." publisher="CloudTop">
    <description>User Selector used by application to select users/friends</description>
    <license xlink:type="simple" xlink:actuate="onRequest" xlink:href="https://xios3.com/license/xios_1.xml">XIOS.1</license>
    <installed>2008-09-22</installed>
  </about>
  <resources>
  </resources>

  <view xmlns:atom="http://www.w3.org/2005/Atom" xmlns:fs="http://xcerion.com/folders.xsd" xlink:type="simple" xlink:actuate="onLoad" name="profile" title="Profile" author="Glenn Stenbring" company="CloudTop" copyright="Copyright © 2018 XIOS/3 AB. All rights reserved." created="2008-10-28" revised="2010-01-22" resize="" height="136" width="370" minHeight="50" minWidth="145" icon="xios/gui/icons/16x16/avatar_default.png" mode="widget" draggable="false" position="center" winstate="false" l:title="Profile">

    <panel name="mainContainer" type="row" height="100%" width="100%" scroll="false" padding="5" style="filter: progid:DXImageTransform.Microsoft.gradient(enabled='true',GradientType=0,startColorstr=#BBbfbfbf, endColorstr=#BB101010) border: 1px solid #222222;">
      <panel name="headHolder" type="column" height="130" width="360">
        <image name="imgAvatar" src="xios/gui/icons/128x128/avatar_default.png" title="Avatar" height="128" width="128" l:title="Avatar"/>
        <panel name="infoPanel" type="row" height="130" width="232" padding="5">
          <label name="nameDisplay" width="" default="" size="20" color="#FFFFFF" look="bold" style="margin-left:-1px;"/>
          <panel name="aliasPanel" type="column" height="" width="232">
            <panel name="infoPanel" type="row" height="" width="60">
              <label name="aliasInfo" width="" default="Username:" size="11" color="#FFFFFF" bold="true" l:default="Username:"/>
              <label name="emailInfo" width="" default="Email:" size="11" color="#FFFFFF" bold="true" l:default="Email:"/>
              <label name="statusInfo" width="" default="Status:" size="11" color="#FFFFFF" bold="true" l:default="Status:"/>
              <label name="regInfo" width="" default="Registered:" size="11" color="#FFFFFF" bold="true" l:default="Registered:"/>
            </panel>
            <panel name="displayPanel" type="row" height="" width="172">
              <label name="aliasDisplay" width="" default="" size="11" color="#FFFFFF"/>
              <label name="emailDisplay" width="" default="" size="11" color="#FFFFFF"/>
              <label name="statusDisplay" width="" default="" size="11" color="#FFFFFF"/>
              <label name="regDisplay" width="" default="" size="11" color="#FFFFFF"/>
            </panel>
          </panel>
          <panel name="buttonPanel" type="column" height="30" width="232" align="right">
            <button name="buttonCancel" text="Close" width="80" height="20" l:text="Close"/>
          </panel>
        </panel>
      </panel>
    </panel>
  </view>

  <process xmlns:atom="http://www.w3.org/2005/Atom" xmlns:ni="http://xcerion.com/noindex.xsd" name="profile" xlink:type="simple" xlink:actuate="onLoad">

    <!-- user searching -->
    <trigger view="profile" component="buttonCancel" event="Select" step="close"/>
    <!-- for when compose email supports passing emails -->
    <!--<trigger view="profile" component="emailDisplay" event="Select" step="openCompose"/>-->

    <step id="1" name="Start App">
      <alias name="userAlias" value="!"/>

      <operation name="decision" value="$userAlias">
        <when test="@protocol" step="networkProfile"/>
        <otherwise step="regularProfile"/>
      </operation>
    </step>

    <step id="regularProfile" name="Regular cloudme buddy to show profile for..">
      <alias name="userEntry" value="{$main}://searchUser(title:{$userAlias})"/>
      <!--<alias name="userEntry" value="!"/>-->
      <operation name="bind" value="$userEntry">
        <component view="profile" name="aliasDisplay" select="/atom:feed/atom:entry[*[local-name() = 'title'] = '{$userAlias}']/atom:title/text()" type="focus"/>
        <component view="profile" name="emailDisplay" select="/atom:feed/atom:entry[*[local-name() = 'title'] = '{$userAlias}']/atom:author/atom:email/text()" type="focus"/>
        <component view="profile" name="nameDisplay" select="/atom:feed/atom:entry[*[local-name() = 'title'] = '{$userAlias}']/atom:author/atom:name/text()" type="focus"/>
      </operation>

      <alias name="regDate" value="={'{$userEntry#/atom:feed/atom:entry[*[local-name() = 'title'] = '{$userAlias}']/atom:published/text()}'.replace(/T/g, ' ')}"/>
      <alias name="regDate" value="={'{$regDate}'.replace(/Z/g, '')}"/>
      <operation name="callMethod" value="#profile#regDisplay">
        <method name="setValue">
          <param type="string">{$regDate}</param>
        </method>
      </operation>

      <!--<operation name="debug" value="#Friends#//buddy[@alias = '{$userEntry#/atom:entry/atom:title/text()}']/@status">alert:plain</operation>-->
      <operation name="bind" value="#Friends">
        <component view="profile" name="statusDisplay" select="//buddy[@alias = '{$userEntry#/atom:feed/atom:entry[*[local-name() = 'title'] = '{$userAlias}']/atom:title/text()}']/@status" type="focus"/>
      </operation>

      <operation name="decision">
        <when test="'{$userEntry#/atom:feed/atom:entry[*[local-name() = 'title'] = '{$userAlias}']/ni:avatar}' != ''" step="setCustomAvatarInTitle"/>
      </operation>
    </step>

    <step id="networkProfile" name="a networked friend">
      <operation name="bind" value="#Friends">
        <component view="profile" name="aliasDisplay" select="//buddy[@alias = '{$userAlias#@alias}']/@alias" type="focus"/>
        <component view="profile" name="nameDisplay" select="//buddy[@alias = '{$userAlias#@alias}']/@display" type="focus"/>
        <component view="profile" name="statusDisplay" select="//buddy[@alias = '{$userAlias#@alias}']/@status" type="focus"/>
      </operation>

      <alias name="msnAlias" value="$userAlias#@id"/>
      <alias name="emailPart" value="={'{$msnAlias}'.substring(4,'{$msnAlias}'.length)}"/>
      <operation name="callMethod" value="#profile#emailDisplay">
        <method name="setValue">
          <param type="string">{$emailPart}</param>
        </method>
      </operation>

      <operation name="action" value="#profile">
        <component name="regDisplay" action="hide"/>
        <component name="regInfo" action="hide"/>
      </operation>

      <operation name="decision" value="#Friends">
        <when test="//buddy[@alias = '{$userAlias#@alias}']/@avatar" step="setCustomNetworkAvatar"/>
      </operation>
    </step>

    <step id="setCustomNetworkAvatar">
      <operation name="callMethod" value="#profile#imgAvatar">
        <method name="setValue">
          <param type="string">{$userAlias#@avatar}</param>
        </method>
      </operation>
    </step>

    <step id="setCustomAvatarInTitle">
      <operation name="callMethod" value="#profile#imgAvatar">
        <method name="setValue">
          <param type="string">{substring('{$userEntry#/atom:entry/atom:link/@href}', 'endString:/v1/')}/{$userEntry#/atom:feed/atom:entry[*[local-name() = 'title'] = '{$userAlias}']/ni:avatar}:avatar_x128.png/1</param>
        </method>
      </operation>
    </step>

    <step id="close" name="Close View">
      <operation name="close" value="profile"/>
    </step>

    <step id="openCompose">
      <operation name="open" value="apps/productivity/mail/compose.xml">
        <param name="email" value="{#profile#emailDisplay}"/>
      </operation>
    </step>
  </process>
</application>
