<?xml version="1.0"?>

<application name="Document Properties" icon="xios/icons/applications/32x32/document_preferences.png" instances="0" xmlns:xlink="http://www.w3.org/1999/xlink" xmlns:l="http://xios3.com/lang" theme="marble">
  <share>false</share>
  <settings>
    <path>xios://</path>
  </settings>
  <about loader="false" version="1.10" created="2007-12-02" revised="2012-06-26"
      author="Daniel Arthursson, Christer Byström" copyright="Copyright © 2018 XIOS/3 AB. All rights reserved."
      publisher="CloudTop">
    <description>Document Explorer Properties shows properties for files</description>
    <license xlink:type="simple" xlink:actuate="onRequest" xlink:href="https://xios3.com/license/xios_1.xml">XIOS.1</license>
    <installed>2007-12-02</installed>
  </about>
  <resources>
    <item name="infoProperties.xsl">
      <xsl:stylesheet xmlns:xsl="http://www.w3.org/1999/XSL/Transform" xmlns:xi="urn:x-i-o-s:inject" xmlns:cdn="urn:x-i-o-s:cdn" version="1.0">
        <xsl:output method="xml" encoding="utf-8" version="1.0" indent="no"/>

        <xsl:decimal-format name="default" decimal-separator="." grouping-separator=" "/>

        <xsl:template name="formatSize">
          <xsl:param name="size">0</xsl:param>
          <xsl:param name="unit">Bytes</xsl:param>

          <xsl:choose>
            <xsl:when test="not($size)">Unknown</xsl:when>
            <xsl:when test="$size = 0">N/A</xsl:when>
            <xsl:when test="number($size) &gt;= 1024">
              <xsl:call-template name="formatSize">
                <xsl:with-param name="size" select="number($size) div 1024"/>
                <xsl:with-param name="unit"><xsl:choose><xsl:when test="$unit = 'Bytes'">KB</xsl:when><xsl:when test="$unit = 'KB'">MB</xsl:when></xsl:choose></xsl:with-param>
              </xsl:call-template>
            </xsl:when>
            <xsl:when test="number($size) &gt;= 100"><xsl:value-of select="concat(format-number($size, '###', 'default'),' ', $unit)"/></xsl:when>
            <xsl:when test="number($size) &gt;= 10"><xsl:value-of select="concat(format-number($size, '##.#', 'default'),' ', $unit)"/></xsl:when>
            <xsl:otherwise><xsl:value-of select="concat(format-number($size, '#.##', 'default'),' ', $unit)"/></xsl:otherwise>
          </xsl:choose>
        </xsl:template>

       <xsl:template match="properties">
          <xsl:variable name="size"><xsl:call-template name="formatSize"><xsl:with-param name="size" select="@size"/></xsl:call-template></xsl:variable>

          <div style="/*width: 100%; height: 100%;*/">
            <xsl:variable name="icon">
              <xsl:choose>
                <xsl:when test="@icon">
                  <xsl:value-of select="concat(substring-before(@icon, '32x32'), '128x128', substring-after(@icon, '32x32'))"/>
                </xsl:when>
                <xsl:otherwise>xios/icons/applications/128x128/document_plain.png</xsl:otherwise>
              </xsl:choose>
            </xsl:variable>

            <img cdn:src="{$icon}" style="top:0;left:0;line-height:0;"/>

            <div style="font-family: tahoma; font-size: 10; margin-top: 15px;">
              <div>
                <l:text xi:inject="pre">Filetype</l:text>
                <span style="float:right; width:100px; text-overflow:ellipsis; white-space:nowrap; overflow:hidden; text-align:right;">
                <l:text><xsl:value-of select="@type"/></l:text></span>
              </div>
              <div>
                <l:text xi:inject="pre">Size</l:text>
                <span style="float:right;"><xsl:value-of select="$size"/></span>
              </div>
              <div>
                <l:text xi:inject="pre">Created</l:text>
                <span style="float:right;"><xsl:value-of select="substring(translate(@published,'T',' '), 1, string-length(@published)-1)"/></span>
              </div>
              <div>
                <l:text xi:inject="pre">Updated</l:text>
                <span style="float:right;"><xsl:value-of select="substring(translate(@updated,'T',' '), 1, string-length(@published)-1)"/></span>
              </div>
            </div>
          </div>
        </xsl:template>

      </xsl:stylesheet>
    </item>

    <item name="propertiesTransform.xsl">
      <xsl:stylesheet xmlns:atom="http://www.w3.org/2005/Atom" xmlns:xi="urn:x-i-o-s:inject" xmlns:util="urn:x-i-o-s:util" xmlns:xsl="http://www.w3.org/1999/XSL/Transform" xmlns:ni="http://xcerion.com/noindex.xsd" xmlns:dc="http://xcerion.com/directory.xsd" version="1.0">
        <xsl:template match="/atom:entry">
          <xsl:variable name="fileUrl" select="atom:content/@src"/>
          <!-- <xsl:variable name="filetype"> --><!-- select="xios:getFiletype(atom:content/@type, dc:namespace/text(), *[local-name() = 'root']/text())"-->
 <!--            <util:text xi:inject="pre" method="getFiletype">
              <util:param><xsl:value-of select="atom:content/@type"/></util:param>
              <util:param><xsl:value-of select="dc:namespace/text()"/></util:param>
              <util:param><xsl:value-of select="*[local-name() = 'root']/text()"/></util:param>
            </util:text> -->
<!--           </xsl:variable>
          <xsl:variable name="filetypeName" select="$filetype/@name"/>
          <xsl:variable name="filetypeIcon" select="$filetype/icon/text()"/>
          <xsl:variable name="filetypeOpen" select="$filetype/open/text()"/> -->
           <xsl:variable name="isFolderShortcut" select="contains(concat(ni:target/text(),'::/'),'/::/')"/>

       <properties>
             <xsl:attribute name="title">
              <xsl:value-of select="atom:title/text()"/>
            </xsl:attribute>
            <xsl:attribute name="size">
              <xsl:value-of select="atom:link/@length"/>
            </xsl:attribute>
            <xsl:attribute name="published">
                <util:text method="formatTimeStamp">
                    <util:param><xsl:value-of select="atom:published"/></util:param>
                </util:text>
            </xsl:attribute>
            <xsl:attribute name="updated">
              <util:text method="formatTimeStamp">
                <util:param><xsl:value-of select="atom:updated"/></util:param>
              </util:text>
            </xsl:attribute>
            <xsl:attribute name="type">
               <xsl:choose>
              <xsl:when test="atom:content/@type != ''">
              <xsl:value-of select="atom:content/@type"/>
                </xsl:when>
              <xsl:otherwise>
                  <util:text method="getLabel">
                    <util:param>(Unknown Type)</util:param>
                  </util:text>
                </xsl:otherwise>
              </xsl:choose>
            </xsl:attribute>
            <xsl:attribute name="mime">
              <xsl:choose>
                <xsl:when test="atom:content/@type != ''">
                  <xsl:value-of select="atom:content/@type"/>
                </xsl:when>
                <xsl:otherwise>
                  <util:text method="getLabel">
                    <util:param>(Unknown Mime)</util:param>
                  </util:text>
                </xsl:otherwise>
              </xsl:choose>
              </xsl:attribute>
            <xsl:attribute name="icon">
              <xsl:choose>
                <xsl:when test="ni:icon/text()">
                  <xsl:value-of select="ni:icon/text()"/>
                </xsl:when>
<!--                 <xsl:when test="$filetypeIcon != ''">
                  <xsl:value-of select="$filetypeIcon"/>
                </xsl:when> -->
                <xsl:when test="$isFolderShortcut">
                  <xsl:value-of select="'xios/icons/applications/32x32/folder.png'"/>
                </xsl:when>
                <xsl:otherwise>xios/icons/applications/32x32/document_plain.png</xsl:otherwise>
              </xsl:choose>
            </xsl:attribute>
            <!--
            <xsl:if test="$filetypeOpen != ''">
              <xsl:attribute name="application">
                <xsl:value-of select="$filetypeOpen"/>
              </xsl:attribute>
              </xsl:if>
            -->
            <!-- shortcut -->
              <xsl:if test="ni:target/text()">
               <shortcut>
                <xsl:choose>
                  <xsl:when test="$isFolderShortcut">
                    <xsl:attribute name="targettype">Folder</xsl:attribute>
                    <xsl:attribute name="foldershortcut">true</xsl:attribute>
                  </xsl:when>
                  <xsl:when test="not(contains(ni:target/text(),'://'))">
                    <xsl:attribute name="targettype">N/A</xsl:attribute>
                  </xsl:when>
                  <xsl:otherwise>
                    <xsl:attribute name="targettype">
                      <xsl:value-of select="atom:content/@type"/>
                    </xsl:attribute>
                  </xsl:otherwise>
                </xsl:choose>
                <xsl:attribute name="target">
                  <xsl:value-of select="ni:target/text()"/>
                </xsl:attribute>
                <xsl:attribute name="startfolder">
                  <xsl:value-of select="ni:startfolder/text()"/>
                </xsl:attribute>
                <xsl:attribute name="data">
                  <xsl:value-of select="ni:data/text()"/>
                </xsl:attribute>
              </shortcut>
            </xsl:if>
          </properties>
        </xsl:template>
      </xsl:stylesheet>
    </item>
  </resources>

  <view name="NA" icon="icon://applications/view_add" look="alert" author="Tobias Engström" created="2008-03-11" revised="2010-03-10" winstate="false" resize="false" height="190" width="320" title="New Attribute" xmlns:l="http://xios3.com/lang" l:title="New Attribute">
    <panel padding="5" type="row" look="transparent">
      <panel type="form" cols="2" label-align="right" width="100%" label-pos="left" padding="5">
        <row>
          <input name="metaName" label="New Key" l:label="New Key" width="200" look="graphite"/>
        </row>
        <row>
          <input name="metaData" style="margin-top:5px;" label="Meta Data" l:label="Meta Data" width="200" look="graphite"/>
        </row>
        <row>
          <checkbox name="searchable" value="yes" label="Searchable" l:label="Searchable"/>
        </row>
      </panel>
      <panel type="flow" align="right" style="padding-right: 3px;">
        <button name="Create" text="Create" l:text="Create" width="80" default="true"/>
        <button name="Cancel" text="Cancel" l:text="Cancel" width="80"/>
      </panel>
    </panel>
  </view>

  <view xlink:type="simple" xlink:actuate="onLoad" name="Properties" l:title="Properties" title="Properties" author="Daniel Arthursson, Tobias Engström" height="350" width="500"
        created="2004-07-05" revised="2012-06-26" icon="icon://applications/document_preferences" resize="false" winstate="false">

    <menu name="aclMenu">
      <item name="addUserAcl" l:text="Add User..." text="Add User..." icon="icon://objects/user1_add"/>
      <item name="addGroupAcl" l:text="Add Group..." text="Add Group..." icon="icon://objects/users4_add"/>
      <divider/>
      <item name="deleteAcl" l:text="Delete" text="Delete" icon="icon://navigate_cross"/>
    </menu>

    <menu name="attachmentMenu">
      <item name="openAttachment" l:text="Open" text="Open" icon="icon://paperclip"/>
      <item name="copyAttachmentToDisk" l:text="Save Attachment..." text="Save Attachment..." icon="icon://applications/disk_blue"/>
      <divider/>
      <item name="deleteAttachment" l:text="Delete Attachment" text="Delete Attachment" icon="icon://navigate_cross"/>
      <divider/>
      <item name="newAttachment" l:text="Add Attachment..." text="Add Attachment..." icon="icon://business/paperclip_add"/>
    </menu>

    <menu name="attributeMenu">
      <item name="addMeta" l:text="New Attribute..." text="New Attribute..." icon="icon://applications/view_add"/>
      <divider/>
      <item name="deleteMeta" l:text="Delete" text="Delete" icon="icon://navigate_cross"/>
    </menu>

    <panel type="row" height="100%" width="100%" padding="5" look="transparent">
      <tabstrip name="tabProperties">
        <layout name="tab_general" selected="true" type="column" l:title="General" title="General" spacing="5" padding="3px 0 0 0" height="225">
          <layout name="leftcol" width="170" height="fill" type="row" padding="0 5px 0 5px">
            <render name="Info" href="#infoProperties.xsl" height="100%" width="160" scroll="visible" color="contrast"/>
          </layout>
          <layout name="rightcol" type="row" width="fill">
            <layout name="topcol" type="column" padding="0 0 26px 0">
              <layout name="topleft" type="row" padding="0 0 0px 0">
                <label name="tLocation" width="190" l:default="Location" default="Location" bold="true" size="12"/>
                <label name="Location" width="190" l:default="N/A" default="N/A" opacity="75" ellipsis="true" size="11"/>
                <label name="tDefault" width="190" l:default="Opens With" default="Opens With" bold="true" size="12" margin="2px 0 0 0"/>
                <label name="Default" width="190" l:default="N/A" default="N/A" opacity="75" ellipsis="true" size="11"/>
              </layout>
              <layout name="topright" type="row" width="90" spacing="5">
                <button name="buttonIcon" l:text="Icon..." text="Icon..." width="80"/>
                <button name="viewXML" l:text="View XML" text="View XML" width="80"/>
              </layout>
            </layout>
            <layout name="bottomcol" type="row">
              <label name="tDocument" width="190" l:default="Document" default="Document" bold="true" size="12"/>
              <input width="280" name="Document"/>
              <label name="tAuthor" width="190" l:default="Author" default="Author" bold="true" size="12"/>
              <input width="280" name="Author"/>
              <label name="tOrganization" width="190" l:default="Organization" default="Organization" bold="true" size="12"/>
              <input width="280" name="Organization"/>
            </layout>
          </layout>
        </layout>

        <!-- shortcut -->

        <panel name="tab_shortcut" type="row" l:title="Shortcut" title="Shortcut" padding="5" style="padding-top: 8px;" height="225">
          <panel name="topcol2" type="column" valign="top" style="border-bottom: 1px solid #3a3a3a; padding-bottom: 5px; margin-bottom: 4px;">
            <panel name="topleft2" type="row">
              <label name="shortcutType" l:label="Target Type" label="Target Type" l:default="N/A" default="N/A" height="22" size="12" opacity="75" style="height: 22;"/>
              <panel name="shortcutTargetPanel" type="column" valign="bottom">
                <input name="shortcutTarget" l:label="Target" label="Target" l:default="N/A" default="N/A" width="280"/>
                <image name="shortcutTargetBrowse" src="xios/icons/applications/24x24/folder.png" height="24" width="24" l:title="Browse for shortcut target" title="Browse for shortcut target" style="margin-left: 5px" type="link"/>
              </panel>
            </panel>
            <panel name="topright2" type="row" width="90" align="right" valign="bottom" style="padding-bottom: 3px;">
              <button name="openShortcutFolder" l:text="Explore..." text="Explore..." width="100"/>
            </panel>
          </panel>
          <panel name="shortcutFolderPanel" type="column" valign="bottom" style2="padding-bottom: 8px;">
            <input name="shortcutFolder" l:label="Start Folder" label="Start Folder" l:default="N/A" default="N/A" width="280"/>
            <image name="shortcutFolderBrowse" src="xios/icons/applications/24x24/folder.png" height="24" width="24" l:title="Browse for shortcut target" title="Browse for shortcut target" style="margin-left: 5px" type="link"/>
          </panel>
          <panel name="shortcutDataPanel" type="column" valign="bottom">
            <input name="shortcutData" l:label="Data Location" label="Data Location" l:default="N/A" default="N/A" width="280"/>
            <image name="shortcutDataBrowse" src="xios/icons/applications/24x24/folder.png" height="24" width="24" l:title="Browse for shortcut target" title="Browse for shortcut target" style="margin-left: 5px" type="link"/>
          </panel>
        </panel>
<!--
        <panel name="tab_versioning" title="Versioning" padding="5" style="padding-top: 10px;">
          <panel type="form" cols="2" label-align="left" width="100%" label-pos="left">
            <row>
              <label name="Mode" label="Mode" default="The document is locked and is waiting to be checked in by you." color="#fff"/>
            </row>
            <line/>
            <row>
              <group name="vVersion" label="Version" labelPos="topleft" labelStyle="padding-top: 6px;">
                <radio name="vVersion_Major" postLabel="New version number (major)" style="display: block;"/>
                <radio name="vVersion_Minor" postLabel="Smaller correction (minor)" selected="true"/>
              </group>
            </row>
            <row>
              <input width="240" name="Comment" label="Comment" look="graphite"/>
            </row>
            <row>
              <panel type="flow" style="margin-top: 3px;" label="Document lock">
                <button name="CheckIn" text="Check in" width="80"/>
                <button name="Discard" text="Discard" width="100" type="revert"/>
              </panel>
            </row>
            <line/>
            <row>
              <panel height="130" look="inset" label="Versions" labelPos="topleft">
                <render name="versionList" href="apps/desktop/layout/version_list.xsl"/>
              </panel>
            </row>
          </panel>
        </panel>
-->
        <panel name="tab_attributes" type="row" l:title="Attributes" height="225" padding="5">
          <grid width="100%" height="100%" name="Keywords" selection="row" inset="true">
            <row match="key">
              <column name="Keyword" match="@name" display="." l:label="Keyword" label="Keyword" width="100"/>
              <column name="Value" match="text()" look="classic" l:label="Value" label="Value" width="175"/>
              <column name="Searchable" match="@index" display="." l:label="Searchable" label="Searchable" width="50"/>
              <column name="Source" match="@source" display="." l:label="Source" label="Source"/>
            </row>
          </grid>
          <panel type="flow" align="right">
            <button name="btnNewA" l:text="New Attribute..." text="New Attribute..." width="130" />
            <button name="btnDeleteA" l:text="Delete" text="Delete" width="80" enabled="false" />
          </panel>
        </panel>

        <panel name="tab_acl" type="row" l:title="Security" title="Security" height="225" padding="5">
          <grid width="100%" height="100%" name="ACL" selection="row" inset="true">
            <row match="user|group">
              <column name="User" match="." display="local-name()" l:label="Object type" label="Object type" width="70"/>
              <column name="Id" match="@objectInfo" display="." l:label="Object" label="Object" width="90"/>
              <column name="Read" match="@read" display="." l:label="Read" label="Read" width="50"/>
              <column name="Write" match="@write" display="." l:label="Write" label="Write" width="50"/>
              <column name="Delete" match="@delete" display="." l:label="Delete" label="Delete" width="50"/>
              <column name="EditACL" match="@changeACL" display="." l:label="Edit ACL" label="Edit ACL" width="50"/>
            </row>
            <rule match="@read" scroll="false">
              <checkbox />
            </rule>
            <rule match="@write" scroll="false">
              <checkbox />
            </rule>
            <rule match="@delete" scroll="false">
              <checkbox />
            </rule>
            <rule match="@changeACL" scroll="false">
              <checkbox />
            </rule>
          </grid>
          <panel type="flow" align="right">
<!--
            <button name="btnSAddEveryone" l:text="Add Everyone..." text="Add Everyone..." width="150" />
            <button name="btnSAddFriend" l:text="Add Friend..." text="Add Friend..." width="150" />
-->
            <button name="btnSAddUser" l:text="Add User..." text="Add User..." width="150" />
            <button name="btnSAddGroup" l:text="Add Group..." text="Add Group..." width="120" />
            <button name="btnSDelete" l:text="Delete" text="Delete" width="80" enabled="false" />
          </panel>
        </panel>

        <panel name="tab_attach" type="row" l:title="Attachments" title="Attachments" height="225" padding="5">
          <grid width="100%" height="100%" name="attachments" selection="row" inset="true">
            <row match="attachment">
              <column name="icon" match="@icon" display="." label="" width="40"/>
              <column name="name" match="@name" display="." l:label="Name" label="Name" width="140"/>
              <column name="updated" match="@updated" display="." l:label="Updated" label="Updated" width="100"/>
            </row>
            <!--
      <row match="atom:entry">
        <column name="icon" match="@icon" display="." label="" width="40"/>
        <column name="name" match="atom:title" display="." label="Name" width="140"/>
        <column name="updated" match="atom:updated" display="." label="Updated" width="100"/>
      </row>
      -->
            <rule match="@icon" scroll="false">
              <image height="16px" width="16px" scale="true" type="link" style="margin-left: 6px"/>
            </rule>
          </grid>
          <panel type="flow" align="right">
            <button name="btnAAttach" l:text="Add Attachment..." text="Add Attachment..." width="135" />
            <label width="10"/>
            <button name="btnAOpen" l:text="Open" text="Open" l:title="Open Attachment" title="Open Attachment" width="80" />
            <button name="btnACopy" l:text="Save..." text="Save..." l:title="Save Copy Attachment" title="Save Copy Attachment" width="80" />
            <button name="btnADetach" l:text="Delete" text="Delete" width="80" />
          </panel>
        </panel>
      </tabstrip>
      <panel type="flow" align="right">
        <button name="OK" l:text="OK" text="OK" width="80"/>
        <button name="Cancel" l:text="Cancel" text="Cancel" width="80"/>
      </panel>
    </panel>
  </view>

  <process name="Document Properties" author="Christer Bystrom, Tobias Engström" step="1" xlink:type="simple" xlink:actuate="onLoad"
      xmlns:atom="http://www.w3.org/2005/Atom"
      xmlns:xlink="http://www.w3.org/1999/xlink"
      xmlns:dc="http://xcerion.com/directory.xsd"
      xmlns:ni="http://xcerion.com/noindex.xsd">

    <!-- Tab Inits -->
    <trigger view="Properties" component="tab_attributes" event="Init" step="bindAttributes"/>
    <trigger view="Properties" component="tab_acl" event="Init" step="bindACL"/>
    <trigger view="Properties" component="tab_attach" event="Init" step="bindAttachments"/>

    <!-- General -->
    <trigger view="Properties" event="Escape" step="cancel"/>
    <trigger view="Properties" component="buttonIcon" event="Select" step="browseIcon"/>
    <trigger view="Properties" component="buttonShortcutIcon" event="Select" step="browseIcon"/>
    <trigger view="Properties" component="viewXML" event="Select" step="openXml"/>

    <trigger view="Properties" component="shortcutFolderBrowse" event="Select" step="shortcutFolderBrowse"/>
    <trigger view="Properties" component="shortcutTargetBrowse" event="Select" step="shortcutTargetBrowse"/>
    <trigger view="Properties" component="shortcutDataBrowse" event="Select" step="shortcutDataBrowse"/>

    <trigger view="Properties" component="shortcutTarget" event="Change" step="onHrefChange"/>

    <trigger view="Properties" component="OK" event="Select" step="OK"/>
    <trigger view="Properties" component="Cancel" event="Select" step="cancel"/>
    <trigger view="Properties" event="Close" step="close"/>

    <!-- Attributes -->
    <trigger view="Properties" component="Keywords" event="ContextMenu" step="attributeMenu"/>
    <trigger view="Properties" component="Keywords" event="Select" step="enableAttributeDelete"/>
    <trigger view="Properties" component="addMeta" event="Select" step="openAddAttribute"/>
    <trigger view="Properties" component="deleteMeta" event="Select" step="deleteAttribute"/>
    <trigger view="Properties" component="btnNewA" event="Select" step="openAddAttribute"/>
    <trigger view="Properties" component="btnDeleteA" event="Select" step="deleteAttribute"/>

    <trigger view="NA" component="Create" event="Select" step="addIndex"/>
    <trigger view="NA" component="Cancel" event="Select" step="closeNewAttribute"/>

    <!-- Attachments -->
    <trigger view="Properties" component="attachments" event="ContextMenu" step="attachmentMenu"/>
    <trigger view="Properties" component="attachments" event="DoubleClick" step="openAttachment"/>
    <trigger view="Properties" component="attachments" event="Select" step="enableAttachmentButtons"/>
    <trigger view="Properties" component="newAttachment" event="Select" step="newAttachment"/>
    <trigger view="Properties" component="openAttachment" event="Select" step="openAttachment"/>
    <trigger view="Properties" component="copyAttachmentToDisk" event="Select" step="copyAttachmentToDisk"/>
    <trigger view="Properties" component="btnACopy" event="Select" step="copyAttachmentToDisk"/>
    <trigger view="Properties" component="deleteAttachment" event="Select" step="deleteAttachment"/>
    <trigger view="Properties" component="btnAAttach" event="Select" step="newAttachment"/>
    <trigger view="Properties" component="btnAOpen" event="Select" step="openAttachment"/>
    <trigger view="Properties" component="btnADetach" event="Select" step="deleteAttachment"/>

    <trigger view="Properties" component="attachments" event="Drop" step="dropAttachment"/>

    <trigger view="Properties" component="openShortcutFolder" event="Select" step="openShortcutFolder"/>

    <!-- ACL Context menu -->
    <trigger view="Properties" component="ACL" event="ContextMenu" step="aclMenu"/>
    <trigger view="Properties" component="ACL" event="Select" step="enableACLDelete"/>
    <trigger view="Properties" component="addUserAcl" event="Select" step="openAddUser"/>
    <trigger view="Properties" component="addGroupAcl" event="Select" step="openAddGroup"/>
    <trigger view="Properties" component="deleteAcl" event="Select" step="deleteAcl"/>
    <trigger view="Properties" component="btnSAddUser" event="Select" step="openAddUser"/>
    <trigger view="Properties" component="btnSAddGroup" event="Select" step="openAddGroup"/>
    <trigger view="Properties" component="btnSDelete" event="Select" step="deleteAcl"/>

    <!-- Search Group & Users -->
    <trigger view="SearchUser" component="btnAdd" event="Select" step="addUserAcl"/>
    <trigger view="SearchGroup" component="btnAdd" event="Select" step="addGroupAcl"/>

    <step id="1" name="Start process">
      <alias name="lSelect" value="get-label('Select')"/>
      <alias name="lCancel" value="get-label('Cancel')"/>
      <alias name="lAttachFile" value="get-label('Attach File')"/>
      <alias name="lSaveAttachmentToFolder" value="get-label('Save Attachment To Folder')"/>
      <alias name="lSave" value="get-label('Save')"/>
      <alias name="lShortcutTarget" value="get-label('Select Shortcut Target')"/>
      <alias name="lSelectFolder" value="get-label('Select Folder')"/>
      <alias name="lSelectData" value="get-label('Select Data')"/>

      <alias name="processURL" value="#propproc"/>
      <alias name="document" value="{!}"/>

      <!-- get file listing, if any so that we can change things back -->
      <!-- bind data -->
      <operation name="call" value="propertiesFS"/>
      <!-- When wanting to rename from photos activateTitle is set to true -->
      <operation name="decision">
        <when test="'{$activateTitle}' = 'true'">
          <operation name="callMethod" value="#Properties#Document">
            <method name="activate"/>
          </operation>
        </when>
      </operation>

      <operation name="decision">
        <when test="'{$selectTab}' = '4'" step="selAttachment"/>
      </operation>

      <operation name="bind" value="{$document}/.meta">
        <component name="Document" view="Properties" type="focus" session="generalFP" select="/atom:entry/atom:title"/>
        <component name="Author" view="Properties" type="focus" session="generalFP" select="/atom:entry/atom:author/atom:name"/>
        <component name="Organization" view="Properties" type="focus" session="generalFP" select="/atom:entry/dc:businesscompanyname"/>
      </operation>
    </step>

    <step id="selAttachment" name="Open with attachment tab selected">
      <operation name="callMethod" value="#Properties#tabProperties">
        <method name="selectTab">
          <param type="string">tab_attach</param>
        </method>
      </operation>
    </step>

    <step id="attributeMenu" name="Open Attribute Context Menu">
      <operation name="action" value="#Properties">
        <component name="attributeMenu" action="open"/>
      </operation>
    </step>

    <step id="openAddAttribute" name="Open Add New Meta">
      <operation name="open" value="$package#view[@name = 'NA']"/>
    </step>

    <step id="addAttribute" name="Add New Attribute">
      <operation name="decision">
        <when test="'{#NA#metaName}' = '' or '{#NA#metaData}' = ''" step="doNothing"/>
        <when test="'{#NA#searchable}' = 'radioYes'" step="addIndex"/>
        <otherwise step="addNoIndex"/>
      </operation>
    </step>

    <step id="addNoIndex" name="Add NOINDEX Attribute">

    </step>

    <step id="addIndex" name="Add INDEX Attribute">
      <operation name="change" value="{$document}/.index">
        <store type="append" select="/index">
          <key name="{#NA#metaName}" source="user" index="{#NA#searchable}">{#NA#metaData}</key>
        </store>
      </operation>

      <operation name="call" value="closeNewAttribute"/>
    </step>

    <step id="closeNewAttribute" name="Close New Attribute Window">
      <operation name="close" value="NA"/>
    </step>

    <step id="aclMenu" name="Open ACL Context Menu">
      <operation name="action" value="#Properties">
        <component name="aclMenu" action="open"/>
      </operation>
    </step>

    <step id="attachmentMenu" name="Open Attachment Context Menu">
      <operation name="action" value="#Properties">
        <component name="attachmentMenu" action="open"/>
      </operation>
    </step>

    <step id="openAttachment" name="Open Attachment">
      <!-- Quick fix for opening of image attachments -->
      <alias name="attachList" value="{$document}/[]"/>
      <alias name="attachEntry" value="$attachList#/atom:feed/atom:entry[dc:stream/text() = '{#Properties#attachments#@id}']"/>
      <operation name="open" value="{$document}/[{#Properties#attachments#@id}]"/>
    </step>

    <step id="newAttachment" name="Test if Attachment should be created">
      <alias name="newAttach" model="open">
        <dialog folder="{$main}://Documents" title="{$lAttachFile}">
          <label name="ok">{$lSelect}</label>
          <label name="cancel">{$lCancel}</label>
        </dialog>
      </alias>
      <alias name="newAttach" model="value" value="$newAttach"/>
      <operation name="call" value="saveAttachment"/>
    </step>

    <step id="dropAttachment">
      <!-- fixme: when stack is fixed, then save document before new document is opened
<operation name="call" value="2"/>
-->

      <operation name="decision" value="!">
        <when test="*[local-name()='content' and namespace-uri()='http://www.w3.org/2005/Atom']/@src" step="dropAttachmentFile"/>
      </operation>
    </step>

    <step id="dropAttachmentFile">
      <alias name="newAttach" value="!"/>
      <operation name="call" value="saveAttachment"/>
    </step>
    <step id="enableACLDelete">
      <operation name="action" value="#Properties">
        <component name="btnSDelete" action="enable"/>
     </operation>
    </step>
    <step id="enableAttributeDelete">
      <operation name="action" value="#Properties">
        <component name="btnDeleteA" action="enable"/>
      </operation>
    </step>
    <step id="enableAttachmentButtons">
      <operation name="action" value="#Properties">
        <component name="btnAOpen" action="enable"/>
        <component name="btnACopy" action="enable"/>
        <component name="btnADetach" action="enable"/>
        <component name="openAttachment" action="enable"/>
        <component name="copyAttachmentToDisk" action="enable"/>
        <component name="deleteAttachment" action="enable"/>
      </operation>
    </step>

    <step id="disableAttachmentButtons">
      <operation name="action" value="#Properties">
        <component name="btnAOpen" action="disable"/>
        <component name="btnACopy" action="disable"/>
        <component name="btnADetach" action="disable"/>
        <component name="openAttachment" action="disable"/>
        <component name="copyAttachmentToDisk" action="disable"/>
        <component name="deleteAttachment" action="disable"/>
      </operation>
    </step>


    <step id="saveAttachment" name="Save new attachment">
      <operation name="filesystem" value="$newAttach">
        <attach to="{$document}"/>
      </operation>
      <operation name="close" value="{$document}/[]">
        document
      </operation>
      <operation name="call" value="bindAttachments"/>
    </step>

    <step id="deleteAttachment" name="Delete Attachment">
      <operation name="filesystem" value="{$document}">
        <detach slot="{#Properties#attachments#@id}"/>
      </operation>
      <operation name="change" value="#Properties#attachments">
        <delete/>
      </operation>
      <operation name="decision" >
        <when test="'{#Properties#attachments#@name}{#Properties#attachments#@updated}'=''" step="disableAttachmentButtons"/>
      </operation>
    </step>

    <step id="copyAttachmentToDisk">
      <alias name="targetFolder" model="folder">
        <dialog title="{$lSaveAttachmentToFolder}" folder="{$mainChannel}://Documents">
          <label name="ok">{$lSave}</label>
          <label name="cancel">{$lCancel}</label>
        </dialog>
      </alias>
      <operation name="filesystem" value="{$document}/[{#Properties#attachments#@id}]">
        <copy to="{$targetFolder}"/>
      </operation>
    </step>

    <step id="openAddUser" name="Open Add User Window">
      <operation name="open" value="apps/social/search/search.xml">
        <context>true</context>
        <step id="addUser"/>
      </operation>
    </step>

    <step id="openAddGroup" name="Open Add Group Window">
      <operation name="open" value="apps/social/search/group.xml">
        <context>true</context>
        <step id="addGroup"/>
      </operation>
    </step>

    <step id="addUserAcl" name="Add new user to acl list">
      <operation name="decision">
        <when test="'{#SearchUser#addResults#dc:user/text()}'=''" step="doNothing"/>
        <otherwise>
          <operation name="change" value="$acl">
            <store type="append" select="/acl">
              <user objectInfo="{#SearchUser#addResults#atom:title/text()}" id="{#SearchUser#addResults#dc:user/text()}" read="1" write="0" delete="0" changeACL="0"/>
            </store>
          </operation>
        </otherwise>
      </operation>
    </step>

    <step id="addGroupAcl" name="Add new group to acl list">
      <operation name="change" value="$acl">
        <store type="append" select="/acl">
          <group objectInfo="{#SearchGroup#addResults#atom:title/text()}" id="{#SearchGroup#addResults#dc:group/text()}" read="1" write="0" delete="0" changeACL="0"/>
        </store>
      </operation>
    </step>

    <step id="deleteAcl" name="Delete Group or User ACL">
      <operation name="change" value="#Properties#ACL">
        <delete />
      </operation>
    </step>

    <step id="deleteAttribute" name="Delete Attribute">
      <operation name="change" value="#Properties#Keywords">
        <delete />
      </operation>
    </step>

    <step id="propertiesFS">
      <alias name="title" value="filename({$document})" model="global"/>
      <alias name="path" value="folderpath({$document})" model="global"/>

      <alias name="properties" model="newsilent">
        <properties/>
      </alias>

      <operation name="change" value="$properties">
        <store type="replace" select="/properties" transformer="#propertiesTransform.xsl" value="{$document}/.meta"/>
      </operation>
      <alias name="orig_properties" model="newsilent">
        {xml($properties)}
      </alias>

      <alias name="isShortcut" value="={'{$properties#/properties/shortcut/@target}' ? 'true' : 'false'}"/>
      <alias name="isFolderShortcut" value="={'{$properties#/properties/shortcut/@foldershortcut}' == 'true' ? 'true' : 'false'}"/>

      <operation name="call" value="fixAuthorAndOrganization"/>

      <operation name="bind" value="$properties">
        <component view="Properties" name="Info" select="/"/>
        <component view="Properties" name="Default" select="/properties/@application" type="focus"/>
      </operation>

      <operation name="callMethod" value="#Properties#Location">
        <method name="setValue">
          <param type="string">{$path}</param>
        </method>
      </operation>

      <alias name="originalIcon" value="{$properties#/properties/@icon}"/>

      <operation name="decision">
        <when test="'{$isShortcut}'='true'" step="handleShortcut"/>
        <otherwise step="noShortcut"/>
      </operation>

    </step>

    <step id="fixAuthorAndOrganization" name="Checks if the nodes atom:author/atom:name and dc:businesscompanyname exists. If they dont, create them">
      <alias name="fileChanged" value="false"/>
      <operation name="decision" value="{$document}/.meta">
        <when test="not(/atom:entry/dc:businesscompanyname)">
          <operation name="change" value="{$document}/.meta">
            <store type="append" select="/atom:entry">
              <dc:businesscompanyname></dc:businesscompanyname>
            </store>
          </operation>
        </when>
        <alias name="fileChanged" value="true"/>
      </operation>
      <operation name="decision" value="{$document}/.meta">
        <when test="not(/atom:entry/atom:author)">
          <operation name="change" value="{$document}/.meta">
            <store type="append" select="/atom:entry">
              <atom:author>
                <atom:name></atom:name>
              </atom:author>
            </store>
          </operation>
          <alias name="fileChanged" value="true"/>
        </when>
      </operation>
    </step>

    <step id="handleShortcut">
      <operation name="bind" value="$properties">
        <component view="Properties" name="shortcutType" select="/properties/shortcut/@targettype"/>
        <component view="Properties" name="shortcutTarget" select="/properties/shortcut/@target"/>
        <component view="Properties" name="shortcutData" select="/properties/shortcut/@data"/>
        <component view="Properties" name="shortcutFolder" select="/properties/shortcut/@startfolder"/>
      </operation>

      <operation name="callMethod" value="#Properties#tabProperties">
        <method name="showTab">
          <param type="string">tab_shortcut</param>
        </method>
      </operation>
      <operation name="callMethod" value="#Properties#tabProperties">
        <method name="hideTab">
          <param type="string">tab_publish</param>
        </method>
      </operation>
      <operation name="action" value="#Properties">
        <component name="tab_shortcut" action="show"/>
      </operation>
      <operation name="call" value="checkIsBootstrap"/>
    </step>

    <step id="noShortcut">
      <operation name="callMethod" value="#Properties#tabProperties">
        <method name="showTab">
          <param type="string">tab_publish</param>
        </method>
      </operation>
      <operation name="callMethod" value="#Properties#tabProperties">
        <method name="hideTab">
          <param type="string">tab_shortcut</param>
        </method>
      </operation>
      <operation name="action" value="#Properties">
        <component name="tab_general" action="show"/>
      </operation>
    </step>

    <!-- Init Bindings -->

    <step id="bindAttributes">
      <operation name="bind" value="{$document}/.index">
        <component view="Properties" name="Keywords" select="/index"/>
      </operation>

      <operation name="action" value="#Properties">
        <component name="btnSDelete" action="disable"/>
      </operation>
    </step>

    <step id="bindACL">
      <alias name="acl" model="newsilent">
        <acl/>
      </alias>
      <operation name="change" value="$acl">
        <store type="replace" select="/acl">
          {xml({$document}/.acl#/acl)}
        </store>
      </operation>
      <operation name="bind" value="$acl">
        <component view="Properties" name="ACL" select="/acl"/>
      </operation>

      <operation name="action" value="#Properties">
        <component name="btnDeleteA" action="disable"/>
      </operation>
    </step>

    <step id="bindAttachments" name="Bind Attachments">
      <alias name="attachmentDoc" model="newsilent">
        <attachments/>
      </alias>

      <operation name="change" value="$attachmentDoc">
        <store type="replace" select="/attachments" transformer="xios/apps/system/resources/attachmentshelper.xsl" value="{{$document}/[]}"/>
      </operation>
      <operation name="bind" value="$attachmentDoc">
        <component view="Properties" name="attachments" select="/attachments" model="data"/>
      </operation>
      <operation name="decision" >
        <when test="'{#Properties#attachments#@name}{#Properties#attachments#@updated}'=''" step="disableAttachmentButtons"/>
      </operation>
    </step>

    <step id="patchPath">
      <alias name="path" value="{$path}/" model="global"/>
    </step>

    <step id="browseIcon">
      <operation name="open" value="apps/desktop/mediabrowser.xml">
        <context>true</context>
        <trigger value="$properties#/properties/@icon"/>
        <param name="fromApp" value="Desktop"/>
      </operation>
    </step>

    <step id="shortcutTargetBrowse">
      <alias name="preTarget" model="browse">
        <dialog title="{$lShortcutTarget}">
          <label name="ok">{$lSelect}</label>
          <label name="cancel">{$lCancel}</label>
          <type mime="text/xml"/>
        </dialog>
      </alias>
      <alias name="target" value="$preTarget" model="value"/>
      <operation name="callMethod" value="#Properties#shortcutTarget">
        <method name="setValue">
          <param type="string">{$target}</param>
        </method>
      </operation>
      <!--
<operation name="call" value="onHrefChange"/>
-->
    </step>

    <step id="shortcutDataBrowse">
      <alias name="preTarget" model="browse">
        <dialog title="{$lSelectData}">
          <label name="ok">{$lSelect}</label>
          <label name="cancel">{$lCancel}</label>
          <type mime="text/xml"/>
        </dialog>
      </alias>
      <alias name="target" value="$preTarget" model="value"/>
      <operation name="callMethod" value="#Properties#shortcutData">
        <method name="setValue">
          <param type="string">{$target}</param>
        </method>
      </operation>
    </step>

    <step id="shortcutFolderBrowse">
      <alias name="preTarget" model="folder">
        <dialog folder="{$main}://Documents">
          <label name="ok">{$lSelectFolder}</label>
          <label name="cancel">{$lCancel}</label>
          <type mime="text/xml"/>
        </dialog>
      </alias>
      <alias name="target" value="$preTarget" model="value"/>
      <operation name="callMethod" value="#Properties#shortcutFolder">
        <method name="setValue">
          <param type="string">{$target}</param>
        </method>
      </operation>
    </step>

    <step id="OK">
      <alias name="filelisting" value="{{$path}/}"/>
      <operation name="decision">
        <when test="'{$properties#/properties/@icon}'!='{$originalIcon}' and not('{$isShortcut}'='true')" step="saveIcon"/>
      </operation>

      <!-- <operation name="decision">
        <when test="'{{{$document}/.meta}#/atom:entry/atom:title/text()}'!='{#Properties#Document}'" step="rename"/>
      </operation> -->
      <operation name="bind">
        <commit session="generalFP" removeSession="true"/>
      </operation>

      <alias name="testDoc" value="{xml({$document}/.acl#/acl)}"/>
      <alias name="acl" value="{xml($acl)}"/>

      <operation name="decision">
        <when test="'{$acl}'!='{$testDoc}'" step="saveAcl"/>
      </operation>

      <operation name="decision">
        <when test="'{$isShortcut}'='true' and ( '{$properties#/properties/shortcut/@target}'!='{$orig_properties#/properties/shortcut/@target}' or '{$properties#/properties/shortcut/@startfolder}'!='{$orig_properties#/properties/shortcut/@startfolder}' or '{$properties#/properties/shortcut/@data}'!='{$orig_properties#/properties/shortcut/@data}' or '{$properties#/properties/@icon}'!='{$orig_properties#/properties/@icon}')" step="saveShortcutInfo"/>
      </operation>

      <operation name="call" value="cleanup"/>
      <operation name="close" value="Properties"/>
    </step>

  <step id="saveShortcutInfo">
    <operation name="change" value="$document">
      <store type="replace" select="/*[local-name()='shortcut']">
        <shortcut xmlns:xpc="http://xcerion.com/shortcut/1.0" xmlns:xlink="http://www.w3.org/1999/xlink">
          <icon>{$properties#/properties/@icon}</icon>
          <data>{$properties#/properties/shortcut/@data}</data>
          <target>{$properties#/properties/shortcut/@target}</target>
          <startfolder>{$properties#/properties/shortcut/@startfolder}</startfolder>
        </shortcut>
      </store>
    </operation>
    <operation name="save" value="$document"/>
  </step>

    <step id="rename">
      <operation name="change" value="$filelisting">
        <store type="replace" select="/atom:feed/atom:entry[atom:content/@src='{$document}']/atom:title">
          <atom:title>{#Properties#Document}</atom:title>
        </store>
      </operation>
    </step>

    <step id="saveIcon">
      <alias name="filelisting" value="folderpath({$document})" model="global"/>
      <operation name="decision" value="$filelisting">
        <when test="/atom:feed/atom:entry[atom:content/@src='{$document}']/*[local-name()='icon']" step="saveIconReplace"/>
        <otherwise step="saveIconAppend"/>
      </operation>
    </step>

    <step id="saveAcl">
      <operation name="change" value="{$document}/.acl">
        <store type="replace" select="/acl">
          {$acl}
        </store>
      </operation>
    </step>

    <step id="saveIconAppend">
      <operation name="change" value="$filelisting">
        <store type="append" select="/atom:feed/atom:entry[atom:content/@src='{$document}']">
          <ni:icon>{$properties#/properties/@icon}</ni:icon>
        </store>
      </operation>
    </step>

    <step id="saveIconReplace">
      <operation name="change" value="$filelisting">
        <store type="replace" select="/atom:feed/atom:entry[atom:content/@src='{$document}']/*[local-name()='icon']">
          <ni:icon>{$properties#/properties/@icon}</ni:icon>
        </store>
      </operation>
    </step>

    <step id="cancel">
      <operation name="call" value="cleanup"/>
      <operation name="close" value="Properties"/>
      <!--
<operation name="close" value="$processURL"><mode>process</mode></operation>
-->
    </step>

    <step id="close">
      <!--
<operation name="close" value="$processURL"><mode>process</mode></operation>
-->
    </step>

    <step id="cleanup">
      <operation name="close" value="$properties">
        <mode>document</mode>
      </operation>
      <operation name="close" value="$orig_properties">
        <mode>document</mode>
      </operation>
    </step>

    <step id="openShortcutFolder">
      <operation name="decision">
        <when test="'{$isFolderShortcut}'='true'" step="openShortcutFolderIsFolder"/>
        <otherwise step="openShortcutFolderNotFolder"/>
      </operation>
    </step>

    <step id="openShortcutFolderNotFolder">
      <alias name="trigger" value="{#Properties#shortcutTarget}"/>
      <operation name="open" value="xios/apps/system/document.xml">
        <trigger value="$trigger"/>
      </operation>
    </step>

    <step id="openShortcutFolderIsFolder">

      <alias name="target" value="{#Properties#shortcutTarget}"/>
      <alias name="len" value="={'{$target}'.length}"/>

      <alias name="folder" value="={'{$target}'.substr(0,{$len}-1)}"/>
      <operation name="open" value="xios/apps/system/document.xml">
        <trigger value="$folder"/>
      </operation>
    </step>

    <step id="checkIsBootstrap">
      <!-- check if shortcut target is a bootstrap file -->
      <alias name="target" value="{#Properties#shortcutTarget}"/>
      <alias name="isShortcutBootstrap" value="={'{$target}'.indexOf(':/') == -1 ? 'true' : 'false'}"/>
      <operation name="decision">
        <when test="'{$isShortcutBootstrap}'='true'" step="checkIsBootstrap_true"/>
        <otherwise step="checkIsBootstrap_false"/>
      </operation>
    </step>

    <step id="checkIsBootstrap_true">
      <operation name="action" value="#Properties">
        <component name="openShortcutFolder" action="disable"/>
      </operation>
    </step>

    <step id="checkIsBootstrap_false">
      <operation name="action" value="#Properties">
        <component name="openShortcutFolder" action="enable"/>
      </operation>
    </step>

    <!-- when href has changed -->

    <step id="onHrefChange" name="Href changed by typing">
      <alias name="shortcutIcon" value="xios/icons/applications/32x32/document_plain.png"/>
      <alias name="target" value="{#Properties#shortcutTarget}"/>
      <operation name="decision">
        <when test="contains('{$target}::/','/::/')" step="onHrefChange_IDAOS2D"/>
        <when test="contains('{$target}','://')" step="onHrefChange_IDAZT2D"/>
        <otherwise step="onHrefChange_IDAAW2D"/>
      </operation>
      <operation name="change" value="$properties">
        <store type="replaceText" select="/properties/@icon">{= '{$shortcutIcon}' ? '{$shortcutIcon}' : '{$originalIcon}' }</store>
      </operation>

      <operation name="call" value="checkIsBootstrap"/>
    </step>



    <step id="nameFromFileContents">
      <operation name="decision" value="$target">
        <when test="/application/@icon" step="nameFromFileContents_IDA4Y2D"/>
        <when test="/process/@icon" step="nameFromFileContents_IDAGZ2D"/>
      </operation>
    </step>

    <step id="onHrefChange_IDAOS2D">
      <alias name="shortcutIcon" value="xios/icons/applications/32x32/folder.png"/>
      <alias name="target" value="{#Properties#shortcutTarget}"/>
      <!--
<alias name="endPosition" value="={'{$target}'.length}"/>
<alias name="preTitle" value="={'{$target}'.substr(0,{$endPosition}-1)}"/>
<alias name="endPosition2" value="={'{$preTitle}'.lastIndexOf('/')}"/>
<alias name="title" value="={'{$preTitle}'.substr({$endPosition2}+1)}"/>
<operation name="callMethod" value="#Properties#Document">
  <method name="setValue">
    <param type="string">{$title}</param>
  </method>
</operation>
-->
    </step>

    <step id="onHrefChange_IDAZT2D">
      <alias name="target" value="{#Properties#shortcutTarget}"/>
      <alias name="targetMeta" value="{{#Properties#shortcutTarget}/.meta}" model="value"/>

      <alias name="contentsIcon" value=""/>
      <operation name="decision">
        <when test="'{$targetMeta#/*[namespace-uri() = 'http://www.w3.org/2005/Atom' and local-name() = 'entry']/*[namespace-uri() = 'http://xcerion.com/noindex.xsd' and local-name() = 'icon']}'!=''" step="_IDALU2D"/>
        <otherwise step="_IDATU2D"/>
      </operation>
      <operation name="call" value="onHrefChange_IDAAW2D"/>
      <alias name="title" value="{$targetMeta#/*[namespace-uri() = 'http://www.w3.org/2005/Atom' and local-name() = 'entry']/*[namespace-uri() = 'http://www.w3.org/2005/Atom' and local-name() = 'title']}"/>
      <!--
<operation name="callMethod" value="#Properties#Document">
  <method name="setValue">
    <param type="string">{$title}</param>
  </method>
</operation>
-->
    </step>

    <step id="_IDALU2D">
      <alias name="shortcutIcon" value="{$targetMeta#/*[namespace-uri() = 'http://www.w3.org/2005/Atom' and local-name() = 'entry']/*[namespace-uri() = 'http://xcerion.com/noindex.xsd' and local-name() = 'icon']}"/>
    </step>

    <step id="_IDATU2D">
      <operation name="call" value="nameFromFileContents"/>
      <operation name="decision">
        <when test="'{$contentsIcon}'!=''" step="_IDA2U2D"/>
        <otherwise step="_IDAEV2D"/>
      </operation>
    </step>

    <step id="_IDA2U2D">
      <alias name="shortcutIcon" value="$contentsIcon"/>
    </step>

    <step id="_IDAEV2D">
      <alias name="shortcutIcon" value="filetype({#Properties#shortcutTarget})#icon"/>
    </step>

    <step id="onHrefChange_IDAAW2D">
      <alias name="target" value="{#Properties#shortcutTarget}"/>
      <operation name="call" value="nameFromFileContents"/>
      <operation name="decision">
        <when test="'{$contentsIcon}'!=''" step="_IDA5W2D"/>
        <otherwise step="_IDAHX2D"/>
      </operation>
    </step>

    <step id="_IDA5W2D">
      <alias name="shortcutIcon" value="$contentsIcon"/>
    </step>

    <step id="_IDAHX2D">
      <alias name="shortcutIcon" value="filetype({#Properties#shortcutTarget})#icon"/>
    </step>


    <step id="nameFromFileContents_IDA4Y2D">
      <alias name="contentsIcon" value="{$target#/application/@icon}"/>
    </step>

    <step id="nameFromFileContents_IDAGZ2D">
      <alias name="contentsIcon" value="{$target#/process/@icon}"/>
    </step>

    <step id="doNothing"/>

    <step id="openXml">
      <operation name="open" value="apps/desktop/noteapp.xml">
        <trigger value="$document"/>
      </operation>
    </step>
  </process>
</application>
