<?xml version="1.0"?>

<application xmlns:xlink="http://www.w3.org/1999/xlink" xmlns:l="http://xios3.com/lang" name="ShareZone" icon="xios/icons/objects/32x32/user1_into.png">
  <share>false</share>
<!--
Usage:
It uses the 'viewId' as a parameter to launch the specificed application.

    <operation name="open" value="xios/apps/system/sharezone.xml">
      <param name="viewId" value="someView:{$instance}"/>
    </operation>

-->
<about loader="false" version="1.11" revised="2010-01-15" created="2008-09-17" author="CloudTop" copyright="Copyright © 2018 XIOS/3 AB. All rights reserved." publisher="CloudTop">
  <description>An application that allows you to define share zones and share application windows</description>
  <license xlink:type="simple" xlink:actuate="onRequest" xlink:href="https://xios3.com/license/xios_1.xml">XIOS.1</license>
  <installed>2008-09-17</installed>
</about>
<resources/>

<view height="295" width="400" xmlns:xpc="http://xcerion.com/process/1.0" xlink:actuate="onLoad" name="shareZoneView" title="Define Share Zone" l:title="Define Share Zone" author="Goran Panic" version="1.0" winstate="false" resize="false" icon="icon://objects/user1_into" xpc:ns="http://xcerion.com/view/1.0">
  <style>
    .radiobutton{
      width:110px;
      color: #ffffff;
    }
  </style>
  <panel name="panelRoot" height="100%" width="100%" type="row" padding="5" look="transparent">
    <boxlist name="friend" label="Which user do you wish to share your window with?" showall="true" plateonly="true" l:label="whichUserShareWindow" icon="icon://plus" placeholder="Share With Friends" l:placeholder="Share With Friends" height="50" width="100%" singleselect="false" title="Share With Friends" l:title="Share With Friends">
      <identity users="false" friends="true" contacts="false" groups="false" name="plateName" height="200"/>
    </boxlist>
    <group name="sideGroup" label="Select Share Bar" l:label="Select Share Bar">
      <radio name="leftRadio" value="left" postLabel="Left" selected="true" l:postLabel="Left"/>
      <radio name="rightRadio" value="right" postLabel="Right" l:postLabel="Right"/>
    </group>
    <panel name="modePanel" type="row" height="30" hide="true" style="padding-top: 5px;">
      <group name="modeGroup" label="Application Mode" l:label="Application Mode">
        <radio name="noneRadio" value="none" selected="true" hide="true"/>
        <radio name="singleRadio" value="singleton" postLabel="Single Window" l:postLabel="Single Window"/>
        <radio name="cloneRadio" value="clone" postLabel="Clone Window" l:postLabel="Clone Window"/>
      </group>
      <label name="modeDescriptionLabel" default="(A single window will be shared between you and your friend)" style="margin-top: 5px; text-align: right; color: #ffffff;" l:default="singleWindowSharedFriend"/>
    </panel>
    <panel type="column" height="100%" valign="bottom">
      <image name="helpIcon" src="xios/icons/applications/24x24/help2.png" type="link" width="24" height="24"/>
      <panel align="right" name="panel2" type="flow" valign="bottom">
        <button name="okButton" width="80" text="OK" l:text="OK" style="margin-right: 5px;"/>
        <button name="cancelButton" width="80" text="Cancel" l:text="Cancel"/>
      </panel>
    </panel>
  </panel>
</view>

<process xmlns:xpc="http://xcerion.com/process/1.0" xlink:actuate="onLoad" name="shareZoneProc" xpc:ns="http://xcerion.com/process/1.0">
  <trigger view="shareZoneView" component="okButton" event="Select" step="defineZone"/>
  <trigger view="shareZoneView" component="cancelButton" event="Select" step="closeApp"/>
  <trigger view="shareZoneView" component="helpIcon" event="Select" step="openHelp"/>
  <!-- Friend Selection -->
  <!--<trigger view="shareZoneView" component="friend" event="addUser" step="addFriend"/>
  <trigger view="shareZoneView" component="friend" event="clickDefault" step="addFriend"/>
  <trigger view="shareZoneView" component="friend" event="removeUser" step="removeFriend"/>-->
  <trigger view="shareZoneView" component="friend" event="Drop" step="handleDropFriend"/>
  <!-- Interaction Improvements -->
  <trigger view="shareZoneView" component="modeGroup" event="Select" step="changeModeSelection"/>
  <trigger view="shareZoneView" event="Opened" step="Opened"/>

  <step id="1" name="Initiate Application">

  </step>

  <step id="Opened" name="Initiate Application">
    <!-- show mode panel if viewId is set -->
    <operation name="decision">
      <when test="'{$viewId}' != ''" step="showModelPanel"/>
    </operation>
  </step>

  <step id="showModelPanel" name="Display modePanel">
    <operation name="action" value="#shareZoneView">
      <component name="modePanel" action="show"/>
    </operation>

    <operation name="callMethod" value="#shareZoneView#modeGroup">
      <method name="setValue">
        <param type="string">singleton</param>
      </method>
    </operation>
  </step>

  <step id="defineZone" name="Set a Share Zone">
    <!-- create a share zone for  for the selected friend in the selected direction -->
    <operation name="share">
      <zone direction="{#shareZoneView#sideGroup}" user="{#shareZoneView#friend#atom:title}"/>
    </operation>

    <!-- check if we want to start an application -->
    <operation name="decision">
      <when test="'{#shareZoneView#modeGroup}' != 'none'" step="setApplication"/>
    </operation>

    <!-- close app -->
    <operation name="call" value="closeApp"/>
  </step>

  <step id="setApplication" name="Kickstart an Application Share">
    <operation name="share" value="{$viewId}">
      <view action="{#shareZoneView#modeGroup}" user="{#shareZoneView#friend#atom:title}"/>
    </operation>
  </step>

  <step id="closeApp" name="Close Application and Reset Selections">
    <!-- close the application view and reset the selections-->
    <operation name="callMethod" value="#shareZoneView#sideGroup">
      <method name="setValue">
        <param type="string">west</param>
      </method>
    </operation>
    <operation name="close" value="shareZoneView">
      <mode>view</mode>
    </operation>
  </step>

  <step id="handleDropFriend" name="Handles dropped item whether to append it to the Selected Friend list or not.">
    <!-- TODO : it really also depends on if this is a single only document. this might need to be specified in the tmp document.  -->
    <alias name="friend" value="!"/>
    <operation name="callMethod" value="#shareZoneView#friend">
      <method name="addItem">
        <param type="string">{$friend#@alias}</param>
        <param type="string">friend</param>
      </method>
    </operation>
  </step>

  <step id="changeModeSelection" name="Checks the current mode selection">
    <operation name="decision">
      <when test="'{#shareZoneView#modeGroup}' = 'singleton'" step="setModeLabelSingle"/>
      <when test="'{#shareZoneView#modeGroup}' = 'clone'" step="setModeLabelClone"/>
    </operation>
  </step>

  <step id="setModeLabelSingle" name="Sets the description label for single mode">
    <operation name="callMethod" value="#shareZoneView#modeDescriptionLabel">
      <method name="setValue">
        <param type="string">{get-label('singleWindowSharedFriend')}</param>
      </method>
    </operation>
  </step>

  <step id="setModeLabelClone" name="Sets the description label for clone mode">
    <operation name="callMethod" value="#shareZoneView#modeDescriptionLabel">
      <method name="setValue">
        <param type="string">{get-label('bothFriendShareWindow')}</param>
      </method>
    </operation>
  </step>

  <step id="openHelp" name="Open Share Window Help">
    <alias name="trig" value="/apps/help/data/WindowSharingHelp.xml" model="define">
      <selection><item select="/section[1]"/></selection>
    </alias>

    <operation name="open" value="xios/apps/help/helpapp.xml">
      <trigger value="$trig"/>
    </operation>
  </step>
 </process>
</application>
