<?xml version="1.0"?>

<application name="Share Dialog" icon="xios/gui/icons/16x16/share.png" instances="0" xmlns:xlink="http://www.w3.org/1999/xlink" xmlns:dc="http://xcerion.com/directory.xsd">
  <share>false</share>
  <about loader="false" version="2.10" created="2008-10-23" revised="2012-06-24"
      author="Caspar Raarup, Goran Panic" copyright="Copyright © 2018 XIOS/3 AB. All rights reserved."
      publisher="CloudTop">
    <description>Share Dialog for sharing of files</description>
    <license xlink:type="simple" xlink:actuate="onRequest" xlink:href="https://xios3.com/license/xios_1.xml">XIOS.1</license>
    <installed>2009-01-12</installed>
  </about>
  <resources>
    <item name="scXSL">
      <xsl:stylesheet xmlns:xsl="http://www.w3.org/1999/XSL/Transform" xmlns:util="urn:x-i-o-s:util" xmlns:l="http://xios3.com/lang" version="1.0">
        <xsl:import href="/xios/system/xslt/absolute.xsl"/>
        <xsl:template match="*">
          <div selectionBase="SC" selectionClass="categorySelect" style="color:#fff;font-family:tahoma, arial, verdana;font-size:10px;">
            <xsl:apply-templates select="option"/>
          </div>
        </xsl:template>
        <xsl:template match="option">
          <div position="{position()}" id="SC_{position()}" draggable="false" style="width:110px !important;float:left;padding:7px;cursor:pointer;height:37px;">
            <xsl:attribute name="xpath">
              <xsl:call-template name="absolutePath"/>
            </xsl:attribute>

            <div style="float:left;margin-right:3px;">
              <ximage src="{@icon}" width="24" height="24"/>
            </div>
            <span style="display:block;padding-top:3px;width:60px;overflow:hidden;height:24px;float:left;">
              <util:text method="getLabel"><util:param><xsl:value-of select="@name"/></util:param><util:param></util:param></util:text>
            </span>
          </div>
        </xsl:template>
      </xsl:stylesheet>
    </item>
  </resources>

  <process xlink:type="simple" xlink:actuate="onLoad"
      step="1" name="Share Process" version="2.0" created="2008-10-23" revised="2009-10-07" description="Share Dialog"
      author="Caspar Raarup, Goran Panic" xmlns:atom="http://www.w3.org/2005/Atom" xmlns:ni="http://xcerion.com/noindex.xsd" xmlns:dc="http://xcerion.com/directory.xsd">
    <!-- views -->
    <trigger view="Share"         event="Opened" step="init"/>
    <trigger view="Share"         event="Close"  step="closeMainView"/>
    <trigger view="Share"         event="Escape" step="forceCloseView"/>
    <trigger view="EmailShare"    event="Opened" step="OpenedEmailShare"/>
    <trigger view="EmailShare"    event="Escape" step="EmailShareClose"/>

    <!-- Boxlist -->
    <trigger view="Share" component="sharedList" event="Drop"        step="handleDropShared"/>
    <trigger view="Share" component="sharedList" event="Change"      step="checkOkButton"/>
    <trigger view="Share" component="sharedList" event="NewItem"     step="checkOkButton"/>
    <trigger view="Share" component="sharedList" event="RemoveItem"  step="checkOkButton"/>

    <!-- Main Category Listview -->
    <trigger view="Share" component="shareType" event="Select"  step="changeCategory"/>

    <!-- Buttons -->
    <trigger view="Share"         component="buttonOk"     event="Select"     step="shareFiles"/>
    <trigger view="Share"         component="buttonCancel" event="Select"     step="cancelStep"/>
    <trigger view="Share"         component="addMore"      event="Select"     step="openDS"/>
    <trigger view="EmailShare"    component="ok"           event="Select"     step="EmailShareStartEmailer"/>
    <trigger view="EmailShare"    component="cancel"       event="Select"     step="EmailShareClose"/>

    <!--Cancel Dialog -->
    <trigger view="ShareCancelDialog" component="OK"     event="Select" step="closeBothView"/>
    <trigger view="ShareCancelDialog" component="Cancel" event="Select" step="closeShareCancelDialog"/>

    <!-- Success Dialogs -->
    <trigger view="dSuccessFriend" component="OK" event="Select" step="closeSuccessFriend"/>

    <!--  Illegal Content Dialog  -->
    <trigger view="illegalContent" component="OK"     event="Select" step="doShare"/>
    <trigger view="illegalContent" component="Cancel" event="Select" step="closeIllegal"/>
    <trigger view="ShareAlert"     component="OK"     event="Select" step="closeAlert"/>

    <!-- Sharing -->
    <trigger view="Share" component="filesToShare" event="ContextMenu" step="openContextMenu"/>
    <trigger view="Share" component="filesToShare" event="Drop"        step="handleDropGrid"/>
    <trigger view="Share" component="filesToShare" event="Delete"      step="removeGrid"/>
    <trigger view="Share" component="filesToShare" event="Select"      step="fileSelect"/>
    <trigger view="Share" component="filesToShare" event="Clear"       step="clearSelection"/>
    <trigger view="Share" component="emptyShare"   event="Drop"        step="handleDropGrid"/>

    <!-- Context Menu -->
    <trigger view="Share" component="cmAddFile"        event="Select" step="openDS"/>
    <trigger view="Share" component="cmAddFolder"      event="Select" step="openFS"/>
    <trigger view="Share" component="cmRemoveFromList" event="Select" step="removeGrid"/>
    <trigger view="Share" component="cmOpen"           event="Select" step="runProgram"/>

    <!-- Toolbar -->
    <trigger view="Share" component="tDS"     event="Select" step="openDS"/>
    <trigger view="Share" component="tFS"     event="Select" step="openFS"/>
    <trigger view="Share" component="tUpload" event="Select" step="openUpload"/>
    <trigger view="Share" component="tDelete" event="Select" step="removeGrid"/>

    <!-- Emailer List -->
    <trigger view="EmailShare"    component="user" event="Select" step="handleCheckedEmailTrue"/>
    <trigger view="EmailShare"    component="user" event="Release" step="handleCheckedEmailFalse"/>

    <step id="1" name="first step">
      <alias name="dataChanged" value="false" model="value"/>
      <alias name="triggerOpen" value="!"/>
      <alias name="selected_tab" value="{$selectTab}" model="value"/>
    </step>

    <step id="loopTrigger">
      <operation name="foreach" value="$triggerOpen">
        <alias name="trigger" value="!"/>
        <!-- Handle Incoming Trigger -->
        <alias name="friend" value="$trigger"/>
        <alias name="alias" value="{$trigger#@alias}" model="value"/>
        <alias name="id" value="{$trigger#@id}" model="value"/>
        <operation name="decision">
          <when test="'{$trigger#ni:target}' != ''">
            <alias name="isFile" value="$trigger#ni:target"/>
          </when>
          <when test="'{$trigger#atom:entry/ni:target}' != ''">
            <alias name="isFile" value="$trigger#atom:entry/ni:target"/>
          </when>
          <when test="'{$trigger#atom:content/@src}' != ''">
            <alias name="isFile" value="$trigger#atom:content/@src"/>
          </when>
          <otherwise>
            <alias name="isFile" value="$trigger#atom:entry/atom:content/@src"/>
          </otherwise>
        </operation>
        <alias name="isFolder" value="$trigger#@path"/>
        <operation name="decision" value="$trigger">
          <when test="'{$alias}' != '' and '{$id}' != ''" step="appendDropShared"/>
          <when test="local-name() = 'feed'">
            <alias name="dataDoc" model="value" value="$trigger"/>
            <operation name="call" value="checkForDuplicates"/>
          </when>
          <when test="'{$isFile}' != ''" step="setDropFilePath"/>
          <when test="'{$isFolder}' != ''" step="setDropFolderPath"/>
        </operation>
      </operation>
    </step>

    <step id="closingview">
      <operation name="decision">
        <when test="'{$mainViewClose}' != 'true'" step="dataChangedStep"/>
      </operation>
    </step>

    <step id="checkRemoveGrid" name="">
      <operation name="decision" value="#Share#filesToShare">
        <when test="local-name() = 'folder' or local-name() = 'entry'">
          <operation name="action" value="#Share">
            <component name="cmRemoveFromList" action="enable"/>
          </operation>
        </when>
        <otherwise>
          <operation name="action" value="#Share">
            <component name="cmRemoveFromList" action="disable"/>
          </operation>
        </otherwise>
      </operation>
    </step>

    <step id="closeMainView">
      <operation name="close" value="#sharedDoc">
        <mode>document</mode>
      </operation>
      <!--operation name="close" value="$shareFiles">
        <mode>document</mode>
      </operation-->
      <alias name="mainViewClose" value="true" model="value"/>
    </step>

    <step id="forceCloseView">
      <operation name="close" value="Share"/>
      <operation name="call" value="closeMainView"/>
    </step>

    <step id="init" name="When view opened">
      <operation name="create" value="#sharedDoc">
        <buddies/>
      </operation>
      <!--operation name="create" value="#shareFiles">
        <atom:feed xmlns:atom="http://www.w3.org/2005/Atom" xmlns:ni="http://xcerion.com/noindex.xsd" xmlns:fs="http://xcerion.com/folders.xsd" xmlns:dc="http://xcerion.com/directory.xsd"/>
      </operation-->

      <alias name="shareFiles" model="newsilent">
        <atom:feed xmlns:atom="http://www.w3.org/2005/Atom" xmlns:ni="http://xcerion.com/noindex.xsd" xmlns:fs="http://xcerion.com/folders.xsd" xmlns:dc="http://xcerion.com/directory.xsd"/>
      </alias>

      <operation name="call" value="loopTrigger"/>
      <alias name="triggerOpen" value="$users"/>
      <operation name="call" value="loopTrigger"/>
      <alias name="triggerOpen" value="$files"/>
      <operation name="call" value="loopTrigger"/>

      <operation name="bind" value="$shareFiles">
        <component name="filesToShare" view="Share" select="/">
          <rule match="atom:feed/fs:folder">
            <item name="folder_{@id}" text="{@name}" title="{@name}" position="1" detail="{@path}"/>
          </rule>
          <rule match="atom:feed/atom:entry">
            <item name="file_{atom:id}" text="{atom:title}" title="{atom:title}" position="2" detail="{atom:content/@src}"/>
          </rule>
        </component>
      </operation>

      <operation name="create" value="#ShareCategories">
        <list xmlns:l="http://xios3.com/lang">
          <option id="Friends" name="Friends" icon="gui/icons/24x24/cloudme.png"/>
          <option id="Internet" name="Internet" icon="gui/icons/24x24/publish.png"/>
        </list>
      </operation>

      <operation name="bind" value="#ShareCategories">
        <component name="shareType" view="Share" select="/"/>
      </operation>

      <operation name="decision">
        <when test="'{$selected_tab}' = 'Internet'">
          <operation name="setSelection">
            <component view="Share" name="shareType">
              <item select="/list/option[3]"/>
            </component>
          </operation>
        </when>
        <otherwise>
          <operation name="setSelection">
            <component view="Share" name="shareType">
              <item select="/list/option[1]"/>
            </component>
          </operation>
        </otherwise>
      </operation>

      <!-- Set default value for profile category -->
      <operation name="callMethod" value="#Share#profileCategory">
        <method name="setValue">
          <param type="integer">File</param>
        </method>
      </operation>

      <operation name="call" value="checkOkButton"/>
    </step>

    <step id="initInternetShare">
      <!-- convert the XML into a nice text string -->
      <alias name="textString" value=""/>
      <operation name="foreach" value="#PublishedLinks#/links/link">
        <alias name="tName" value="Name: {!}"/>
        <alias name="tLink" value="{!#@href}"/>
        <alias name="textString" value="{$textString} {$tName}\n {$tLink}\n\n"/>
      </operation>

      <!-- set the text -->
      <operation name="callMethod" value="#InternetShare#links">
        <method name="setValue">
          <param type="string">{$textString}</param>
        </method>
      </operation>
    </step>

    <step id="removeShared" name="Removes a shared user.">
      <alias name="dataDoc" value="!"/>
      <operation name="change" value="$dataDoc">
        <delete/>
      </operation>
      <operation name="call" value="dataChangedStep"/>
    </step>

    <step id="removeGrid" name="Removes a file or folder from grid.">
      <alias name="entryDelete" value="#Share#filesToShare"/>
      <operation name="decision" value="#Share#filesToShare">
        <when test="local-name() = 'folder' or local-name() = 'entry'">
          <operation name="change" value="$entryDelete">
            <delete/>
          </operation>
        </when>
      </operation>
      <operation name="call" value="dataChangedStep"/>
    </step>

    <step id="handleDropShared" name="Handles dropped user whether to append or not to the Shared User list.">
      <alias name="dropSource" value="!"/>
      <alias name="dropSourceDoc" value="!" model="value"/>
      <operation name="decision" value="">
        <when test="'{$dropSourceDoc}' = '#LastLogins'">
          <operation name="decision" value="">
            <when test="'{#Friends#/buddies//buddy[@alias = '{$dropSource#atom:title}']/@alias}' != ''">
              <alias name="friend" value="#Friends#/buddies//buddy[@alias = '{$dropSource#atom:title}']"/>
              <alias name="alias" value="{$friend#@alias}" model="value"/>
              <alias name="protocol" value="{$friend#@protocol}"/>
              <alias name="id" value="{$friend#@id}"/>
            </when>
            <otherwise>
              <operation name="open" value="xios/apps/system/dialog.xml">
                <name>ShareAlert</name>
              </operation>
              <alias name="textTitle" value="get-label('Not A Friend')"/>
              <alias name="textDialog" value="get-label('onlyFriendsCanShare')"/>
              <alias name="textOK" value="get-label('OK')"/>
              <operation name="callMethod" value="#ShareAlert">
                <method name="setTitle">
                  <param type="string">{$textTitle}</param>
                </method>
              </operation>
              <operation name="callMethod" value="#ShareAlert#Label">
                <method name="setValue">
                  <param type="string">{$textDialog}</param>
                </method>
              </operation>
              <operation name="callMethod" value="#ShareAlert#OK">
                <method name="setValue">
                  <param type="string">{$textOK}</param>
                </method>
              </operation>
              <operation name="action" value="#ShareAlert">
                <component name="Cancel" action="hide"/>
              </operation>
              <operation name="callMethod" value="#ShareAlert#Label">
                <method name="activate"/>
              </operation>
            </otherwise>
          </operation>
        </when>
        <otherwise>
          <alias name="friend" value="$dropSource"/>
          <alias name="alias" value="{$friend#@alias}" model="value"/>
          <alias name="protocol" value="{$friend#@protocol}"/>
          <alias name="id" value="{$friend#@id}"/>
        </otherwise>
      </operation>

      <operation name="decision" value="#sharedDoc">
        <when test="'{$alias}' != '' and not(/buddies/buddy[@alias='{$alias}']) and '{$protocol}' = '' and '{$id}' != ''" step="appendDropShared"/>
      </operation>

      <operation name="decision">
        <when test="'{$alias}'=''">
          <alias name="buddies" value="$dropSource#buddy"/>
          <operation name="foreach" value="$buddies">
            <alias name="friend" value="!"/>
            <alias name="alias" value="{$friend#@alias}" model="value"/>
            <alias name="protocol" value="{$friend#@protocol}"/>
            <alias name="id" value="{$friend#@id}"/>
            <operation name="call" value="appendDropShared" />
          </operation>

        </when>
      </operation>
    </step>

    <step id="appendDropShared" name="Appends the dropped user to the Shared User list.">
      <operation name="callMethod" value="#Share#sharedList">
        <method name="addItem">
          <param type="string">{$alias}</param>
          <param type="string">friend</param>
        </method>
      </operation>
      <operation name="call" value="dataChangedStep"/>
    </step>

    <step id="dataChangedStep" name="Marks that changes have been made.">
      <alias name="dataChanged" value="true" model="value"/>
      <operation name="call" value="checkOkButton"/>
    </step>

    <step id="openContextMenu" name="Opens the contextmenu for the grid">
      <operation name="call" value="checkRemoveGrid"/>
      <operation name="action" value="#Share">
        <component name="cmShare" action="open"/>
      </operation>
    </step>

    <step id="openDS" name="Open Document Selector">
      <alias name="lSelect" value="get-label('Select')"/>
      <alias name="lCancel" value="get-label('Cancel')"/>
      <alias name="lSelectFile" value="get-label('selectFile')"/>
      <alias name="dataDoc" model="browse">
        <dialog folder="{$main}://Documents" title="{$lSelectFile}">
          <label name="ok">{$lSelect}</label>
          <label name="cancel">{$lCancel}</label>
        </dialog>
      </alias>
      <operation name="call" value="checkForDuplicates"/>
    </step>

    <step id="openFS" name="Open Folder Selector">
      <alias name="lSelect" value="get-label('Select')"/>
      <alias name="lCancel" value="get-label('Cancel')"/>
      <alias name="dataDoc" model="folder">
        <dialog folder="{$main}://Documents" title="{$lSelectFile}">
          <label name="ok">{$lSelect}</label>
          <label name="cancel">{$lCancel}</label>
        </dialog>
      </alias>
      <operation name="call" value="checkForDuplicates"/>
    </step>

    <step id="openUpload">
      <operation name="filesystem" value="{$main}://Documents/">
        <listen subfolders="false" event="Insert" step="handleUpload"/>
      </operation>
      <operation name="filesystem">
        <upload to="{$main}://Documents/"/>
      </operation>
    </step>

    <step id="handleUpload">
      <alias name="trigger" value="!"/>
      <alias name="file" value="filename($trigger)"/>
      <alias name="dataDoc" value="{$main}://Documents/{$file}"/>
      <operation name="call" value="checkForDuplicates"/>
    </step>

    <step id="checkForDuplicates" name="Checks if file or folder has already been added">
      <alias name="lastCharacter" value='="{$dataDoc}".substr("{$dataDoc}".length - 1)'/>
      <operation name="decision" value="$shareFiles">
        <when test='contains("{$dataDoc}","://Friends/") or contains("{$dataDoc}","://Trashcan/") or "{$dataDoc}" = "{$main}://" or contains("{$dataDoc}","://Shared") or contains("{$dataDoc}","://Groups")'>
          <operation name="decision">
            <when test="'{is-open(DE:1)}' = 'true'">
              <operation name="call" value="notAllowedToShare">
                <timer wait="3000"/>
              </operation>
            </when>
            <otherwise>
              <operation name="call" value="notAllowedToShare"/>
            </otherwise>
          </operation>
        </when>
        <when test='"{$lastCharacter}" != "/" and count(/atom:feed/atom:entry/atom:content[@src = "{$dataDoc}"]) = 0' step="addFile"/>
        <when test='"{$lastCharacter}" = "/" and count(/atom:feed/fs:folder[@path = "{$dataDoc}"]) = 0' step="addFolder"/>
      </operation>
    </step>

    <step id="addFile" name="adds a file to the grid">
      <alias name="fullEntry" value="{$dataDoc}/.meta#atom:entry"/>
      <operation name="change" value="$shareFiles">
        <store select="/atom:feed" type="append">
          {xml($fullEntry)}
        </store>
      </operation>
      <operation name="call" value="dataChangedStep"/>
    </step>

    <step id="addFolder" name="adds a folder to share to the grid">
      <!-- Appends the folder-node with matching path from folders() -->
      <alias name="theChannel" value="channelname({$dataDoc})"/>
      <operation name="change" value="$shareFiles">
        <store select="/atom:feed" type="append">
          {xml({$theChannel}://folders()#//fs:folder[@path = "{$dataDoc}"])}
        </store>
      </operation>
      <operation name="call" value="dataChangedStep"/>
    </step>

    <step id="runProgram" name="Opens a filetype of folder">
      <operation name="decision">
        <when test="'{#Share#filesToShare}' != ''" step="launchFile"/>
        <!--<when test="'{#Share#filesToShare#@picture}' = 'folderIcon'" step="openFolder"/>-->
      </operation>
    </step>

    <step id="openFolder" name="opens a folder in DE">
      <operation name="open" value="xios/apps/system/document.xml">
        <trigger value="{#Share#filesToShare#@xiospath}"/>
      </operation>
    </step>

    <step id="launchFile" name="Opens a file">
      <alias name="openFile" value="#Share#filesToShare#atom:content/@src"/>
      <operation name="open" value="{$openFile}"/>
    </step>

    <step id="clearSelection">
      <operation name="action" value="#Share">
        <component name="tDelete" action="disable"/>
      </operation>
    </step>

    <step id="fileSelect">
      <operation name="action" value="#Share">
        <component name="tDelete" action="enable"/>
      </operation>
    </step>

    <!--step id="handleDropFromEmpty" name="When a file is dropped on the empty grid">
      <alias name="trigger" value="!"/>
      <operation name="call" value="handleDropGrid">
        <param name="dropSource" value="$trigger"/>
      </operation>
    </step-->

    <step id="handleDropGrid" name="Handles dropped file whether to append or not to the Share.">
      <alias name="trigger" value="!"/>
      <operation name="decision">
        <when test="'{$trigger}' != 'handleDropGrid'">
          <alias name="dropSource" value="$trigger"/>
        </when>
      </operation>
      <operation name="foreach" value="$dropSource">
        <alias name="trig" value="!"/>
        <operation name="decision">
          <when test="'{$trig#ni:target}' = ''">
            <alias name="isFile" value="{$trig#atom:content/@src}"/>
          </when>
          <otherwise>
            <alias name="isFile" value="{$trig#ni:target}"/>
          </otherwise>
        </operation>
        <alias name="isFolder" value="{$trig#@path}"/>
        <operation name="decision">
          <when test="'{$isFile}' != ''" step="setDropFilePath"/>
          <when test="'{$isFolder}' != ''" step="setDropFolderPath"/>
      </operation>
      </operation>
    </step>

    <step id="setDropFilePath" name="sets dataDoc to the proper source from a file which has been dropped">
      <alias name="dataDoc" value="$isFile"/>
      <operation name="call" value="checkForDuplicates"/>
    </step>

    <step id="setDropFolderPath" name="sets dataDoc to the proper source from a folder which has been dropped">
      <alias name="dataDoc" value="$isFolder"/>
      <operation name="call" value="checkForDuplicates"/>
    </step>

    <step id="checkOkButton">
      <operation name="decision" value="$shareFiles">
        <when test="count(/atom:feed/atom:entry) + count(/atom:feed/fs:folder) &gt; 0">
          <operation name="action" value="#Share">
            <component name="emptyShare" action="hide"/>
            <component name="filesToShare" action="show"/>
          </operation>
        </when>
        <otherwise>
          <operation name="action" value="#Share">
            <component name="filesToShare" action="hide"/>
            <component name="emptyShare" action="show"/>
            <component name="tDelete" action="disable"/>
          </operation>
        </otherwise>
      </operation>

      <!-- Check requirements to enable OK button -->
      <alias name="category" value="#Share#shareType#@id"/>
      <alias name="folderCount" value="{count(#Share#filesToShare#/atom:feed/fs:folder)}"/>
      <alias name="fileCount" value="{count(#Share#filesToShare#/atom:feed/atom:entry)}"/>
      <operation name="decision" value="#Share#filesToShare">
        <when test="'{$category}' = 'Friends' and ({$fileCount} + {$folderCount}) &gt; 0 and '{#Share#sharedList}' != ''">
          <operation name="call" value="enableOk"/>
        </when>
        <when test="'{$category}' = 'Internet' and ({$fileCount} + {$folderCount}) &gt; 0">
          <operation name="call" value="enableOk"/>
        </when>
        <otherwise step="disableOk"/>
      </operation>
    </step>

    <step id="enableOk" name="enables ok button">
      <operation name="action" value="#Share">
        <component name="buttonOk" action="enable"/>
      </operation>
    </step>

    <step id="disableOk" name="disables ok button">
      <operation name="action" value="#Share">
        <component name="buttonOk" action="disable"/>
      </operation>
    </step>

    <step id="shareFiles" name="First ask if user shares illegal content">
      <alias name="countIllegal" value="count(#Share#filesToShare#atom:feed/atom:entry[contains(atom:content/@type, 'audio/') or contains(atom:content/@type, 'video/') or contains(atom:content/@type, 'application/zip') or contains(atom:content/@type, 'application/octet-stream')])"/>
      <alias name="countIllegalFolders" value="count(#Share#filesToShare#@name)"/>
      <operation name="decision">
        <when test="'{$countIllegal}' != '0' or '{$countIllegalFolders}' != '0'">
          <alias name="dialogName" value="illegalContent"/>
          <alias name="windowHeight" value="265"/>
          <alias name="windowWidth" value="465"/>
          <alias name="textTitle" value="get-label('Certify Copyright')"/>
          <alias name="textDialog" value="get-label('noCopyright')"/>
          <alias name="textOK" value="get-label('I Agree')"/>
          <alias name="textCancel" value="get-label('Cancel')"/>
          <operation name="call" value="setDialogValues"/>
        </when>
        <otherwise step="doShare"/>
      </operation>
    </step>

    <step id="doShare">
      <operation name="decision" value="#Share#shareType">
        <when test="@id = 'Friends'" step="doShareFriends"/>
        <when test="@id = 'Profile'" step="doShareProfile"/>
        <when test="@id = 'Internet'" step="doShareInternet"/>
      </operation>
    </step>

    <step id="doNothing" name="no op">
    </step>

    <step id="doShareFriends" success="sharedThenEmail" error="doNothing">
      <operation name="create" value="#Emails">
        <emails/>
      </operation>

      <operation name="foreach" value="#Share#sharedList">
        <alias name="buddyId" value="!#atom:title"/>
        <alias name="shareBuddie" value="#Friends//buddy[@alias='{$buddyId}']"/>
        <operation name="decision" value="#sharedDoc">
          <when test="'{$buddyId}' != '' and not(/buddies/buddy[@alias='{$buddyId}'])">
            <operation name="change" value="#sharedDoc">
              <store select="/buddies" type="append">
                {xml($shareBuddie)}
              </store>
            </operation>
          </when>
        </operation>

        <!-- collect emails for those that are not cloudme members -->
        <alias name="email" value="{!#dc:homemail}"/>
        <operation name="decision">
          <when test="'{$email}' = ''">
            <alias name="email" value="{!#dc:businessmail}"/>
          </when>
        </operation>
        <operation name="decision">
          <when test="'{$email}' != ''">
            <operation name="change" value="#Emails">
              <store select="/emails" type="append">
                <email use="true">{$email}</email>
              </store>
            </operation>
          </when>
        </operation>
      </operation>

      <alias name="shareBuddies" value="xml(#sharedDoc#/buddies)"/>
      <operation name="filesystem" value="#Share#filesToShare">
        <share useSelection="false">
          <users>{$shareBuddies}</users>
          <acl read="1" write="0" delete="0" changeACL="0"/>
          <comment>{#Share#commentInput}</comment>
        </share>
      </operation>
    </step>

    <step id="sharedThenEmail">
      <!-- check if we need to email anyone -->
      <operation name="create" value="#SharePackage">
        {xml($shareFiles)}
      </operation>
      <operation name="decision">
        <when test="{count(#Emails#/emails/email)} &gt; 0">
          <operation name="call" value="closeBothView"/>
          <operation name="open" value="$package#/application/view[@name='EmailShare']"/>
        </when>
        <otherwise>
          <operation name="call" value="closeBothView"/>
          <operation name="call" value="doShareFriendsCompleted"/>
        </otherwise>
      </operation>
    </step>

    <step id="OpenedEmailShare">
      <operation name="bind" value="#Emails">
        <component name="emailer" view="EmailShare" select="/"/>
      </operation>
    </step>

    <step id="EmailShareClose">
      <operation name="close" value="EmailShare"/>
      <operation name="close" value="#Emails">
        <mode>document</mode>
      </operation>
      <operation name="call" value="doShareFriendsCompleted"/>
    </step>

    <step id="EmailShareStartEmailer">
      <!-- todo: start user feedback -->
      <operation name="action" value="#EmailShare">
        <component name="ok" action="disable"/>
        <component name="cancel" action="disable"/>
      </operation>
      <!-- generate webshare link -->
      <operation name="call" value="createWebshareLinks"/>
    </step>

    <step id="handleCheckedEmailTrue">
      <operation name="change" value="!">
        <store select="@use" type="replaceText">true</store>
      </operation>
    </step>

    <step id="handleCheckedEmailFalse">
      <operation name="change" value="!">
        <store select="@use" type="replaceText">false</store>
      </operation>
    </step>

    <step id="doShareFriendsCompleted">
      <!-- open success dialog -->
      <alias name="dialogName" value="dSuccessFriend"/>
      <alias name="textTitle" value="get-label('Successfully shared files')"/>
      <alias name="textDialog" value="get-label('You successfully shared your files to the selected friends')"/>
      <alias name="textOK" value="get-label('OK')"/>
      <alias name="hideCancel" value="true"/>
      <operation name="call" value="setDialogValues"/>
    </step>

    <step id="webShareSuccess" name="User approved to publish">
      <!-- Start mailing -->
      <alias name="displayName" value="{$main}://searchUser()#/atom:feed/atom:entry/dc:display"/>
      <alias name="accountUser" value="{$main}://searchUser()#/atom:feed/atom:entry/atom:author/atom:name"/>
      <alias name="userName" value="{$main}://searchUser()#/atom:feed/atom:entry/atom:title"/>

      <operation name="foreach" value="#Emails#/emails/email[@use = 'true']">
        <alias name="email" value="{!}"/>
        <alias name="emailTo" value="&lt;atom:entry xmlns:atom='http://www.w3.org/2005/Atom'&gt;&lt;dc:firstname xmlns:dc='http://xcerion.com/directory.xsd'&gt;Xcerion&lt;/dc:firstname&gt;&lt;dc:lastname xmlns:dc='http://xcerion.com/directory.xsd'&gt;AB&lt;/dc:lastname&gt;&lt;dc:homemail xmlns:dc='http://xcerion.com/directory.xsd'&gt;{$email}&lt;/dc:homemail&gt;&lt;/atom:entry&gt;"/>
        <alias name="ctm" value="{$tm}"/>
        <operation name="mail">
          <send>
            <header subject="{$accountUser} sent you some files using CloudTop." priority="3">
              <from name="{$accountUser}">{$userName}@cloudme.com</from>
              <reply-to name="{$accountUser}">{$userName}@cloudme.com</reply-to>
              <to>{$emailTo}</to>
            </header>
            <body type="plain">
              Hello,
              {$accountUser} has shared file(s) and/or folder(s) with you using CloudTop.com
              Follow the link below to view content

              {$url}
              ______________________________________________________
              Sent using CloudTop Share, get your account at https://www.cloudme.com/en/signup
            </body>
          </send>
        </operation>
      </operation>
      <!-- todo: end user feedback -->
      <operation name="call" value="EmailShareClose"/>
      <operation name="call" value="closeView"/>
    </step>

    <step id="createWebshareLinks" success="webShareSuccess" error="doNothing">
      <alias name="WebShareName" value="aaa{$tm}"/>

      <alias name="shareFilesSelection" value="$shareFiles" model="define">
        <selection>
          <item select="/*/*[local-name() = 'entry' or local-name() = 'folder']"/>
        </selection>
      </alias>

      <operation name="filesystem" value="$shareFilesSelection">
        <webshare name="{$WebShareName}" alias="url">
          <password></password>
          <visibility>private</visibility>
        </webshare>
      </operation>
      <alias name="encodedUrl" value='={encodeURIComponent("{$url}")}'/>
    </step>

    <step id="createInternetLinks">
      <alias name="shareFilesSelection" value="$shareFiles" model="define">
        <selection>
          <item select="/*/*[local-name() = 'entry' or local-name() = 'folder']"/>
        </selection>
      </alias>
      <operation name="open" value="xios/apps/system/webShare.xml">
        <trigger value="$shareFilesSelection"/>
      </operation>
      <operation name="call" value="closeView"/>
    </step>

    <step id="doShareInternet">
      <operation name="call" value="createInternetLinks"/>
    </step>

    <step id="sharingDone" name="sharing was successful, user approved">
      <operation name="call" value="closeView"/>
      <!-- open success dialog -->
      <alias name="dialogName" value="dSuccessFriend"/>
      <alias name="textTitle" value="get-label('Successfully shared files')"/>
      <alias name="textDialog" value="get-label('You successfully shared your files!')"/>
      <alias name="textOK" value="get-label('OK')"/>
      <alias name="hideCancel" value="true"/>
      <operation name="call" value="setDialogValues"/>
    </step>

    <step id="cancelStep" name="Cancel button is selected.">
      <operation name="decision">
        <!--when test="'{$dataChanged}' = 'true'" step="cancelDialog"/>-->
        <otherwise step="closeView"/>
      </operation>
    </step>

    <step id="cancelDialog" name="Cancel system dialog appears.">
      <alias name="dialogName" value="ShareCancelDialog"/>
      <alias name="windowHeight" value="200"/>
      <alias name="windowWidth" value="465"/>
      <alias name="textTitle" value="get-label('closeShareWizard')"/>
      <alias name="textDialog" value="get-label('closeShareWizardText')"/>
      <alias name="textOK" value="get-label('Yes')"/>
      <alias name="textCancel" value="get-label('No')"/>
      <alias name="hideCancel" value="false"/>
      <operation name="call" value="setDialogValues"/>
    </step>

    <step id="setDialogValues">
      <operation name="open" value="xios/apps/system/dialog.xml">
        <name>{$dialogName}</name>
      </operation>
      <operation name="callMethod" value="#{$dialogName}">
        <method name="setTitle">
          <param type="string">{$textTitle}</param>
        </method>
      </operation>
      <operation name="callMethod" value="#{$dialogName}">
        <method name="setDimension">
          <param type="integer">{$windowWidth}</param>
          <param type="integer">{$windowHeight}</param>
        </method>
      </operation>
      <operation name="callMethod" value="#{$dialogName}#Label">
        <method name="setValue">
          <param type="string">{$textDialog}</param>
        </method>
      </operation>
      <operation name="callMethod" value="#{$dialogName}#OK">
        <method name="setValue">
          <param type="string">{$textOK}</param>
        </method>
      </operation>
      <operation name="callMethod" value="#{$dialogName}#Cancel">
        <method name="setValue">
          <param type="string">{$textCancel}</param>
        </method>
      </operation>
      <operation name="decision">
        <when test="'{$hideCancel}' = 'true'">
          <operation name="action" value="#{$dialogName}">
            <component name="Cancel" action="hide"/>
          </operation>
        </when>
      </operation>
      <operation name="callMethod" value="#{$dialogName}#Label">
        <method name="activate"/>
      </operation>
    </step>

    <step id="closeView" name="Closes Share View">
      <operation name="filesystem" value="{$main}://Documents/">
        <unlisten event="Insert"/>
      </operation>
      <operation name="close" value="Share"/>
      <operation name="close" value="illegalContent"/>
    </step>

    <step id="closeIllegal">
      <operation name="close" value="illegalContent"/>
    </step>

    <step id="closeBothView">
      <operation name="call" value="closeView"/>
      <operation name="call" value="closeShareCancelDialog"/>
    </step>

    <step id="closeShareCancelDialog">
      <operation name="close" value="ShareCancelDialog"/>
    </step>

    <step id="closeSuccessFriend">
      <operation name="close" value="dSuccessFriend"/>
    </step>

    <step id="notAllowedToShare">
      <operation name="open" value="xios/apps/system/dialog.xml">
        <name>ShareAlert</name>
      </operation>
      <alias name="textTitle" value="get-label('Illegal file or folder')"/>
      <alias name="textDialog" value="get-label('notAllowedShare', 'dataDoc:{$dataDoc}')"/>
      <alias name="textOK" value="get-label('OK')"/>
      <operation name="callMethod" value="#ShareAlert">
        <method name="setTitle">
          <param type="string">{$textTitle}</param>
        </method>
      </operation>
      <operation name="callMethod" value="#ShareAlert#Label">
        <method name="setValue">
          <param type="string">{$textDialog}</param>
        </method>
      </operation>
      <operation name="callMethod" value="#ShareAlert#OK">
        <method name="setValue">
          <param type="string">{$textOK}</param>
        </method>
      </operation>
      <operation name="action" value="#ShareAlert">
        <component name="Cancel" action="hide"/>
      </operation>
      <operation name="callMethod" value="#ShareAlert#Label">
        <method name="activate"/>
      </operation>
    </step>

    <!-- Main Category Handling -->
    <step id="changeCategory">
      <operation name="decision" value="!">
        <when test="@id = 'Internet'">
          <operation name="callMethod" value="#Share#catGroup">
            <method name="setValue">
              <param type="integer">catInternet</param>
            </method>
          </operation>
          <operation name="callMethod" value="#Share#linkExpiresTime">
            <method name="setValue">
              <param type="string">&#160;{formatdate('{adddate('now', '+30d')}', 'yyyy-MM-dd')}</param>
            </method>
          </operation>
          <operation name="call" value="checkOkButton"/>
        </when>
        <otherwise>
          <operation name="callMethod" value="#Share#catGroup">
            <method name="setValue">
              <param type="integer">catFriends</param>
            </method>
          </operation>
          <operation name="call" value="checkOkButton"/>
        </otherwise>
      </operation>
    </step>

    <step id="closeAlert">
      <operation name="close" value="ShareAlert"/>
    </step>

  </process>

  <view xlink:type="simple" xlink:actuate="onRequest"
      name="EmailShare" version="1.0" title="Share" l:title="Share" author="Goran Panic" company="CloudTop" copyright="Copyright © 2018 XIOS/3 AB. All rights reserved." created="2009-10-18" revised="2009-10-18"
      resize="false" height="300" width="400" icon="xios/gui/icons/16x16/share.png" position="center" winstate="false" look="liquid"
      xmlns:xlink="http://www.w3.org/1999/xlink" xmlns:atom="http://www.w3.org/2005/Atom" xmlns:fs="http://xcerion.com/folders.xsd" xmlns:l="http://xios3.com/lang">

    <panel name="main" type="row" height="100%" width="100%">
      <panel name="upper" height="100%" padding="10" type="row" width="100%">
        <label default="Some of your friends are not cloudme users. Would you like to email them links of the files?" l:default="ShareSomeFriends" font="tahoma" size="11" color="#FFF"/>
        <container name="emailer" show="all" width="100%" height="100%" label="Email links to" l:label="Email links to" windowsdrag="false">
          <rule match="email">
            <panel width="100%" height="25">
              <checkbox name="user" checked="{@use}" postLabel="{text()}" width="100%" look="white" windowsdrag="false"/>
            </panel>
          </rule>
        </container>
        <label default="Please note that the links can be shared by the receiver" l:default="Please note that the links can be shared by the receiver" font="tahoma" size="11" color="#ccc"/>
      </panel>
      <panel name="lower" align="right" height="30" padding="5" type="flow" width="100%">
        <button name="ok" width="80" text="OK" l:text="OK"/>
        <button name="cancel" width="80" text="Cancel" l:text="Cancel"/>
      </panel>
    </panel>
  </view>

  <view xlink:type="simple" xlink:actuate="onRequest"
      name="InternetShare" version="1.0" title="Share" l:title="Share" author="Goran Panic" company="CloudTop" copyright="Copyright © 2018 XIOS/3 AB. All rights reserved." created="2009-10-15" revised="2009-10-15"
      resize="false" height="300" width="400" icon="xios/gui/icons/16x16/share.png" position="center" winstate="false" look="liquid"
      xmlns:xlink="http://www.w3.org/1999/xlink" xmlns:atom="http://www.w3.org/2005/Atom" xmlns:fs="http://xcerion.com/folders.xsd" xmlns:l="http://xios3.com/lang">
    <menu name="cmInternet">
      <item name="cmCopy" text="Copy to Clipboard" l:text="Copy to Clipboard"/>
    </menu>
    <panel name="main" type="row" height="100%" width="100%">
      <panel name="upper" height="100%" padding="10" type="row" width="100%">
        <label default="Your files and folders have been published" l:default="Your files and folders have been published" font="tahoma" size="11" color="#FFF"/>
        <textarea name="links" height="100%" width="100%" wrap="on" look="graphite" label="Please copy your links" l:label="Please copy your links"/>
      </panel>
      <panel name="lower" align="right" height="30" padding="5" type="flow" width="100%">
        <button name="ok" width="80" text="OK" l:text="OK"/>
      </panel>
    </panel>
  </view>

  <view xlink:type="simple" xlink:actuate="onLoad"
      name="Share" version="2.0" title="Share" l:title="Share" author="Caspar Raarup, Goran Panic" company="CloudTop" copyright="Copyright © 2018 XIOS/3 AB. All rights reserved." created="2008-10-23" revised="2010-03-10"
      resize="false" height="320" width="600" icon="xios/gui/icons/16x16/share.png" position="center" winstate="false" look="liquid"
      xmlns:xlink="http://www.w3.org/1999/xlink" xmlns:atom="http://www.w3.org/2005/Atom" xmlns:fs="http://xcerion.com/folders.xsd" xmlns:l="http://xios3.com/lang">
    <style>
      .categorySelect{
      background-image:  url('xios/gui/img/select_bg.png');
      background-repeat: no-repeat;
      cursor:            default !important;
      }
      * html .categorySelect{
      background-image:  none !important;
      background:            url('xios/gui/img/select_bg.png');
      margin-right:15px;
      }
    </style>
    <menu name="cmShare">
      <item name="cmOpen" text="Open..." l:text="Open..."/>
      <divider/>
      <item name="cmAddFile" text="Add File..." l:text="Add File..." icon="xios/icons/applications/16x16/document_add.png"/>
      <item name="cmAddFolder" text="Add Folder..." l:text="Add Folder..." icon="xios/icons/applications/16x16/folder_add.png"/>
      <divider/>
      <item name="cmRemoveFromList" text="Remove From List" l:text="Remove From List" icon="xios/icons/applications/16x16/delete2.png"/>
    </menu>

    <panel name="mainContainer" type="row" height="260" width="100%" scroll="false">
      <panel name="topCont" type="column" height="220" width="580" padding="5" style="margin-bottom:-5px !important;">
        <panel name="shareWithRow" type="row" height="200" width="340">
          <listview name="shareType" label="Share to" l:label="Share to" deselect="false" scroll="false" reload="false" width="100%" height="44" href="#scXSL" windowdrag="false"/>
          <group name="catGroup" height="100%" width="100%" mode="mutex" scroll="true">
            <panel name="catFriends" width="100%" height="100%" hide="false">
              <boxlist name="sharedList" label="Share With" showall="true" xplateonly="true" l:label="Share With" showicons="true"
                  icon="xios/icons/objects/16x16/user1_add.png" placeholder="Share With Friends" l:placeholder="Share With Friends"
                  height="74" width="100%" xsingleselect="false" title="Friends to share with" l:title="Friends to share with" look="graphite"
                  verifymailaddress="true" style="margin-bottom:4px;">
                <identity users="false" l:header="Share With" header="Share With" friends="true" multiselect="true" contacts="false" showmail="true" showallmail="true" groups="false" name="plateName" height="400"/>
              </boxlist>
              <textarea name="commentInput" height="46" width="100%" wrap="on" label="Comment" l:label="Comment" look="graphite"/>
            </panel>
            <panel name="catInternet" type="row" width="100%" height="100%" hide="true" padding="5">
              <label font="tahoma" size="11" color="#FFF" width="100%" height="45" default="Click 'OK' to publish your files and/or folders and receive a link that you can share with others." l:default="ShareWebshareLink"/>
            </panel>
          </group>
        </panel>
        <panel name="detailsRow" type="row" height="200" width="235" style="overflow:hidden">
          <label size="11" look="white" bold="true" default="Files to Share" l:default="Files to Share"/>
          <panel name="emptyShare" width="230" height="202" bgcolor="#e7e7e7" align="center" type="row">
            <image src="gui/icons/32x32/arrow_down_grey.png" height="32" width="32" style="margin-top:50px;" />
            <label size="12" fgcolor="#666666" default="Drag files or folders here to share" l:default="Drag files or folders here to share"/>
          </panel>
          <iconlist name="filesToShare" width="230" height="202" layout="vertical" iconsize="32" multipleselect="true" sort="position" draggableitems="false" style="background-color:#fff;padding:2px 0px 0px 2px;" hide="true">
          </iconlist>
        </panel>
      </panel>
      <panel name="bottomCont" align="right" height="20" padding="5" type="flow" width="100%">
        <button name="buttonOk" width="80" text="OK" l:text="OK"/>
        <button name="buttonCancel" width="80" text="Cancel" l:text="Cancel" style="margin-right:5px;"/>
      </panel>
    </panel>

    <panel name="panelBar" position="right" right="0" top="29" type="flow" look="transparent" style="z-index: 1000; width:170px;">
      <toolbar name="toolBar" type="liquid">
        <group name="tgAdd">
          <buttonbox name="tDS" icon="xios/icons/applications/24x24/document_add.png" title="Add File..." l:title="Add File..."/>
          <buttonbox name="tFS" icon="xios/icons/applications/24x24/folder_add.png" title="Add Folder..." l:title="Add Folder..."/>
        </group>
        <group name="tgDelete">
          <buttonbox name="tDelete" enabled="false" icon="xios/icons/applications/24x24/delete2.png" title="Remove From List" l:title="Remove From List"/>
        </group>
        <group name="tgUpload">
          <buttonbox name="tUpload" icon="xios/icons/applications/24x24/folder_up.png" title="Upload..." l:title="Upload..."/>
        </group>
      </toolbar>
    </panel>
  </view>
</application>
