<?xml version="1.0"?>
<application xmlns:xlink="http://www.w3.org/1999/xlink" xmlns:l="http://xios3.com/lang" name="Spell Check" icon="icon://spellcheck" instances="1">
  <about loader="false" version="1.30" revised="2010-01-26" created="2007-08-30" author="Glenn Stenbring" copyright="Copyright © 2018 XIOS/3 AB. All rights reserved." publisher="CloudTop">
    <description>Spell Checker for RTF Documents</description>
    <license xlink:type="simple" xlink:actuate="onRequest" xlink:href="https://xios3.com/license/xios_1.xml">XIOS.1</license>
  </about>
  <resources>
  </resources>

  <view xlink:actuate="onRequest" name="spell" title="Spell Check" icon="icon://spellcheck" height="340" width="385" winstate="false" look="liquid" resize="false" revised="2010-01-26" l:title="Spell Check">
    <style>
      .listBgClass {
      background-color: #fff;
      border: 1px inset #aaa;
      overflow:auto;
      width:200px;
      }
      .listItemClass {
      font-family: Arial;
      font-size: 14px;
      color: #000;
      font-weight: normal;
      margin: 2px;
      padding: 0px;
      }
    </style>
    <panel name="mainContainer" type="row" width="100%" height="100%" padding="5">
      <panel name="topmostPanel" type="row" width="100%" height="">
        <panel name="bottomTopPanel" type="column" width="100%" padding="5">
          <label name="lblDict" look="white" width="50" default="Dictionary" bold="true" style="font-size:12px; padding-top:3px;" l:default="Dictionary"/>
          <combobox name="cbLanguage" width="100">
            <plate name="plateLanguage" height="200">
              <item value="de">Deutch</item>
              <item value="en">English</item>
              <item value="en_CA">English (CA)</item>
              <item value="en_GB">English (UK)</item>
              <item value="en_US">English (US)</item>
              <item value="fr">Français</item>
              <item value="sv_SE">Svenska</item>
            </plate>
          </combobox>
        </panel>
      </panel>
      <panel name="topPanel" type="column" width="100%" height="100">
        <panel type="row" width="250" height="85">
          <textarea name="taSpell" scroll="false" wrap="hard" height="85" width="250" look="white"/>
        </panel>
        <panel name="topBtnPanel" type="row" width="100%" height="90">
          <button name="btnIgnore" text="Ignore" width="110" style="margin-bottom:5px; margin-left:5px;" l:text="Ignore"/>
          <button name="btnIa" text="Ignore All" width="110" style="margin-bottom:5px; margin-left:5px;" l:text="Ignore All"/>
          <button name="btnAtd" text="Add" title="Add To Dictionary" width="110" style="margin-left:5px;" l:text="Add" l:title="Add To Dictionary"/>
        </panel>
      </panel>
      <panel name="middlePanel" type="column" width="100%" height="">
        <list name="suggestion" mode="mutex" width="250" height="85" itemClass="listItemClass" bgClass="listBgClass">
          <item match="*[local-name() = 'sugg']" display="text()"/>
        </list>
        <panel name="middleBtnPanel" type="row" width="100%" height="">
          <button name="btnChange" text="Change" width="110" style="margin-bottom:5px; margin-left:5px;" l:text="Change"/>
          <button name="btnCa" text="Change All" width="110" style="margin-bottom:5px; margin-left:5px;" l:text="Change All"/>
          <button name="btnAc" text="Auto Correct" width="110" style="margin-left:5px;" l:text="Auto Correct"/>
        </panel>
      </panel>
      <panel name="bottomPanel" type="row" width="100%" height="100%">
        <panel name="bottomBtnPanel" type="column" width="100%" height="30" style="padding-top:5px;">
          <button name="btnMDict" text="Manage Dictionary" width="140" l:text="Manage Dictionary"/>
          <panel name="bottomMiddlePanel" type="row" width="144">
          </panel>
          <button name="btnCancel" text="Close" width="80" l:text="Close"/>
        </panel>
      </panel>
    </panel>
  </view>

  <view xlink:actuate="onRequest" name="optSpell" title="Spell Check Options" icon="icon://spellcheck" height="182" width="332" winstate="false" look="liquid" resize="false" revised="2008-10-29" l:title="Spell Check Options">
    <panel name="mainContainer" type="row" width="100%" height="100%" padding="5">
      <checkbox name="cbIgnUp" width="100" height="12" look="white" postLabel="Ignore words in UPPERCASE" l:postLabel="Ignore words in UPPERCASE"/>
      <checkbox name="cbIgnNum" width="100" height="12" look="white" postLabel="Ignore words that contains numbers" l:postLabel="Ignore words that contains numbers"/>
      <checkbox name="cbIgnAdr" width="100" height="12" look="white" postLabel="Ignore links and Internet addresses" l:postLabel="Ignore links and Internet addresses"/>
      <panel name="btnPanel" type="column" width="100%" height="100%" style="padding-top:10px;">
        <button name="btnMDict" text="Manage Dictionary" width="140" l:text="Manage Dictionary"/>
        <panel name="bottomMiddlePanel" type="row" width="20">
        </panel>
        <button name="btnOk" text="OK" width="80" l:text="OK"/>
        <button name="btnCancel" text="Cancel" width="80" l:text="Cancel"/>
      </panel>
    </panel>
  </view>

  <view xlink:actuate="onRequest" name="manDict" title="Manage Dictionary" icon="icon://spellcheck" height="325" width="375" winstate="false" look="liquid" resize="false" revised="2008-10-29" l:title="Manage Dictionary">
    <style>
      .dictBgClass {
      background-color: #fff;
      border: 1px inset #aaa;
      overflow:auto;
      width:200px;
      }
      .dictItemClass {
      font-family: Arial;
      font-size: 14px;
      color: #000;
      font-weight: normal;
      margin: 2px;
      padding: 0px;
      }
    </style>
    <panel name="mainContainer" type="row" width="100%" height="100%" padding="5">
      <panel name="topPanel" type="column" width="100%" height="135">
        <panel name="topLeftPanel" type="row" width="250" height="210">
          <label name="lblDict" look="white" width="50" default="Dictionary.xml" bold="true" style="font-size:12px; margin-bottom:5px;"/>
          <input name="inputName" width="250" default="Add new word to dictionary" style="margin-bottom:5px;" l:default="Add new word to dictionary"/>
          <list name="wordList" mode="mutex" width="250" height="170" itemClass="dictItemClass" bgClass="dictBgClass">
            <item match="word" display="text()"/>
          </list>
        </panel>
        <panel name="topRightPanel" type="row" width="100%" height="">
          <button name="btnAdd" text="Add" width="100" style="margin-top:20px; margin-bottom:5px; margin-left:5px;" l:text="Add"/>
          <button name="btnEdit" text="Edit" width="100" style="margin-bottom:5px; margin-left:5px;" l:text="Edit"/>
          <button name="btnDel" text="Delete" width="100" style="margin-left:5px;" l:text="Delete"/>
        </panel>
      </panel>
      <panel name="bottomPanel" type="column" width="100%" height="30" align="right">
        <button name="btnOk" text="OK" width="80" l:text="OK"/>
        <button name="btnCancel" text="Cancel" width="80" style="margin-right:-2px;" l:text="Cancel"/>
      </panel>
    </panel>
  </view>

  <process xmlns:atom="http://www.w3.org/2005/Atom" xmlns:dc="http://xcerion.com/directory.xsd" xmlns:sc="urn:x-i-o-s:spellcheck" xlink:actuate="onLoad" name="spell">
    <!-- Spell Check Triggers -->
    <trigger view="spell" component="taSpell" event="Key" step="disableSugg"/>
    <trigger view="spell" component="btnIgnore" event="Select" step="ignore"/>
    <trigger view="spell" component="btnIa" event="Select" step="ignoreAll"/>
    <trigger view="spell" component="btnAtd" event="Select" step="addToDict"/>
    <trigger view="spell" component="btnChange" event="Select" step="change"/>
    <trigger view="spell" component="btnCa" event="Select" step="changeAll"/>
    <trigger view="spell" component="btnAc" event="Select" step="autoCorrect"/>
    <trigger view="spell" component="cbLanguage" event="Select" step="changeLang"/>
    <trigger view="spell" component="btnMDict" event="Select" step="showManDict"/>
    <trigger view="spell" component="btnCancel" event="Select" step="closeView"/>

    <!-- Options Triggers -->
    <trigger view="optSpell" component="btnMDict" event="Select" step="showManDict"/>
    <trigger view="optSpell" component="btnOk" event="Select" step="okOptions"/>
    <trigger view="optSpell" component="btnCancel" event="Select" step="closeOption"/>
    <trigger view="optSpell" component="cbIgnUp" event="Select" step="actOk"/>
    <trigger view="optSpell" component="cbIgnNum" event="Select" step="actOk"/>
    <trigger view="optSpell" component="cbIgnAdr" event="Select" step="actOk"/>

    <!-- Manage Dictionary Triggers -->
    <trigger view="manDict" component="inputName" event="Key" step="typeInput"/>
    <trigger view="manDict" component="inputName" event="Enter" step="addWord"/>
    <trigger view="manDict" component="wordList" event="Select" step="listSelected"/>
    <trigger view="manDict" component="btnAdd" event="Select" step="addWord"/>
    <trigger view="manDict" component="btnEdit" event="Select" step="editWord"/>
    <trigger view="manDict" component="btnDel" event="Select" step="delWord"/>
    <trigger view="manDict" component="btnCancel" event="Select" step="closeManDict"/>
    <trigger view="manDict" component="btnOk" event="Select" step="okClose"/>
    <trigger view="Write" component="richtextWrite" event="Spell" step="changeLangResponse"/>

    <!-- Dialog Triggers -->
    <trigger view="closeDialog" component="OK" event="Select" step="closeView"/>


    <step id="1" name="Start">
      <alias name="wordChange" value="false"/>
      <alias name="spellView" value="xios/apps/system/spellCheck.xml#/application/view[@name = 'spell']"/>
      <alias name="optSpellView" value="xios/apps/system/spellCheck.xml#/application/view[@name = 'optSpell']"/>
      <alias name="manDictView" value="xios/apps/system/spellCheck.xml#/application/view[@name = 'manDict']"/>
      <alias name="mainChannel" value="{#DriveManager#/drives/drive[@main = 'true']/@name}" model="value"/>
      <alias name="dictionary" value="{$mainChannel}://Applications/Data/Dictionary.xml"/>
      <alias name="appComp" value="#Write#richtextWrite"/>
      <alias name="num" value="0"/>

      <alias name="trigger" value="!"/>
      <operation name="decision">
        <when test="'{$internalCall}' = 'false'">
          <alias name="spellDoc" model="newsilent">
            {$trigger}
          </alias>
        </when>
        <otherwise>

        </otherwise>
      </operation>
      <!-- Need better element and attribute names before release is done -->

      <operation name="decision" value="$dictionary">
        <when exists="true"/>
        <otherwise>
          <operation name="filesystem" value="{$mainChannel}://Applications/Data/">
            <create name="Dictionary.xml" type="file">
              <content type="text/xml">
                <dict>
                  <options uppercase="false" numbers="true" addresses="true"/>
                  <lang type="de"/>
                  <lang type="en"/>
                  <lang type="en_CA"/>
                  <lang type="en_GB"/>
                  <lang type="en_US"/>
                  <lang type="fr"/>
                  <lang type="sv_SE"/>
                </dict>
              </content>
            </create>
          </operation>
        </otherwise>
      </operation>

      <operation name="foreach" value="$dictionary#/dict/lang[@type = '{$lang}']/word">
        <alias name="wordDict" value="{!}"/>
        <operation name="foreach" value="$spellDoc#/text/sc:spell[sc:orig = '{$wordDict}']">
          <operation name="change" value="!">
            <delete/>
          </operation>
        </operation>
      </operation>

      <alias name="currentLang" value="$appComp.getSpellLanguage()"/>


      <operation name="foreach" value="{$mainChannel}://Applications/Data/Write.xml#/settings/recent/file[@href = '{$dataDoc}']/word[@lang = '{$currentLang}']">
        <alias name="wordIgn" value="{!}"/>
        <operation name="decision">
          <when test="'{$spellDoc#/text/sc:spell[sc:orig = '{$wordIgn}']}' != ''">
            <operation name="foreach" value="$spellDoc#/text/sc:spell[sc:orig = '{$wordIgn}']">
              <operation name="change" value="!">
                <delete/>
              </operation>
            </operation>
          </when>
        </operation>
      </operation>

      <operation name="foreach" value="{$mainChannel}://Applications/Data/Write.xml#/settings/recent/file[@href = '{$dataDoc}']/aCorrect">
        <alias name="wordCorrect" value="{!}"/>
        <operation name="foreach" value="$spellDoc#/text/sc:spell[sc:orig = '{$correct}']">
          <alias name="replaceWith" value="{$mainChannel}://Applications/Data/Write.xml#/settings/recent/file[@href = '{$dataDoc}']/aCorrect/@newWord"/>
          <operation name="callMethod" value="$appComp">
            <method name="searchAndReplace">
              <param type="string">{$replaceWith}</param>
              <param type="string">{$correct}</param>
              <param type="boolean">true</param>
              <param type="boolean">true</param>   <!--Match Whole Word-->
              <param type="boolean">true</param>   <!--Match Case-->
            </method>
          </operation>

          <operation name="foreach" value="$spellDoc#/text/sc:spell[sc:orig = '{$wordCorrect}']">
            <operation name="change" value="!">
              <delete/>
            </operation>
          </operation>
        </operation>
      </operation>

      <alias name="totWords" value="count($spellDoc#/text/sc:spell)"/>
      <operation name="decision" value="">
        <when test="'{$totWords}' = '0'">
          <alias name="viewName" value="closeDialog" model="value"/>
          <alias name="textTitle" value="get-label('Spell Check')" model="value"/>
          <alias name="textDialog" value="get-label('Spell check is done!')" model="value"/>
          <alias name="textOK" value="get-label('OK')" model="value"/>
          <alias name="btnCancel" value="hide" model="value"/>
          <operation name="call" value="dialogPrompt"/>
        </when>
        <otherwise>
          <operation name="open" value="$spellView"/>

          <alias name="compSpellLang" value="{$appComp.getSpellLanguage()}"/>
          <operation name="callMethod" value="#spell#cbLanguage">
            <method name="setValue">
              <param type="string">{$compSpellLang}</param>
            </method>
          </operation>

          <operation name="callMethod" value="#spell#taSpell">
            <method name="setFont">
              <param type="string">Arial</param>
              <param type="string">normal</param>
              <param type="string">14px</param>
            </method>
          </operation>

          <operation name="call" value="spelloop"/>
        </otherwise>
      </operation>
    </step>

    <step id="showOptions" name="">
      <operation name="open" value="$optSpellView"/>
      <operation name="action" value="#optSpell">
        <component name="btnOk" action="disable"/>
      </operation>

      <operation name="bind" value="$dictionary">
        <component view="optSpell" name="cbIgnUp" select="/dict/options/@uppercase" type="focus" session="spellOpt"/>
        <component view="optSpell" name="cbIgnNum" select="/dict/options/@numbers" type="focus" session="spellOpt"/>
        <component view="optSpell" name="cbIgnAdr" select="/dict/options/@addresses" type="focus" session="spellOpt"/>
      </operation>
    </step>

    <step id="closeView" name="">
      <operation name="save" value="{$mainChannel}://Applications/Data/Write.xml"/>
      <operation name="close" value="spell"/>
      <operation name="close" value="optSpell"/>
      <operation name="close" value="manDict"/>
      <operation name="close" value="closeDialog"/>
    </step>

    <step id="spelloop" name="">
      <!-- Aliases from spell doc -->
      <alias name="num" value="={$num}+1"/>
      <alias name="word" value="$spellDoc#/text/sc:spell[{$num}]/sc:orig/text()"/>
      <alias name="totWords" value="count($spellDoc#/text/*[local-name() = 'spell'])"/>
      <!-- Aliases, words no need for correction -->
      <alias name="checkIgnAll" value="{$mainChannel}://Applications/Data/Write.xml#/settings/recent/file[@href = '{$dataDoc}']/word[text() = '{$word}']"/>

      <operation name="decision" value=""><!-- No words left to correct -->
        <when test="'{$num}' &gt; '{$totWords}'">
          <alias name="viewName" value="closeDialog" model="value"/>
          <alias name="textTitle" value="get-label('Spell Check')" model="value"/>
          <alias name="textDialog" value="get-label('Spell check is done!')" model="value"/>
          <alias name="textOK" value="get-label('OK')" model="value"/>
          <alias name="btnCancel" value="hide" model="value"/>
          <operation name="call" value="dialogPrompt"/>
        </when>
        <otherwise><!-- Prepare for user to take action -->
          <operation name="call" value="findNext"/>
          <operation name="callMethod" value="#spell#cbLanguage">
            <method name="setValue">
              <param type="string">{$lang}</param>
            </method>
          </operation>
          <!--
          <operation name="action" value="#spell">
            <component name="cbLanguage" action="disable"/>
          </operation>
-->

          <operation name="bind" value="$spellDoc">
            <component view="spell" name="taSpell" select="/text/sc:spell[{$num}]/sc:orig/text()" type="focus"/>
            <component view="spell" name="suggestion" select="/text/sc:spell[{$num}]"/>
          </operation>

          <operation name="setSelection">
            <component view="spell" name="suggestion">
              <item select="sc:sugg[1]"/>
            </component>
          </operation>
        </otherwise>
      </operation>
    </step>

    <step id="findNext" name="Find Next Value">
      <operation name="callMethod" value="$appComp">
        <method name="search">
          <param type="string">{$word}</param>
          <param type="integer">0</param>
          <param type="boolean">true</param>    <!--Match Whole Word-->
          <param type="boolean">true</param>    <!--Match Case-->
        </method>
      </operation>
    </step>

    <step id="changeLang" name="Change language and restart the spell check view">
      <alias name="lang" value="#spell#cbLanguage"/>
      <alias name="spellView" value="spellCheck" model="global"/>

      <operation name="callMethod" value="$appComp">
        <method name="setSpellLanguage">
          <param type="string">{$lang}</param>
        </method>
      </operation>

      <operation name="callMethod" value="$appComp">
        <method name="spellCheck"/>
      </operation>
    </step>

    <step id="changeLangResponse" name="Change language and restart the spell check view">
      <operation name="decision">
        <when test="'{$spellView}' = 'spellCheck'">
          <alias name="spellDoc" model="newsilent">
            {$appComp.getSpellResponse()}
          </alias>
          <alias name="internalCall" value="true"></alias>
          <operation name="call" value="1">
            <param name="lang" value="{$lang}"/>
          </operation>
        </when>
      </operation>
    </step>

    <step id="change" name="Replace Current Selected">
      <alias name="spellWord" value="{#spell#taSpell.getValue()}"/>
      <operation name="decision" value="">
        <when test="'{$wordChange}' = 'true'">
          <alias name="replaceWith" value="{#spell#taSpell.getValue()}"/>
        </when>
        <otherwise>
          <alias name="replaceWith" value="{#spell#suggestion}"/>
        </otherwise>
      </operation>
      <operation name="callMethod" value="$appComp">
        <method name="searchAndReplace">
          <param type="string">{$replaceWith}</param>
          <param type="string">{$spellWord}</param>
          <param type="boolean">false</param>
          <param type="boolean">true</param>   <!--Match Whole Word-->
          <param type="boolean">true</param>   <!--Match Case-->
        </method>
      </operation>
      <alias name="wordChange" value="false"/>
      <operation name="call" value="spelloop"/>
    </step>

    <step id="changeAll" name="">
      <operation name="decision" value="">
        <when test="'{$wordChange}' = 'true'">
          <alias name="replaceWith" value="{#spell#taSpell.getValue()}"/>
        </when>
        <otherwise>
          <alias name="replaceWith" value="{#spell#suggestion}"/>
        </otherwise>
      </operation>
      <operation name="callMethod" value="$appComp">
        <method name="searchAndReplace">
          <param type="string">{$replaceWith}</param>
          <param type="string">{$word}</param>
          <param type="boolean">true</param>
          <param type="boolean">true</param>   <!--Match Whole Word-->
          <param type="boolean">true</param>   <!--Match Case-->
        </method>
      </operation>

      <operation name="foreach" value="$spellDoc#/text/sc:spell[sc:orig = '{$word}']">
        <operation name="change" value="!">
          <delete/>
        </operation>
      </operation>
      <alias name="wordChange" value="false"/>
      <operation name="call" value="spelloop"/>
    </step>

    <step id="autoCorrect" name="">
      <operation name="change" value="{$mainChannel}://Applications/Data/Write.xml">
        <store type="append" select="/settings/recent/file[@href = '{$dataDoc}']">
          <aCorrect newWord="{#spell#suggestion}">{$word}</aCorrect>
        </store>
      </operation>
      <operation name="call" value="changeAll"/>
    </step>

    <step id="ignore" name="">
      <operation name="call" value="findNext"/>
      <operation name="call" value="spelloop"/>
    </step>

    <step id="ignoreAll" name="">
      <alias name="currentLang" value="$appComp.getSpellLanguage()"/>
      <operation name="change" value="{$mainChannel}://Applications/Data/Write.xml">
        <store type="append" select="/settings/recent/file[@href = '{$dataDoc}']">
          <word lang="{$currentLang}">{$word}</word>
        </store>
      </operation>

      <operation name="foreach" value="$spellDoc#/text/sc:spell[sc:orig = '{$word}']">
        <operation name="change" value="!">
          <delete/>
        </operation>
      </operation>

      <operation name="call" value="spelloop"/>
    </step>

    <step id="addToDict" name="">
      <operation name="change" value="{$mainChannel}://Applications/Data/Dictionary.xml">
        <store type="append" select="/dict/lang[@type = '{#spell#cbLanguage}']">
          <word>{$word}</word>
        </store>
      </operation>
      <operation name="save" value="$dictionary"/>

      <operation name="foreach" value="$spellDoc#/text/sc:spell[sc:orig = '{$word}']">
        <operation name="change" value="!">
          <delete/>
        </operation>
      </operation>

      <operation name="call" value="spelloop"/>
    </step>

    <step id="disableSugg" name="">
      <alias name="wordChange" value="true"/>
    </step>

    <!-- ** ** ** ** ** ** Option Steps  ** ** ** ** ** ** -->
    <step id="showManDict" name="">
      <operation name="open" value="$manDictView"/>

      <operation name="bind" value="{$mainChannel}://Applications/Data/Dictionary.xml">
        <component view="manDict" name="wordList" select="/dict/lang[@type = '{#spell#cbLanguage}']"/>
      </operation>

      <operation name="setSelection">
        <component view="manDict" name="wordList">
          <item select="word[1]"/>
        </component>
      </operation>

      <operation name="action" value="#manDict">
        <component name="btnAdd" action="disable"/>
        <component name="btnOk" action="disable"/>
      </operation>
    </step>

    <step id="actOk" name="">
      <operation name="action" value="#optSpell">
        <component name="btnOk" action="enable"/>
      </operation>

      <operation name="callMethod" value="#optSpell#btnOk">
        <method name="activate"/>
      </operation>
    </step>

    <step id="okOptions" name="">
      <operation name="bind">
        <commit session="spellOpt"/>
      </operation>

      <operation name="call" value="closeOption"/>
    </step>

    <step id="closeOption" name="">
      <operation name="close" value="optSpell"/>
      <operation name="close" value="manDict"/>
    </step>


    <!-- ** ** ** ** ** ** Manage Dictionary Steps ** ** ** ** ** ** -->
    <step id="closeManDict" name="">
      <!-- Add Undo Changes Code -->
      <operation name="close" value="manDict"/>
    </step>

    <step id="typeInput" name="">
      <operation name="action" value="#manDict">
        <component name="btnAdd" action="enable"/>
      </operation>
    </step>

    <step id="addWord" name="">
      <operation name="change" value="{$mainChannel}://Applications/Data/Dictionary.xml">
        <store type="append" select="/dict/lang[@type = '{#spell#cbLanguage}']">
          <word>{#manDict#inputName}</word>
        </store>
      </operation>
      <operation name="save" value="$dictionary"/>

      <operation name="action" value="#manDict">
        <component name="btnOk" action="enable"/>
      </operation>
    </step>

    <step id="editWord" name="">
      <operation name="change" value="{$mainChannel}://Applications/Data/Dictionary.xml">
        <store type="replace" select="/dict/lang[@type = '{#spell#cbLanguage}']/word[text() = '{#manDict#wordList}']">
          <word>{#manDict#inputName}</word>
        </store>
      </operation>
      <operation name="save" value="$dictionary"/>

      <operation name="action" value="#manDict">
        <component name="btnOk" action="enable"/>
      </operation>
    </step>

    <step id="delWord" name="">
      <operation name="change" value="{$mainChannel}://Applications/Data/Dictionary.xml">
        <delete select="/dict/lang[@type = '{#spell#cbLanguage}']/word[text() = '{#manDict#wordList}']"/>
      </operation>
      <operation name="save" value="$dictionary"/>

      <operation name="action" value="#manDict">
        <component name="btnOk" action="enable"/>
      </operation>
    </step>

    <step id="listSelected" name="">
      <operation name="action" value="#manDict">
        <component name="btnEdit" action="enable"/>
        <component name="btnDel" action="enable"/>
      </operation>
    </step>

    <step id="okClose" name="">
      <operation name="close" value="manDict"/>
    </step>


    <!-- ** ** ** ** ** ** Dialog Steps ** ** ** ** ** ** -->
    <step id="dialogPrompt" name="DialogPrompt">
      <operation name="open" value="xios/apps/system/dialog.xml">
        <name>{$viewName}</name>
      </operation>
      <operation name="callMethod" value="#{$viewName}">
        <method name="setTitle">
          <param type="string">{$textTitle}</param>
        </method>
      </operation>
      <operation name="callMethod" value="#{$viewName}#Label">
        <method name="setValue">
          <param type="string">{$textDialog}</param>
        </method>
      </operation>
      <operation name="callMethod" value="#{$viewName}#OK">
        <method name="setValue">
          <param type="string">{$textOK}</param>
        </method>
      </operation>
      <operation name="callMethod" value="#{$viewName}#Cancel">
        <method name="setValue">
          <param type="string">{$textCancel}</param>
        </method>
      </operation>
      <operation name="action" value="#{$viewName}">
        <component name="Cancel" action="{$btnCancel}"/>
      </operation>
      <operation name="callMethod" value="#{$viewName}#Label">
        <method name="activate"/>
      </operation>
    </step>
  </process>
</application>
