<?xml version="1.0"?>

<application name="System Manager" icon="icon://gearwheels" instances="1" xmlns:xlink="http://www.w3.org/1999/xlink" theme="marble">
  <about loader="false" version="1.10" created="2003-11-10" revised="2011-01-20"
         author="Robert Hansson, Daniel Arthursson" copyright="Copyright © 2018 XIOS/3 AB. All rights reserved." publisher="XIOS/3">
    <description>System Manager</description>
    <license xlink:type="simple" xlink:actuate="onRequest" xlink:href="https://xios3.com/license/xios_1.xml">XIOS.1</license>
  </about>
  <resources/>
  <process step="1" xlink:type="simple" xlink:actuate="onLoad" xlink:href="xios/apps/system/processes/system.xml"/>
  <view xlink:type="simple" xlink:actuate="onLoad" xlink:href="xios/apps/system/views/system.xml"/>
</application>
