<?xml version="1.0"?>
<!-- Events handled directly by GUI_Application --><view xmlns:l="http://xios3.com/lang" name="TitleMenu" title="Global context menu for window titlebars" revised="2007-12-27" created="2005-06-30" author="Daniel Arthursson">
  <menu name="titleMenu" text="Window" caption="true" l:text="Window">
    <item name="titleOpacity" l:text="Transparency" text="Transparency" submenu="sTitleOpacity"/>
    <divider/>
    <item name="titleMinimize" text="Minimize" l:text="Minimize"/>
    <item name="titleMaximize" text="Maximize" l:text="Maximize"/>
    <divider/>
    <item name="autoStartCheck" text="Autostart" title="Automatically start application on startup" l:text="Autostart" l:title="Automatically start application on startup"/>
    <item name="autoStartUnCheck" icon="icon://check" text="Autostart" title="Automatically start application on startup" l:text="Autostart" l:title="Automatically start application on startup"/>
    <item name="titleShareRetrieve" text="Retrieve Window" l:text="Retrieve Window"/>
    <item icon="xios/icons/objects/16x16/pawn_glass_red.png" name="titleShareAbort" text="Abort Sharing" l:text="Abort Sharing"/>
    <item icon="xios/icons/objects/16x16/pawn_glass_green.png" name="titleShare" text="Share Window" l:text="Share Window"/>
    <item name="titleWindowTheme" text="Window Theme" l:text="Window Theme" l:title="selectWindowTheme2" title="Select the theme you want to use on all liquid windows."/>
    <divider/>
    <item name="titleClose" text="Close" hotkeytext="Ctrl+Shift+Q" l:text="Close"/>
  </menu>

  <menu name="sTitleOpacity" text="Transparency" l:text="Transparency">
    <item name="opacity100" text="None" value="100" l:text="None"/>
    <divider/>
    <item name="opacity80" text="20%" value="80"/>
    <item name="opacity70" text="30%" value="70"/>
    <item name="opacity60" text="40%" value="60"/>
    <item name="opacity40" text="60%" value="40"/>
    <item name="opacity20" text="80%" value="20"/>
  </menu>

</view>
