<?xml version="1.0"?>

<application xmlns:l="http://xios3.com/lang" name="File Type Dialog" icon="xios/icons/applications/32x32/information.png" instances="0" xmlns:xlink="http://www.w3.org/1999/xlink">
  <settings>
    <path>xios/apps/system</path>
    <home>xios://Documents</home>
    <localedir>locale/applications</localedir>
  </settings>
  <share>false</share>
  <about loader="false" version="1.20" revised="2010-10-08" created="2010-10-08"
         author="Caspar Raarup" copyright="Copyright © 2018 XIOS/3 AB. All rights reserved." publisher="CloudTop">
    <description>This dialog is used for handling opening of unknown filetypes</description>
    <license xlink:type="simple" xlink:actuate="onRequest" xlink:href="https://xios3.com/license/xios_1.xml">XIOS.1</license>
    <installed>2007-09-19</installed>
  </about>
  <view name="UFT" xlink:actuate="onLoad" title="File not recognized" l:title="File not recognized" author="Caspar Raarup" look="alert" taskbar="false"
             created="2010-08-03" revised="2010-08-03" position="center" resize="false" winstate="false" height="260" width="550" icon="icon://about">
    <style>
#iconlistAlt .listNorm, #iconlistAlt .listselected, #iconlistAlt .listbox {
  border: 1px solid #A8A8A8;
  background: #5C5C5C;
}
    </style>
    <panel name="MainPanel" type="row" width="100%" height="100%">
<!--       <panel name="text" width="100%" type="column" style="margin-top: 6px; margin-left: 5px;">
        <image name="imageIcon" width="48" height="48" style="padding: 2px; margin-right: 4px;" src="xios/icons/applications/48x48/information.png"/>
        <label name="infoText" width="100%" height="24" default="There is no associated application to this file type." l:default="There is no associated application to this file type." style="font-weight: bold; font-size: 14px; font-family: Tahoma; color: #FFF; margin-top: 14px;"/>
      </panel> -->
      <panel name="text" width="100%" type="column" style="margin-top: 6px; margin-left: 5px;">
        <!-- <image name="imageIcon" width="48" height="48" style="margin-top: 5px; margin-right: 5px;" src="xios/icons/applications/48x48/information.png"/> -->
        <panel name="text2" type="row">
          <label name="infoText" width="100%" height="24" default="noAssociatedApp" l:default="noAssociatedApp" style="font-weight: bold; font-size: 14px; font-family: Tahoma; color: #FFF; margin-top: 12px; margin-left: 10px;"/>
          <!-- <label name="infoText2" width="100%" height="24" default="triedNoAssociated" l:default="triedNoAssociated" style="font-size: 10px; font-family: Tahoma; color: #FFF;"/> -->
        </panel>
      </panel>
      <panel name="altmain" width="100%" type="column" height="105" padding="0 0 0 15" style="margin-top: 15px;">
        <iconlist name="iconlistAlt" width="503" selecttype="execute" height="105" scroll="true" draggableitems="false" look="blueback" layout="vertical" iconsize="32">
          <item name="installApp" icon="xios/icons/objects/32x32/workplace_add.png" text="installUnknownBtn" l:text="installUnknownBtn" detail="InstallToOpen" l:detail="InstallToOpen"/>
          <item name="download" icon="xios/icons/network/32x32/download.png" title="Download" text="Download" l:title="Download" l:text="Download" detail="Download to local computer" l:detail="Download to local computer" style="margin-top: 9px"/>
        </iconlist>
      </panel>
      <panel name="altButtons" width="100%" type="column" align="right" style="margin-top: 18px;">
        <!-- <button name="btnMarketplace" l:text="Marketplace" text="Marketplace" width="100"/> -->
        <button name="btnOpenwith" l:text="Open With" text="Open With" width="100"/>
        <button name="btnCancel" l:text="Cancel" text="Cancel" width="100" style="margin-right: 13px;"/>
      </panel>

    </panel>
  </view>

  <process name="File Type Dialog" description="File Type Dialog Process" author="Caspar Raarup" xlink:actuate="onLoad"
    xmlns:atom="http://www.w3.org/2005/Atom"
    xmlns:dc="http://xcerion.com/directory.xsd"
    xmlns:fi="http://xcerion.com/fileinfo.xsd"
    xmlns:fs="http://xcerion.com/folders.xsd"
    xmlns:ni="http://xcerion.com/noindex.xsd"
    xmlns:xlink="http://www.w3.org/1999/xlink">

    <trigger view="UFT" component="iconlistAlt" event="Select" step="iconListSelect"/>
    <!-- <trigger view="UFT" component="btnMarketplace" event="Select" step="openMarketplace"/> -->
    <trigger view="UFT" component="btnCancel" event="Select" step="cancelDialog"/>
    <trigger view="UFT" component="btnOpenwith" event="Select" step="openWith"/>
    <trigger view="UFT" event="Close" step="onClose"/>

    <step id="1">
      <alias name="mainChannel" value="xios"/>
      <operation name="call" value="checkRecommended"/>
    </step>

    <step id="iconListSelect">
      <alias name="trigrval" value="!"/>
      <operation name="decision">
        <when test="'{$trigrval#@name}' = 'download'" step="downloadToLocal"/>
        <when test="'{$trigrval#@name}' = 'installApp'" step="installRecommended"/>
      </operation>
    </step>

    <step id="checkRecommended">
      <!-- Note: appId, appName is received from framework -->
      <operation name="decision">
        <when test="'{is-alias(appId)}' != 'true'">
          <operation name="action" value="#UFT">
            <component name="installApp" action="hide"/>
          </operation>
          <operation name="callMethod" value="#UFT#iconlistAlt">
            <method name="hideItem">
              <param>installApp</param>
            </method>
          </operation>
        </when>
        <otherwise>
          <alias name="installText" value="get-label('installUnknownBtn', 'app:{$appName}')" model="value"/>
          <operation name="callMethod" value="#UFT#iconlistAlt">
            <method name="setText">
              <param type="string">installApp</param>
              <param type="string">{$installText}</param>
            </method>
          </operation>
        </otherwise>
      </operation>
    </step>

    <step id="installRecommended">
      <operation name="open" value="xios/apps/system/installApplication.xml">
        <trigger value="$appId"/>
        <param name="installConfirm" value="true"/>
        <param name="fileToOpen" value="$incoming"/>
        <param name="fileAction" value="$action"/>
      </operation>
      <operation name="close" value="UFT"/>
    </step>

    <step id="downloadToLocal">
      <alias name="metaData" value="{$incoming}/.meta"/>
      <operation name="decision" value="$metaData">
        <when test="local-name() = 'entry'">
          <alias name="url" model="string" value="{$metaData#atom:entry/atom:link/@href}?dl={$metaData#atom:entry/atom:title}"/>
          <operation name="open" value="$url">
            <browser name="_blank"/>
          </operation>
        </when>
      </operation>
      <operation name="close" value="UFT"/>
    </step>

    <!-- <step id="openMarketplace">
      <operation name="open" value="apps/system/marketplace.xml"/>
      <operation name="close" value="UFT"/>
    </step> -->

    <step id="cancelDialog">
      <operation name="close" value="UFT"/>
    </step>

    <step id="onClose">
      <operation name="filesystem" value="{$mainChannel}://appsInstalled()">
        <unlisten event="Append"/>
      </operation>
    </step>

    <step id="openWith">
      <alias name="metaData" value="{$incoming}/.meta"/>
      <operation name="open" value="xios/apps/system/openWith.xml">
        <trigger value="$metaData"/>
      </operation>
      <operation name="close" value="UFT"/>
    </step>
  </process>
</application>
