<?xml version="1.0"?>
<application xmlns:xlink="http://www.w3.org/1999/xlink" xmlns:l="http://xios3.com/lang" name="Unzip Archive" icon="xios/icons/objects/32x32/box_out.png" instances="0">
  <settings>
    <path>xios/apps/system</path>
    <home>xios://Documents</home>
  </settings>
  <about loader="true" version="1.10" created="2008-07-16" updated="2013-02-06" author="Marcus Bristav" copyright="Copyright © 2018 XIOS/3 AB. All rights reserved." publisher="CloudTop">
    <description>Unzip archive extracts zip archive files into a new child folder with the name of the archive file</description>
    <license xlink:type="simple" xlink:actuate="onRequest" xlink:href="https://xios3.com/license/xios_1.xml">XIOS.1</license>
    <installed>2008-07-16</installed>
  </about>
  <resources>
    <item name="unzipProgress">
      <view author="Christer Bystrom" height="80" title=" " position="center" name="unzipProgress" resize="false" titlebar="false" width="200" winstate="false" mode="widget">
        <panel height="100%" width="100%" padding="5" type="row" style="border: 1px solid #222222; background: linear-gradient(to bottom, rgb(191,191,191), rgb(16,16,16));">
          <panel height="100%" padding="10" width="100%" valign="middle" type="column">
            <image name="image" width="32" height="32" src="/xios/gui/img/wait_black.gif"/>
            <label bold="true" default="Extracting file(s)..." font="tahoma" height="100%" name="label" size="8pt" style="color: #ffffff; letter-spacing: 1;" width="100%" l:default="Extracting file(s)..."/>
          </panel>
        </panel>
      </view>
    </item>
  </resources>
  <access>
  </access>

  <view xlink:actuate="onLoad" name="Unzip" look="liquid" title="Unzip Archive" icon="xios/icons/objects/16x16/box_out.png" width="500" height="400" resize="false" winstate="false" l:title="Unzip Archive">
    <layout name="root" width="100%" height="100%" type="row" padding="5">
      <label name="label2" height="30" default="This wizard helps you extract zip archive files" l:default="wizardExtractZip" size="13" font="Tahoma" color="#fff" margin="10 0 0 0"/>

      <tabstrip name="tabstrip" width="100%" height="fill" tabs="false" look="graphite">
        <layout name="tab1" width="100%" height="100%" padding="15" type="row" selected="true">
          <label name="label" size="13" default="Which archive do you want to extract?" l:default="whichArchiveExtract" font="Tahoma" color="#fff"/>
          <label name="label2" bold="true" size="11" color="#fff" default="Type the location of the archive" l:default="typeLocationArchive" margin="10 0 0 0 " font="Tahoma"/>
          <layout name="locHolder" type="column">
            <input name="location" width="350" look="graphite" margin="3 5 0 0"/>
            <button name="browseLocation" width="80" text="Browse..." l:text="Browse..."/>
          </layout>
          <label name="label3" bold="true" size="11" color="#fff" default="Type the folder name (leave empty to get current folder)" l:default="typeFolderNameEmpty" font="Tahoma" margin="10 0 0 0 "/>
          <layout name="locHolder2" type="column">
            <input name="folderName" width="350" look="graphite" margin="3 5 0 0"/>
            <button name="browseLocation2" width="80" text="Browse..." l:text="Browse..."/>
          </layout>
        </layout>

        <layout name="tab2" width="100%" height="100%" type="column" padding="15">
          <image name="image" width="32" height="32" src="gui/img/Waitblue.gif"/>
          <label name="extractLabel" height="32" default="Extracting files" l:default="Extracting files" size="11" font="tahoma" color="#fff" margin="10 0 0 10"/>
        </layout>

        <layout name="tab3" width="100%" height="100%" type="row" padding="15">
          <label name="label-3" default="File extraction is finished" look="bold" color="#fff" l:default="File extraction is finished"/>
          <label name="wheretolabel" default=" " color="#fff" margin="5 0 0 0"/>
          <label name="label5-3" default="Press 'Show Files' to view the extracted files" l:default="pressShowExtractedFiles" color="#fff" margin="20 0 0 0"/>
          <button name="showFiles" text="Show Files" l:text="Show Files" width="80"/>
        </layout>
      </tabstrip>

      <layout name="bottomHolder" type="column" width="100%" height="36" padding="5 0 0 0" align="right">
        <button name="cancel" text="Cancel" width="80" l:text="Cancel"/>
        <button name="extract" text="Extract" width="80" default="true" l:text="Extract" margin="0 5 0 0"/>
      </layout>
    </layout>
  </view>

  <process xmlns:atom="http://www.w3.org/2005/Atom" xmlns:dc="http://xcerion.com/directory.xsd" xmlns:ni="http://xcerion.com/noindex.xsd" xmlns:fs="http://xcerion.com/folders.xsd" step="1" xlink:actuate="onLoad" name="Unzip Archive" description="Unzip Archive" author="Marcus Bristav" created="2008-07-16" revised="2008-11-26">

    <trigger view="Unzip" component="browseLocation" event="Select" step="browseLocation"/>
    <trigger view="Unzip" component="browseLocation2" event="Select" step="browseLocation2"/>
    <trigger view="Unzip" component="cancel" event="Select" step="close"/>
    <trigger view="Unzip" component="extract" event="Select" step="extract"/>
    <trigger view="Unzip" component="location" event="Return" step="checkArchive"/>
    <trigger view="Unzip" component="location" event="Change" step="getFolderPath"/>
    <trigger view="Unzip" component="location" event="Key" step="handleExtractButtonEnabled"/>
    <trigger view="Unzip" component="showFiles" event="Select" step="showFiles"/>

    <step id="1">
      <alias name="trigger" value="!"/>
      <alias name="mimeType" value="{$trigger}/.meta#/atom:entry/atom:content/@type"/>
      <operation name="decision">
        <when test="'{$mimeType}' = 'application/zip'">
          <operation name="callMethod" value="#Unzip#location">
            <method name="setValue">
              <param type="string">{{$trigger}/.meta#/atom:entry/atom:content/@src}</param>
            </method>
          </operation>
          <operation name="call" value="getFolderPath"/>
        </when>
      </operation>
      <operation name="callMethod" value="#Unzip#location">
        <method name="activate"/>
      </operation>
    </step>

    <step id="getFolderPath">
      <operation name="call" value="proposeFolderName"/>

      <operation name="callMethod" value="#Unzip#folderName">
        <method name="setValue">
          <param type="string">{$proposedFolderName}</param>
        </method>
      </operation>
    </step>

    <step id="proposeFolderName">
      <alias name="proposedFolderName" value="folderpath(#Unzip#location.getValue())"/>
      <!-- <alias name="proposedFolderName" value="substring('{$proposedFolderName}', 'startPos:0', 'endString:.zip')"/>
      <alias name="proposedFolderName" value="'{$proposedFolderName}'/"/> -->
    </step>

    <step id="getFolderPathFromName">
      <operation name="call" value="proposeFolderName"/>
      <alias name="newFolderPath" value="$proposedFolderName"/>
    </step>

    <step id="checkArchive">
      <operation name="decision">
        <when test="translate('{#Unzip#location.getValue()}',' ','')=''" step="disableExtractButton"/>
        <otherwise step="extract"/>
      </operation>
    </step>

    <step id="extract">
      <!--
      <operation name="open" value="#unzipProgress"/>
      -->
      <operation name="callMethod" value="#Unzip#tabstrip">
        <method name="selectTab">
          <param type="string">tab2</param>
        </method>
      </operation>
      <operation name="call" value="disableExtractButton"/>
      <operation name="call" value="extractDefer">
        <yield/>
      </operation>
    </step>

    <step id="extractDefer">

      <operation name="decision">
        <when test="'{#Unzip#folderName.getValue()}' = ''" step="getFolderPathFromName"/>
        <otherwise>
          <alias name="newFolderPath" value="#Unzip#folderName.getValue()"/>
        </otherwise>
      </operation>

      <operation name="filesystem" value="$newFolderPath">
        <listen event="Insert"/>
      </operation>

      <operation name="trace" value="unzip">
        <action src="{#Unzip#location.getValue()}" dest="{$newFolderPath}"/>
      </operation>

      <!--<operation name="filesystem" value="$newFolderPath">
        <unlisten event="Insert"/>
      </operation>-->

      <operation name="callMethod" value="#Unzip#wheretolabel">
        <method name="setValue">
          <param type="string">{get-label('The files where extracted to')} {$newFolderPath}</param>
        </method>
      </operation>

      <operation name="callMethod" value="#Unzip#tabstrip">
        <method name="selectTab">
          <param type="string">tab3</param>
        </method>
      </operation>
      <operation name="action" value="#Unzip">
        <component name="extract" action="hide"/>
      </operation>
      <operation name="callMethod" value="#Unzip#cancel">
        <method name="setValue">
          <param type="string">{get-label('Close')}</param>
        </method>
      </operation>
    </step>

    <step id="browseLocation">
      <alias name="lSelectArchive" value="get-label('Select Zip Archive')"/>
      <alias name="lSelect" value="get-label('Select')"/>
      <alias name="lCancel" value="get-label('Cancel')"/>
      <alias name="preTarget" model="browse">
        <dialog title="{$lSelectArchive}">
          <label name="ok">{$lSelect}</label>
          <label name="cancel">{$lCancel}</label>
          <type mime="application/x-zip-compressed"/>
        </dialog>
      </alias>
      <alias name="target" value="$preTarget" model="value"/>
      <operation name="callMethod" value="#Unzip#location">
        <method name="setValue">
          <param type="string">{$target}</param>
        </method>
      </operation>
      <operation name="call" value="handleExtractButtonEnabled"/>
    </step>

    <step id="browseLocation2">
      <alias name="lSelectFolder" value="get-label('Select Folder')"/>
      <alias name="lCancel" value="get-label('Cancel')"/>
      <alias name="preTarget" model="folder">
        <dialog folder="{$main}://Documents">
          <label name="ok">{$lSelectFolder}</label>
          <label name="cancel">{$lCancel}</label>
          <type mime="text/xml"/>
        </dialog>
      </alias>
      <alias name="target" value="$preTarget" model="value"/>
      <operation name="callMethod" value="#Unzip#folderName">
        <method name="setValue">
          <param type="string">{$target}</param>
        </method>
      </operation>
      <operation name="call" value="handleExtractButtonEnabled"/>
    </step>

    <step id="close">
      <operation name="close" value="Unzip"/>
    </step>

    <step id="handleExtractButtonEnabled">
      <operation name="decision">
        <when test="translate('{#Unzip#location.getValue()}',' ','')=''" step="disableExtractButton"/>
        <otherwise step="enableExtractButton"/>
      </operation>
    </step>

    <step id="disableExtractButton">
      <operation name="action" value="#Unzip">
        <component name="extract" action="disable"/>
      </operation>
    </step>

    <step id="enableExtractButton">
      <operation name="action" value="#Unzip">
        <component name="extract" action="enable"/>
      </operation>
    </step>

    <step id="showFiles">
      <operation name="open" value="{$newFolderPath}"/>
    </step>

    <step id="doNothing"/>
  </process>
</application>
