<?xml version="1.0"?>
<application xmlns:xlink="http://www.w3.org/1999/xlink" xmlns:l="http://xios3.com/lang" xmlns:atom="http://www.w3.org/2005/Atom" name="Unzip" icon="xios/icons/objects/32x32/box_out.png" instances="0">
  <settings>
    <path>apps/desktop</path>
    <home>xios://Documents</home>
  </settings>
  <about loader="true" version="1.05" created="2010-02-16" author="Marcus Bristav" copyright="Copyright © 2018 XIOS/3 AB. All rights reserved." publisher="CloudTop">
    <description>Unzip extracts zip archive files into a new child folder with the name of the archive file</description>
    <license xlink:type="simple" xlink:actuate="onRequest" xlink:href="https://xios3.com/license/xios_1.xml">XIOS.1</license>
    <installed>2008-07-16</installed>
  </about>
  <resources>
    <item name="unzipProgress">
      <view author="Christer Bystrom" height="80" title=" " position="center" name="unzipProgress" resize="false" titlebar="false" width="200" winstate="false" mode="widget">
        <panel height="100%" width="100%" padding="5" type="row" style="border: 1px solid #222222; background: linear-gradient(to bottom, rgb(191,191,191), rgb(16,16,16));">
          <panel height="100%" padding="10" width="100%" valign="middle" type="column">
            <image name="image" width="32" height="32" src="/xios/gui/img/wait_black.gif"/>
            <label bold="true" default="Extracting file(s)..." font="tahoma" height="100%" name="label" size="8pt" style="color: #ffffff; letter-spacing: 1;" width="100%" l:default="Extracting file(s)..."/>
          </panel>
        </panel>
      </view>
    </item>
  </resources>
  <access/>

  <process name="unzip" xlink:actuate="onLoad">
    <step id="1">
      <alias name="trigger" value="!"/>
      <alias name="mimeType" value="{$trigger}/.meta#/atom:entry/atom:content/@type"/>
      <operation name="decision">
        <when test="'{$mimeType}' = 'application/zip'">
          <alias name="parentFolderPath" value="folderpath($trigger)"/>
          <alias name="newFolderName" value="filename($trigger)"/>
          <alias name="newFolderName" value="match('{$newFolderName}','.*?(?=\.zip)')"/>
          <operation name="open" value="#unzipProgress"/>
          <operation name="call" value="extractDefer">
            <yield/>
          </operation>
        </when>
      </operation>
    </step>

    <step id="extractDefer">
      <operation name="filesystem" value="$parentFolderPath">
        <create type="folder" name="{$newFolderName}" rename="true" alias="newFolderName"/>
      </operation>
      <alias name="newFolderPath" value="{$parentFolderPath}{$newFolderName}/" model="value"/>
      <operation name="trace" value="unzip">
        <action src="{$trigger}" dest="{$newFolderPath}"/>
      </operation>
      <operation name="close" value="unzipProgress">
        <mode>view</mode>
      </operation>
    </step>
  </process>
</application>
