<?xml version="1.0"?>

<application name="User Selector" icon="xios/icons/objects/16x16/pawn_add.png" instances="0" xmlns:xlink="http://www.w3.org/1999/xlink">
  <share>false</share>
  <settings>
    <path>xios://</path>
  </settings>
  <about loader="false" version="1.10" revised="2009-12-22" created="2008-09-18"
      author="Goran Panic, Björn Nilsson, Rolly Rulete, Larrie Rocha" copyright="Copyright © 2018 XIOS/3 AB. All rights reserved."
      publisher="CloudTop">
    <description>User Selector used by application to select users/friends</description>
    <license xlink:type="simple" xlink:actuate="onRequest" xlink:href="https://xios3.com/license/xios_1.xml">XIOS.1</license>
    <installed>2008-09-22</installed>
  </about>
  <resources>
  </resources>

  <process name="UserSelector" xlink:type="simple" xlink:actuate="onLoad" xmlns:atom="http://www.w3.org/2005/Atom" xmlns:ni="http://xcerion.com/noindex.xsd">

    <!-- user searching -->
    <trigger view="UserSelector" component="searchUser" event="Select" step="checkSearchInput"/>
    <trigger view="UserSelector" component="searchUser" event="Return" step="checkSearchInput"/>

    <!-- users list selection -->
    <trigger view="UserSelector" component="searchUsersList" event="Select" step="updateAddUserButton"/>
    <trigger view="UserSelector" component="searchUsersList" event="Release" step="updateAddUserButton"/>
    <trigger view="UserSelector" component="selectedUsersList" event="Select" step="updateDeleteUserButton"/>
    <trigger view="UserSelector" component="selectedUsersList" event="Release" step="updateDeleteUserButton"/>

    <!-- add/delete users -->
    <trigger view="UserSelector" component="searchUsersList" event="DoubleClick" step="addSingleSelectedUser"/>
    <trigger view="UserSelector" component="addUserButton" event="Select" step="addSingleSelectedUser"/>
    <trigger view="UserSelector" component="deleteUserButton" event="Select" step="deleteSingleSelectedUser"/>

    <trigger view="UserSelector" component="okButton" event="Select" step="okStep"/>
    <trigger view="UserSelector" component="cancelButton" event="Select" step="cancelStep"/>

    <!--
        @trigger : appDoc contains the /users/buddy
        @param name="mode" :  single | multiple
        @param name="colorscheme" : aqua | liquid | graphite

      example code:
    <operation name="open" value="xios/apps/system/userSelector.xml">
      <trigger value="#windowShareDoc"/>
      <param name="mode" value="single"/>
      <param name="colorscheme" value="graphite"/>
      <param name="message" value="Select which friend you wish to share a window with"/>
    </operation>
-->
    <step id="1" name="Loading">
      <alias name="appDoc" value="!"/>
      <alias name="timestamp" value="{$tm}" model="value"/>
      <alias name="okFlag" value="false"/>

      <!-- open different style views depending on the parameter sent in, which allows us to use the same Process XML code -->
      <operation name="decision">
        <when test="'{$colorscheme}' = 'graphite'" step="openGraphite"/>
        <when test="'{$colorscheme}' = 'aqua'" step="openAqua"/>
        <otherwise step="openLiquid"/>
      </operation>

      <operation name="call" value="backupExistingData"/>
      <alias name="userSelection" value="$appDoc"/>

      <!--- added for synchronization of data againts the  changes made by the userselector field from other applications, if any -->
      <operation name="call" value="checkData">
        <timer interval="2000"/>
      </operation>

      <operation name="bind" value="$userSelection">
        <component view="UserSelector" name="selectedUsersList" select="/"/>
      </operation>

      <operation name="create" value="#userSearchResults_{$timestamp}">
        <buddies>
          {xml(#Friends#/buddies//buddy[(not(@protocol) or @protocol = '') and (@id != '')])}
        </buddies>
      </operation>

      <operation name="foreach" value="#userSelection_{$timestamp}#buddies//buddy">
        <alias name="filter" value="!#@alias"/>
        <operation name="change" value="#userSearchResults_{$timestamp}">
          <delete select="/buddies/buddy[@alias='{$filter}']"/>
        </operation>
      </operation>

      <operation name="bind" value="#userSearchResults_{$timestamp}">
        <component view="UserSelector" name="searchUsersList" select="/"/>
      </operation>

      <!-- change text to fit multiple if multiple is allowed -->
      <operation name="decision">
        <when test="'{$mode}' = 'multiple' " step="setSelectionMessageMultiple"/>
        <otherwise step="doNothing"/>
      </operation>

      <!-- change description text -->
      <operation name="decision">
        <when test="'{$message}' != '' " step="setDescriptionMessage"/>
        <otherwise step="doNothing"/>
      </operation>

    </step>

    <step id="doNothing" name="Does Nothing."/>

    <step id="openAqua" value="Open aqua style view">
      <operation name="open" value="xios/apps/system/views/userSelectorAqua.xml"/>
    </step>

    <step id="openLiquid" value="Open liquid style view">
      <operation name="open" value="xios/apps/system/views/userSelectorLiquid.xml"/>
    </step>

    <step id="openGraphite" value="Open graphite style view">
      <operation name="open" value="xios/apps/system/views/userSelectorGraphite.xml"/>
    </step>

    <step id="setSelectionMessageMultiple" value="If multiple selections are allowed change the selection text">
      <operation name="callMethod" value="#UserSelector#useMessageSub">
        <method name="setValue">
          <param type="string">{get-label('youCanSelectMultiple')}</param>
        </method>
      </operation>
    </step>

    <step id="setDescriptionMessage" value="Set the custom message if it exists">
      <operation name="callMethod" value="#UserSelector#useMessage">
        <method name="setValue">
          <param type="string">{$message}</param>
        </method>
      </operation>
    </step>

    <step id="backupExistingData">
      <alias name="backup" model="newsilent">
        <buddies>{xml($appDoc#/buddies/*)}</buddies>
      </alias>
    </step>

    <step id="checkSearchInput" name="Check the search field if empty">
      <alias name="userQuery" value="{#UserSelector#searchUser.getValue()}" model="value"/>
      <operation name="decision">
        <when test="'{$userQuery}' != 'Enter Name or Alias'" step="performUserSearch"/>
        <when test="'{$userQuery}' = ''" step="showBuddyList"/>
      </operation>
    </step>

    <step id="showBuddyList" name="Binds the entire friends list when a user has made an empty search">
      <operation name="create" value="#userSearchResults_{$timestamp}">
        <buddies>
          {xml(#Friends#/buddies//buddy[(not(@protocol) or @protocol = '') and (@id != '')])}
        </buddies>
      </operation>

      <operation name="bind" value="#userSearchResults_{$timestamp}">
        <component view="UserSelector" name="searchUsersList" select="/"/>
      </operation>
    </step>

    <step id="performUserSearch" name="Perform search both for #Friends buddies list and cloudme users list">
      <alias name="userQueryLower" value="{translate('{$userQuery}','ABCDEFGHIJKLMNOPQRSTUVWXYZ','abcdefghijklmnopqrstuvwxyz')}" model="value"/>
      <alias name="userQueryUpper" value="{translate('{$userQuery}','abcdefghijklmnopqrstuvwxyz','ABCDEFGHIJKLMNOPQRSTUVWXYZ')}" model="value"/>
      <operation name="create" value="#userSearchResults_{$timestamp}">
        <buddies>
          {xml(#Friends/buddies//buddy[(not(@protocol) or @protocol = '') and (@id != '')][contains(@alias, "{$userQuery}") or contains(@alias, "{$userQueryLower}") or contains(@alias, "{$userQueryUpper}") or contains(@display, "{$userQuery}") or contains(@display, "{$userQueryLower}") or contains(@display, "{$userQueryUpper}") ])}
        </buddies>
      </operation>

      <operation name="decision" value="#userSearchResults_{$timestamp}">
        <when test="count(/buddies/buddy[not(@protocol) or @protocol = '']) = 0" step="setEmptyResult"/>
      </operation>

      <operation name="bind" value="#userSearchResults_{$timestamp}">
        <component view="UserSelector" name="searchUsersList" select="/"/>
      </operation>
    </step>

    <step id="setEmptyResult" name="">
      <operation name="change" value="#userSearchResults_{$timestamp}">
        <store select="/buddies" type="append">
          <section title="No results found"/>
        </store>
      </operation>
    </step>

    <step id="addSingleSelectedUser" name="Add selected user at once">

      <alias name="dataDoc" value="#UserSelector#searchUsersList"/>
      <alias name="alias" value="{$dataDoc#@alias}" model="value"/>
      <alias name="haveSelection" value="{#UserSelector#searchUsersList.haveSelection()}" model="value"/>

      <operation name="decision" value="$userSelection">
        <!-- single/mutex mode: only allow single user to be returned -->
        <when test="'{$mode}' = 'single' and count(/buddies/buddy[not(@protocol) or @protocol = '']) &gt; 0" step="doNothing"/>
        <!-- multiple mode: alllow multiple users to be returned -->
        <when test="'{$haveSelection}' = 'true' and not(/buddies/buddy[(not(@protocol) or @protocol = '') and @alias='{$alias}'])" step="appendSingleSelectedUser"/>
      </operation>
      <operation name="call" value="disableAddUserButton"/>
      <!-- unselect the list because sometimes the previous or next entry will be selected -->
      <operation name="setSelection">
        <component view="UserSelector" name="searchUsersList">
          <item select=""/>
        </component>
      </operation>
    </step>

    <step id="appendSingleSelectedUser" name="Append single user to selected list">
      <operation name="change" value="$userSelection">
        <store select="/buddies" type="append">
          {xml($dataDoc)}
        </store>
      </operation>
      <operation name="change" value="$dataDoc">
        <delete/>
      </operation>
      <operation name="call" value="enableOkButton"/>
    </step>

    <step id="deleteSingleSelectedUser" name="Delete selected user at once">
      <alias name="dataDoc" value="#UserSelector#selectedUsersList"/>
      <alias name="alias" value="{$dataDoc#@alias}" model="value"/>
      <alias name="haveSelection" value="{#UserSelector#selectedUsersList.haveSelection()}" model="value"/>
      <operation name="decision" value="#userSearchResults_{$timestamp}">
        <when test="'{$haveSelection}' = 'true' and not(/buddies/buddy[(not(@protocol) or @protocol = '') and @alias='{$alias}'])" step="moveSingleSelectedUser"/>
      </operation>
      <operation name="change" value="$dataDoc">
        <delete/>
      </operation>
      <operation name="call" value="disableDeleteUserButton"/>
      <!-- unselect the list because sometimes the previous or next entry will be selected -->
      <operation name="setSelection">
        <component view="UserSelector" name="selectedUsersList">
          <item select=""/>
        </component>
      </operation>
      <operation name="decision" value="$userSelection">
        <when test="count(/buddies/buddy[not(@protocol) or @protocol = '']) &lt; 1">
          <operation name="call" value="disableOkButton"/>
          <alias name="haveSelection" value="{#UserSelector#searchUsersList.haveSelection()}" model="value"/>
          <operation name="decision">
            <when test="'{$haveSelection}' = 'true'" step="enableAddUserButton"/>
            <otherwise step="disableAddUserButton"/>
          </operation>
        </when>
      </operation>
    </step>

    <step id="moveSingleSelectedUser" name="Move single user to search list">
      <operation name="change" value="#userSearchResults_{$timestamp}">
        <delete select="/buddies/section"/>
      </operation>

      <operation name="change" value="#userSearchResults_{$timestamp}">
        <store select="/buddies" type="append">
          {xml($dataDoc)}
        </store>
      </operation>
    </step>

    <step id="updateAddUserButton">
      <alias name="haveSelection" value="{#UserSelector#searchUsersList.haveSelection()}" model="value"/>
      <alias name="userCount" value="{count($userSelection/buddies/buddy[not(@protocol) or @protocol = ''])}" model="value"/>
      <operation name="decision">
        <when test="'{$userCount}' != '0' and '{$mode}' = 'single'" step="disableAddUserButton"/>
        <when test="'{$haveSelection}' = 'true'" step="enableAddUserButton"/>
        <otherwise step="disableAddUserButton"/>
      </operation>
    </step>

    <step id="enableAddUserButton">
      <operation name="action" value="#UserSelector">
        <component name="addUserButton" action="enable"/>
      </operation>
    </step>

    <step id="disableAddUserButton">
      <operation name="action" value="#UserSelector">
        <component name="addUserButton" action="disable"/>
      </operation>
    </step>

    <step id="updateDeleteUserButton">
      <alias name="haveSelection" value="{#UserSelector#selectedUsersList.haveSelection()}" model="value"/>

      <operation name="decision">
        <when test="'{$haveSelection}' = 'true'" step="enableDeleteUserButton"/>
        <otherwise step="disableDeleteUserButton"/>
      </operation>
    </step>

    <step id="enableDeleteUserButton">
      <operation name="action" value="#UserSelector">
        <component name="deleteUserButton" action="enable"/>
      </operation>
    </step>

    <step id="disableDeleteUserButton">
      <operation name="action" value="#UserSelector">
        <component name="deleteUserButton" action="disable"/>
      </operation>
    </step>

    <step id="enableOkButton">
      <operation name="action" value="#UserSelector">
        <component name="okButton" action="enable"/>
      </operation>
    </step>

    <step id="disableOkButton">
      <operation name="action" value="#UserSelector">
        <component name="okButton" action="disable"/>
      </operation>
    </step>

    <step id="okStep" name="OK button is selected">
      <alias name="okFlag" value="true"/>
      <!-- <operation name="call" value="updateDoc"/> -->
      <operation name="call" value="closeUserSelector"/>
    </step>

    <step id="updateDoc">
      <operation name="change" value="$appDoc">
        <delete select="buddies//buddy"/>
      </operation>

      <operation name="foreach" value="$userSelection/buddies/buddy[not(@protocol) or @protocol = '']">
        <alias name="dataDoc" value="!"/>
        <operation name="change" value="$appDoc">
          <store select="/buddies" type="append">
            {xml($dataDoc)}
          </store>
        </operation>
      </operation>
    </step>

    <step id="cancelStep" name="Cancel button is selected.">
      <operation name="call" value="closeUserSelector"/>
    </step>

    <step id="closeUserSelector" name="Closes Task View">
      <operation name="decision">
        <when test="'{$okFlag}' != 'true'">
          <!-- restore backup -->
          <alias name="userSelection" value="$backup"/>
          <operation name="call" value="updateDoc"/>
        </when>
      </operation>

      <!--- added for synchronization of data againts the  changes made by the userselector field from other applications, if any -->
      <operation name="call" value="checkData">
        <timer interval="stop"/>
      </operation>

      <operation name="call" value="cleanUpTemporaryDoc"/>
      <operation name="close" value="UserSelector"/>
    </step>

    <step id="cleanUpTemporaryDoc">
      <operation name="close" value="#userSearchResults_{$timestamp}">
        <mode>document</mode>
      </operation>
    </step>

    <step id="checkData">
      <operation name="decision" value="$userSelection">
        <when test="count(/buddies/buddy[not(@protocol) or @protocol = '']) &gt; 0" step="enableOkButton"/>
        <otherwise step="disableOkButton"/>
      </operation>
    </step>

  </process>
</application>
