<?xml version="1.0" encoding="iso-8859-1" standalone="yes"?>

<application icon="icon://document_zoom_in" name="Viewer" xmlns:xlink="http://www.w3.org/1999/xlink" xmlns:xpc="http://xcerion.com/process/1.0" xmlns:l="http://xcerion.com/lang" xpc:ns="http://xcerion.com/package/1.0">
  <about author="XIOS/3 AB" copyright="Copyright � 2021 XIOS/3 AB. All rights reserved." created="2007-10-05" loader="false" publisher="XIOS/3" revised="2021-07-26" version="1.20">
    <description>Viewer Application</description>
    <license xlink:type="simple" xlink:actuate="onRequest" xlink:href="https://xios3.com/license/xios_1.xml">XIOS.1</license>
  </about>
  <resources>
    <item name="viewer.xsl">
      <xsl:stylesheet xmlns:xsl="http://www.w3.org/1999/XSL/Transform" version="1.0">
        <xsl:template match="*[not(document)]">
          <div style="width:100%;height:100%;overflow:hidden;">
	          <xsl:copy-of select="."/>
          </div>
        </xsl:template>

        <xsl:template match="document">
          <div style="width:100%;height:100%;overflow:hidden;">
            <iframe src="{@href}" style="width:100%;height:100%;border:0px;" border="0"></iframe>
          </div>
        </xsl:template>

        <xsl:template match="document[@type = 'application/pdf']">
          <div style="width:100%;height:100%;overflow:hidden;">
            <iframe src="{@href}" style="width:100%;height:100%;"></iframe>
          </div>
        </xsl:template>

        <xsl:template match="document[@type = 'application/x-shockwave-flash']">
          <OBJECT classid="clsid:D27CDB6E-AE6D-11cf-96B8-444553540000"
          codebase="https://download.macromedia.com/pub/shockwave/cabs/flash/swflash.cab#version=6,0,40,0"
          WIDTH="100%" HEIGHT="100%" id="myMovieName">
            <PARAM NAME="movie" VALUE="{@href}"/>
            <PARAM NAME="quality" VALUE="high"/>
            <PARAM NAME="bgcolor" VALUE="#000000"/>
            <EMBED src="{@href}" quality="high" bgcolor="#000000" WIDTH="100%" HEIGHT="100%"
          NAME="myMovieName" ALIGN="" TYPE="application/x-shockwave-flash"
          PLUGINSPAGE="http://www.macromedia.com/go/getflashplayer"/>
          </OBJECT>
        </xsl:template>
      </xsl:stylesheet>
    </item>
  </resources>

  <view name="Viewer" company="CloudTop" created="2007-07-02" revised="2021-07-22" look="marble" splash="false" title="Viewer" l:title="Viewer" xlink:actuate="onRequest" height="400" width="500" minHeight="50" minWidth="145" winstate="false" mode="window" icon="icon://document_zoom_in">
    <style>
      #render {
        background-color: white;
      }
    </style>
    <layout name="root" height="100%" width="100%">
      <render name="render" height="100%" width="100%" href="#viewer.xsl"/>
      <render name="renderXML" height="100%" width="100%" href="xios/system/xslt/printXML.xsl" hidden="true"/>
 		</layout>
  </view>

  <process name="Viewer" description="Viewer Application" author="Fredrik Carlbom" xlink:actuate="onLoad" xmlns:atom="http://www.w3.org/2005/Atom" xmlns:dc="http://xcerion.com/directory.xsd" xmlns:fs="http://xcerion.com/folders.xsd" xmlns:ni="http://xcerion.com/noindex.xsd">
    <trigger view="Viewer" event="Opened" step="appOpened"/>

    <step id="1" name="Starting point">
      <alias name="trigger" value="!" />
      <alias name="viewerLbl" value="get-label('Viewer')" model="value"/>
      <alias name="testtrigger" value="local-name(!)"/>
      <alias name="isLink" value="={'{$trigger}'.replace(/https?:\/\/.*/i, 'http://')}" />

      <operation name="open" value="$package#view[@name = 'Viewer']"/>
    </step>

    <step id="appOpened">
      <operation name="decision">
        <when test="starts-with('{$trigger}', 'apps/')" step="localFile"/>
        <when test="'{$isLink}' = 'http://'" step="gotLink"/>
        <when test="'{$testtrigger}' = 'atom:entry'" step="gotEntry"/>
        <otherwise step="gotFilename"/>
      </operation>
      <operation name="call" value="start"/>
    </step>

    <step id="localFile">
      <alias name="documentName" value="CloudTop Secure"/>
      <alias name="href" value="$trigger" />
      <alias name="contentType" value="text/html" model="value"/>
      <alias name="rootElement" value=""/>
    </step>

    <step id="gotLink">
      <alias name="documentName" value="$trigger"/>
      <alias name="href" value="$trigger" />
      <alias name="contentType" value="text/html" model="value"/>
      <alias name="rootElement" value=""/>
    </step>

    <!--TODO: Make same selection-->
    <step id="gotFilename">
      <alias name="meta" value="{$trigger}/.meta" />
      <alias name="documentName" value="$meta#/atom:entry/atom:title"/>
      <alias name="rootElement" value="{$meta#/atom:entry/dc:root/text()}"/>
      <alias name="contentType" value="{$meta#/atom:entry/atom:link/@type}"/>
      <alias name="namespace" value="{$meta#/atom:entry/dc:namespace/text()}"/>

			<operation name="decision">
			  <when test="'{$rootElement}' != ''">
		      <alias name="href" value="{$meta#/atom:entry/atom:content/@src}" />
		    </when>
		    <otherwise>
		      <alias name="href" value="{$meta#/atom:entry/atom:link/@href}" />
		    </otherwise>
		  </operation>
    </step>

    <step id="gotEntry">
      <alias name="meta" value="$trigger"/>
      <alias name="documentName" value="$meta#atom:title"/>
      <alias name="href" value="{$meta#atom:link/@href}" />
      <alias name="contentType" value="{$meta#atom:content/@type}"/>
      <alias name="namespace" value="{$meta#dc:namespace/text()}"/>
      <alias name="rootElement" value="{$meta#dc:root/text()}"/>
    </step>

    <step id="start">
<!--
	    <operation name="debug" value="$href">alert</operation>
-->
    	<operation name="decision">
    		<when test="'{$contentType}' = 'text/xml' or '{$contentType}' = 'text/plain' or '{$rootElement}' != ''">
		      <alias name="dataDoc" value="$href"/>
		      <operation name="call" value="setDefault"/>

					<operation name="action" value="#Viewer">
						<component name="render" action="hide"/>
						<component name="renderXML" action="show"/>
					</operation>

					<operation name="bind" value="$dataDoc">
						<component view="Viewer" name="renderXML" select="/"/>
					</operation>
    		</when>
    		<otherwise>
		      <alias name="dataDoc" model="newsilent"><document type="{$contentType}" href="{$href}"/></alias>

					<operation name="decision">
						<when test="starts-with('{$trigger}', 'apps/')"                        step="setLocal"/>
						<when test="'{$namespace}'   = 'http://xcerion.com/doc/ilauncher/1.0'" step="setILauncher"/>
						<when test="'{$namespace}'   = 'http://xcerion.com/doc/bookmark/1.0'"  step="setBookmark"/>
						<when test="'{$contentType}' = 'application/x-shockwave-flash'"        step="setFlash"/>
						<when test="'{$contentType}' = 'application/pdf'"                      step="setPDF"/>
						<when test="'{$contentType}' = 'text/html'"                            step="setHTML"/>
						<when test="'{$contentType}' = 'image/jpeg'"                           step="setImage"/>
						<when test="'{$contentType}' = 'image/gif'"                            step="setImage"/>
						<when test="'{$contentType}' = 'image/png'"                            step="setImage"/>
						<otherwise step="setDefault"/>
					</operation>

					<operation name="action" value="#Viewer">
						<component name="render" action="show"/>
						<component name="renderXML" action="hide"/>
					</operation>

					<operation name="bind" value="$dataDoc">
						<component view="Viewer" name="render" select="/"/>
					</operation>
		    </otherwise>
		  </operation>

<!--
-->
    </step>

    <step id="setFlash">
      <alias name="title" value="{$viewerLbl} (Flash)" model="value"/>
      <operation name="call" value="setTitle"/>
    </step>

    <step id="setPDF">
      <alias name="title" value="{$viewerLbl} (PDF)" model="value"/>
      <operation name="call" value="setTitle"/>
    </step>

    <step id="setHTML">
      <alias name="title" value="{$viewerLbl} (HTML)" model="value"/>
      <operation name="call" value="setTitle"/>
    </step>

    <step id="setImage">
      <alias name="title" value="{$viewerLbl} (Image)" model="value"/>
      <operation name="call" value="setTitle"/>
    </step>

    <step id="setILauncher">
      <alias name="title" value="iLauncher" model="value"/>
      <alias name="href" value="{$meta#/atom:entry/ni:data[1]/text()}" />
      <alias name="documentName" value="$href" />

      <alias name="dataDoc" model="newsilent"><document type="{$namespace}" href="{$href}"/></alias>
      <operation name="call" value="setTitle"/>
    </step>

    <step id="setBookmark">
      <alias name="title" value="Bookmark" model="value"/>
      <alias name="href" value="{$meta#/atom:entry/dc:href}" />
      <alias name="documentName" value="$href" />
      <alias name="dataDoc" model="newsilent"><document type="{$namespace}" href="{$href}"/></alias>
      <operation name="call" value="setTitle"/>
    </step>

    <step id="setDefault">
      <alias name="title" value="{$viewerLbl}" model="value"/>
      <operation name="call" value="setTitle"/>
    </step>

    <step id="setTitle">
      <operation name="callMethod" value="#Viewer">
        <method name="setTitle">
          <param type="string">{$title} - {$documentName}</param>
        </method>
      </operation>
    </step>

    <step id="setIcon">
      <alias name="icon" value="={'{#TypeManager#/types/type[@mime = '{$contentType}']/icon}'.replace('/32x32/','/16x16/')}" />
      <operation name="callMethod" value="#Viewer">
        <method name="setIcon">
          <param type="string">{$icon}</param>
        </method>
      </operation>
    </step>

    <step id="setLocal">
      <alias name="title" value="Secure" model="value"/>
      <operation name="callMethod" value="#Viewer">
        <method name="setTitle">
          <param type="string">{getlabel('Secure Window')}</param>
        </method>
        <method name="setDimension">
          <param type="string">450</param>
          <param type="string">310</param>
        </method>
        <method name="setIcon">
          <param type="string">xios/icons/network/48x48/lock.png</param>
        </method>
      </operation>
    </step>
  </process>
</application>
