<?xml version="1.0"?>

<application name="WebShare" icon="xios/gui/icons/32x32/share.png" instances="0" theme="liquid"
    xmlns:xlink="http://www.w3.org/1999/xlink"
    xmlns:dc="http://xcerion.com/directory.xsd"
    xmlns:atom="http://www.w3.org/2005/Atom"
    xmlns:fs="http://xcerion.com/folders.xsd"
    xmlns:l="http://xios3.com/lang"
    xmlns:os="http://a9.com/-/spec/opensearch/1.1/">
  <share>false</share>
  <about loader="false" version="1.01" created="2010-09-15" revised="2013-02-10"
      author="Robin Karlsson, Markus Maaniidi" copyright="Copyright © 2018 XIOS/3 AB. All rights reserved."
      publisher="CloudTop">
    <description>WebShare wizard application</description>
    <license xlink:type="simple" xlink:actuate="onRequest" xlink:href="https://xios3.com/license/xios_1.xml">XIOS.1</license>
    <installed>2013-02-10</installed>
  </about>

  <!-- *********************************************************** VIEW ******************************************************************** -->

  <view xlink:type="simple" xlink:actuate="onLoad" name="WebShare" title="Share as" resize="false" height="350" width="580" icon="xios/gui/icons/16x16/share.png" position="center" winstate="false">
<!--
    <style>
      #windowTitle{font-size:14px !important;top:30px !important; font-family:tahoma, verdana !important;width:100% !important;margin-left:20px;}
    </style>-->

    <panel name="mainContainer" type="row" height="330" padding="5" width="100%" scroll="false">
      <panel name="topContFirstView" type="row" height="" width="100%" padding="">
        <panel name="shareInfoPanel" align="center" type="row" style="padding-left:10px;">
          <panel name="sharePanel" align="center" type="column" padding="15" >
            <panel name="websharePanel" align="center" width="150" type="row" style="cursor:pointer;">
              <image name="clickImageFakeWS" height="0" src="{pxlgif}" style="background:transparent;position:absolute;cursor:pointer; height:150px;width:150px;left:0;border:2px solid rgb(73, 71, 71); border-radius:10;"/>
              <image name="WSFakeBg" hide="true" height="0" style="left:0;z-index:-1;position:absolute;border:2px solid #68AEDD; height:150px;width:150px;border-radius:10;box-shadow:#68AEDD 0 0 10px;background-color:rgb(0, 62, 82);" src="gui/img/blueBgimage.png"/>
              <image name="webshare" src="xios/gui/icons/128x128/folder_webshare.png" style="height:90px;width:90px;margin-top:25px;"/>
              <label name="lblwebshare" default="WebShare" l:default="WebShare" style="color:#ffffff; font-size:13px;margin-bottom:5px; font-family:Tahoma; margin-left:5px;"/>
              <panel name="WSDescPanel" type="column" padding="20 0 0 0">
                <label name="lblWSdesc" width="120" style="color:#ffffff; font-size:11px; font-family:Tahoma;" l:default="shareWebShare" default="Let your friends access and follow your files through a http link."/>
              </panel>
            </panel>

            <panel name="websharePlusPanel" align="center" width="150" type="row" style="cursor:pointer;margin-left:10px;">
              <image name="clickImageFakeWSP" height="0" src="{pxlgif}" style="background:transparent;position:absolute;cursor:pointer; height:150px;width:150px;left:10;border:2px solid rgb(73, 71, 71); border-radius:10;"/>
              <image name="WSPFakeBg" hide="true" height="0" style="left:10;z-index:-1;position:absolute;border:2px solid #68AEDD; height:150px;width:150px;border-radius:10px;box-shadow:#68AEDD 0 0 10px;background-color:rgb(0, 62, 82);" src="gui/img/blueBgimage.png"/>
              <image name="websharePlus" src="gui/icons/128x128/folder_webshareplus.png" style="height:90px;width:90px;margin-top:25px;"/>
              <label name="lblwebsharePlus" default="WebShare+" l:default="WebShare+" style="color:#ffffff;margin-bottom:5px; font-size:13px; font-family:Tahoma; margin-left:5px;"/>

              <panel name="WSPDescPanel" type="column" padding="20 0 0 0">
                <label name="lblWSPdesc" width="150" style="color:#ffffff; font-size:11px; font-family:Tahoma;" l:default="shareWebSharePlus" default="Share your files, but also allow friends to upload to your WebShare. Its like a file inbox provided through a http link."/>
              </panel>
            </panel>

            <panel name="collabPanel" align="center" width="150" height="150" type="row" style="margin-left:10px;">
              <image name="clickImageFakeCollab" height="0" src="{pxlgif}" style="background:transparent;position:absolute;cursor:pointer; height:150px;width:150px;left:10px;border:2px solid rgb(73, 71, 71); border-radius:10;"/>
              <image name="collaborateFakeBg" hide="true" height="0" style="left:10px;z-index:-1;position:absolute;border:2px solid #68AEDD; height:150px;width:150px;border-radius:10;box-shadow:#68AEDD 0 0 10px;background-color:rgb(0, 62, 82);" src="gui/img/blueBgimage.png"/>
              <image name="collaborateFakeBorder" hide="true" height="0" style="left:10;z-index:-1;position:absolute" src="gui/img/webshareBg.png"/>
              <image name="collaborate" height="90" src="gui/icons/128x128/collaborate.png" style="height:90px;width:90px;margin-top:25px;"/>
              <label name="lblCollab" default="Collaborate" l:default="Collaborate" style="color:#ffffff;margin-bottom:5px; font-size:13px; font-family:Tahoma; margin-left:5px;"/>

              <panel name="shareCollabDescPanel" type="column" padding="20 0 0 0">
                <label name="lbldescCollab" width="150" style="color:#ffffff; font-size:11px; font-family:Tahoma;" l:default="shareCollaboration" default="Collaborate and share a WebShare with friends and work together in a common folder, as a shared folder or through a http link."/>
              </panel>
            </panel>
          </panel>
        </panel>
        <panel name="linkPanel" type="row" align="center" style="margin-left:5px; ">
        </panel>
        <panel type="row" align="center" padding="0">
        </panel>
        <panel name="passCont" align="center" hide="true" padding="0 0 0 5" height="25">
          <input name="inpPassword" type="text" default="" width="110"/>
        </panel>
      </panel>

      <panel name="topContSecondView" hide="true" type="column" align="center" width="100%" padding="0 0 2 8" style="">
        <panel name="panelSettings" type="row" width="300" style="margin-left:5px;margin-top:50px;">
          <label name="lblDesc" default="Add a description" l:default="enterDescription" style="color:#ffffff;margin-bottom:5px; font-size:13px; font-family:Tahoma;margin-left:5px; "/>
          <textarea name="textareaDesc" placeholder="Description" l:placeholder="Description" width="300" height="80" style=" background-color:transparent; border: 0 solid #ee77ee; overflow:auto; color:#000; font-family: Tahoma; font-size: 11px;background-color:rgb(233, 233, 233);margin-left:5px;"/>
          <checkbox name="chBoxPrivate" width="" postLabel="Hidden WebShare" l:postLabel="Hidden WebShare" title="This WebShare will be excluded from your public profile" l:title="webshareExcludedPublicProfile" checked="true" style="margin-left:0;"/>
          <panel name="SWpasswordPanel" type="row" height="0" padding="0" style="margin-top:10px;margin-left:5px;;">
            <label name="lblPasswordSecView" default="Protect with password" l:default="Protect with password" style="color:#ffffff; font-size:11px; font-family:Tahoma;margin-bottom:4px;"/>
            <input name="inpPasswordsecView" type="text" default="" width="300" placeholder="Please enter password" l:placeholder="Please enter password" style="margin-bottom:4px;"/>
          </panel>
        
        </panel>
        <panel name="panelSettingsRight" type="row" width="128" style="margin-left:50px;margin-top:30px;">
          <image name="shareIcon" src="xios/gui/icons/128x128/folder_webshare.png" style=""/>
        </panel>
      </panel>
      
      <panel name="topContThirdView" hide="true" type="row" align="center" width="100%" padding="0 0 2 8" style="">
        <label name="lblNoSuccess" hide="true" default="Publish failed" l:default="Publish failed" bold="true" style="color:#ffffff; font-size:11px; font-family:Tahoma;" width="340px;"/>
        <panel name="pubContent" type="column" height="40px" width="100%" style="margin-top:10px;">
        </panel>

        <panel name="panelShare" type="column" width="100%" style="">
          <panel name="panelShareLeft" type="row" width="100%" height="200" style="">
             <label name="shareLbl" default="Share link using" l:default="Share link using" align="left" style=" font-size:11px; font-family:Tahoma;color:#ffffff; overflow:hidden;margin-bottom:10px;margin-left:5px;"/>
             <panel name="panelShareUsing" type="column" width="100%" style="margin-left:5px;margin-bottom:10px;" height="25">
             
            <image name="iconMail" src="xios/icons/network/24x24/mail2.png" width="24px"/>
            <radio name="chBoxMail" selected="true" width="50px"/>
            <image name="iconFacebook" src="xios/gui/icons/24x24/facebook.png" width="24px"/>
            <radio name="chBoxFacebook" width="50px"/>
            <image name="iconTwitter" src="xios/gui/icons/24x24/twitterT.png" width="24px"/>
            <radio name="chBoxTwitter" width="50px"/>
            </panel>

            <panel name="panelMailShare" hide="true" type="row" width="250" style="margin-left:1px;" height="150">
              <boxlist name="boxNameList" showall="true" xplateonly="true" showicons="false"
                icon="xios/icons/objects/16x16/user1_add.png" placeholder="Mail to" autoclear="true" l:placeholder="Mail to"
                height="20" width="100%" xsingleselect="false" title="Mail to" l:title="Mail to"
                verifymailaddress="true" style="margin-bottom:5px;margin-left:5px;">
                <identity users="false" l:header="Mail to" header="Mail to" friends="false" multiselect="true" contacts="true" showmail="true" showallmail="true" groups="false" name="identName" height="250"/>
              </boxlist>
              <textarea name="textareaMessage" placeholder="Add Message here" l:placeholder="Message" length="140" width="100%" height="131" style="margin-left:5px;border: 0 solid #ee77ee; overflow:auto; color:#000; font-family: Tahoma; font-size: 11px;background-color:rgb(233, 233, 233);border-radius:5px;border-top-right-radius:0;border-top-left-radius:0;"/>
              <label name="lblEmailed" hide="true" icon="xios/icons/applications/16x16/check2.png" default="Sent" l:default="Sent" style="color:#ffffff; font-size:11px; font-family:Tahoma; overflow:hidden;"/>
            </panel>
            <panel name="panelFacebookShare" hide="true" type="row" width="250" style="margin-left:5px;" height="25">
              <panel name="fbLink" type="column" hide="true" height="25px">
                <image name="imgFbProg" width="16" height="16" scale="true" src="gui/img/Waitblue.gif"/>
                <image name="imgFbCheck" width="16" height="16" hide="true" src="xios/icons/applications/16x16/check2.png"/>
                <label name="lblFbLink" default="Posted to Facebook" type="link" l:default="Posted to Facebook" style="color:#ffffff; font-size:11px; font-family:Tahoma; overflow:hidden; margin-bottom:3px; margin-left:3px;"/>
              </panel>
            </panel>
            <panel name="panelTwitterShare" hide="true" type="row" width="245" style="" height="25">
              <textarea name="textareaTweet" length="140" width="245" height="160" style="margin-left:6px;border: 0 solid #ee77ee; overflow:auto; color:#000; font-family: Tahoma; font-size: 11px;background-color:rgb(233, 233, 233);border-radius:5px;border-top-right-radius:0;border-top-left-radius:0;"/>
              <panel name="twLink" type="column" hide="true" height="25px">
                <image name="imgTwProg" width="16" height="16" scale="true" src="gui/img/Waitblue.gif"/>
                <image name="imgTwCheck" width="16" height="16" hide="true" src="xios/icons/applications/16x16/check2.png"/>
                <label name="lblTwLink" default="Posted to Twitter" type="link" l:default="Posted to Twitter" style="color:#ffffff; font-size:11px; font-family:Tahoma; overflow:hidden; margin-bottom:3px; margin-left:3px;"/>
              </panel>
            </panel>
          </panel>
          <panel name="panelShareRight" type="row" width="200" height="200" style="margin-right:13px;">    
             <label name="browserLbls" default="Example of a WebShare" l:default="Example of a WebShare" align="center" style="font-size:11px; font-family:Tahoma;color:#ffffff; overflow:hidden;"/>
            <image name="imgShareExample" src="gui/img/webshareExample.png"  style="border-radius:3px; border:2px solid #fff;cursor:pointer;"/>
          </panel>
        </panel>
        <panel name="pubContentError" type="column" hide="true" height="40px" width="100%" style="margin-top:10px;">
          <image name="imgShareError" src="xios/icons/applications/32x32/error.png" width="60px" style="margin-left:10px"/>
          <label name="lblSorry" selectable="false" default="We apologize but a WebShare could not be created" l:default="We apologize but a WebShare could not be created" style="color:#ffffff; font-size:11px; font-family:Tahoma;word-wrap:break-word; overflow:hidden" width="280px"/>
        </panel>
        <panel name="pubErrorReason" hide="true" type="row" width="100%" padding="4" style="margin-left:60px; margin-top:-5px; overflow:hidden">
          <label name="lblErrors" default="The following errors might have occurred:" l:default="The following errors might have occurred:" style="color:#ffffff; font-size:11px; font-family:Tahoma;word-wrap:break-word; overflow:hidden;"/>
          <panel type="column" style="margin-left:10px; margin-top:5px;">
            <label name="preLblNotExist" width="5" default="-" style="color:#ffffff; font-size:10px; font-family:Tahoma"></label>
            <label name="lblNameDuplicate" default="The WebShare name chosen already exists" l:default="The WebShare name chosen already exists" style="color:#ffffff; font-size:11px; font-family:Tahoma;word-wrap:break-word; overflow:hidden;" width="240px"/>
          </panel>
          <panel type="column" style="margin-left:10px; margin-top:-4px">
            <label name="preLblNotOwn" width="5" default="-" style="color:#ffffff; font-size:10px; font-family:Tahoma"></label>
            <label name="lblNotOwn" default="You do not own one of the files you want to share" l:default="You do not own one of the files you want to share" style="color:#ffffff; font-size:11px; font-family:Tahoma;word-wrap:break-word; overflow:hidden;" width="240px"/>
          </panel>
          <panel type="column" style="margin-left:10px; margin-top:-4px">
            <label name="preLblNotExist" width="5" default="-" style="color:#ffffff; font-size:10px; font-family:Tahoma"></label>
            <label name="lblNotExist" default="One of the files you want to share does not exist" l:default="One of the files you want to share does not exist" style="color:#ffffff; font-size:11px; font-family:Tahoma;word-wrap:break-word; overflow:hidden;" width="240px"/>
          </panel>
        </panel>
      </panel>
   </panel>

    <panel name="bottomCont" type="column" position="bottom" align="right" height="30" padding="1 20 10 5" width="100%" style="margin-top:-20px;">
      <panel name="WpasswordPanel" type="flow" height="0" align="left" padding="0" style="margin-left: 15px; ">
        <panel name="passwordPanel" type="row" height="0" style="">
          <label name="lblPassword" align="left" hide="true" default="Protect with password" l:default="Password required" style="float:left;color:#ffffff; font-size:11px; font-family:Tahoma;margin-bottom:2px;"/>
          <input name="inpPasswords" hide="true" type="text" default="" width="300" placeholder="Please enter password" l:placeholder="Please enter password" style=""/>
        </panel>
        <panel name="buttonLeftPanel" type="flow" height="30" align="left" width="100%" padding="0" style="">
          <button name="btnCopyURL" align="left" hide="true" width="80" text="Get Link" l:text="Link URL" style="margin-top:13px;"/>
        </panel>
      </panel>
      <panel name="buttonPanel" type="flow" height="0" align="right" width="200" padding="0" style="margin-top:13px;">
        <button name="btnShareTwitter" hide="true" align="right" width="80" text="Send" l:text="Send" style=""/>
        <button name="btnSendMail" width="80" align="right" hide="true" text="Send" l:text="Send" style=""/>
        <button name="buttonOk" width="80" align="right" text="OK" l:text="OK"/>

        <button name="buttonCancel" width="80" align="right" text="Cancel" l:text="Cancel"/>
        <button name="buttonCreate" width="80" hide="true" align="right" text="Share" l:text="Share" style=""/>
        <button name="buttonClose" hide="true" align="right" width="80" text="Close" l:text="Close" style=""/>
      </panel>
    </panel>
  </view>

  <!-- ********************************************************** PROCESS ****************************************************************** -->

  <process xlink:type="simple" xlink:actuate="onLoad" name="WebShare Process">s
    <trigger view="WebShare" event="Opened" step="init"/>
    <trigger view="WebShare" event="Close"  step="closed"/>
    <trigger view="WebShare" event="Escape" step="closeView"/>
    <trigger view="fbPost"   event="Close"  step="fbClosed"/>
    <trigger view="twPost"   event="Close"  step="twClosed"/>

    <trigger view="WebShare" component="chBoxPassword" event="Select" step="showPassword"/>
    <trigger view="WebShare" component="chBoxPassword" event="Release" step="hidePassword"/>
    <trigger view="WebShare" component="inpPasswords" event="Key" step="checkPassword"/>
    <trigger view="WebShare" component="chBoxMail" event="Select" step="openMailPanel"/>
    <!-- <trigger view="WebShare" component="chBoxMail" event="Release" step="hideBoxlist"/> -->
    <trigger view="WebShare" component="chBoxFacebook" event="Select" step="shareFacebook"/>
 <!--    <trigger view="WebShare" component="chBoxFacebook" event="Release" step="shareFacebook"/> -->
    <trigger view="WebShare" component="btnSendMail" event="Select" step="shareMail"/>
    <trigger view="WebShare" component="chBoxTwitter" event="Select" step="openTwitterPanel"/>
    <trigger view="WebShare" component="btnShareTwitter" event="Select" step="shareTwitter"/>
    <trigger view="WebShare" component="buttonOk" event="Select" step="secView"/>
    <trigger view="WebShare" component="buttonCreate" event="Select" step="doPublish"/>
    <trigger view="WebShare" component="inpUniqueName" event="Blur" step="checkValid"/>
    <trigger view="WebShare" component="inpUniqueName" event="Return" step="checkValid"/>
    <trigger view="WebShare" component="inpUniqueName" event="Key" step="checkValid"/>
    <trigger view="WebShare" component="buttonClose" event="Select" step="closeView"/>
    <trigger view="WebShare" component="buttonCancel" event="Select" step="closeView"/>
    <trigger view="WebShare" component="lblFbLink" event="Select" step="openFacebook"/>
    <trigger view="WebShare" component="lblTwLink" event="Select" step="openTwitter"/>
    <trigger view="WebShare" component="browserLbl" event="Select" step="openShare"/>
    <trigger view="WebShare" component="imgShareExample" event="Select" step="openExampleShare"/>
    <trigger view="WebShare" component="lblURL" event="ContextMenu" step="openContext"/>
    <trigger view="WebShare" component="btnCopyURL" event="Select" step="cmCopyToClipboard"/>
    <trigger view="WebShare" component="cmOpenURLnewWin" event="Select" step="openShare"/>
    <trigger view="WebShare" component="clickImageFakeWS" event="Select" step="setShareWS"/>
    <trigger view="WebShare" component="clickImageFakeWSP" event="Select" step="setShareWSPlus"/>
    <trigger view="WebShare" component="clickImageFakeCollab" event="Select" step="setShareCb"/>
    <trigger view="WebShare" component="inpCollPasswords" event="Key" step="checkCollabPass"/>
    <trigger view="WebShare" component="inpWSPPasswords" event="Key" step="checkWSPPass"/>

    <step id="1" name="first step">
      <alias name="dataChanged" value="false" model="value"/>
      <alias name="triggerOpen" value="!"/>
      <alias name="trigger" value="!"/>
                  <!-- <operation name="debug" value="asdasdasdasd"/> -->

      <alias name="system" value="login-data(mycloudme)"/>
      <alias name="userEntry" value="{$main}://searchUser()"/>
      <alias name="user" value="$userEntry#/atom:feed/atom:entry/atom:title"/>
      <alias name="destinationName" value="/"/>
      <alias name="usePassword" value="false"/>

      <alias name="triggerDoc" model="newsilent">
        <atom:feed>
          {xml($trigger)}
        </atom:feed>
      </alias>
      <operation name="decision" value="$triggerDoc">
        <when test="count(*) &gt; 1">
          <alias name="foldPath" value="$trigger" model="value"/>
          <alias name="shareName" value="foldername('{$foldPath}')"/>
          <alias name="shareId" value="{$trigger#dc:folder}"/>

          <alias name="shareContent" value="multiple"/>
          <operation name="decision">
            <when test="'{$shareName}' = ''">
              <alias name="shareName" value="{$date} {$time}"/>
            </when>
          </operation>
        </when>
        <otherwise>
          <operation name="decision" value="$trigger">
          <when test="local-name() = 'folder'">
            <alias name="shareName" value="{$trigger#@name}" model="value"/>
            <alias name="shareContent" value="folder"/>
            <alias name="shareId" value="{$trigger#@id}"/>
          </when>
          <otherwise>
            <alias name="shareName" value="{$trigger#atom:title}" model="value"/>
            <alias name="shareId" value="{$trigger#dc:document}"/>
            <alias name="shareContent" value="file"/>
          </otherwise>
        </operation>
        </otherwise>
      </operation>

      <alias name="newShareName" value="{$shareName}" model="value"/>
    </step>

    <step id="init" name="When view opened">
      <operation name="call" value="setName"/>
      <operation name="call" value="displayURL"/>

      <operation name="decision" value="$trigger">
        <when exists="true">
          <operation name="action" value="#WebShare">
            <component name="buttonOk" action="enable"/>
          </operation>
        </when>
        <otherwise>
          <operation name="action" value="#WebShare">
            <component name="buttonOk" action="disable"/>
          </operation>
        </otherwise>
      </operation>
      <operation name="call" value="setShareWS"/>
    </step>

    <step id="setName" name="Set name suggestion">
<!--       <operation name="filesystem">
        <webshare suggest="{$newShareName}" alias="newUniqueName"/>
      </operation> -->
      <operation name="filesystem">
        <webshare suggest="{$newShareName}" id="{$shareId}" alias="newUniqueName" exists="alreadyExists"/>
      </operation>
      <!-- <operation name="debug" value="{$alreadyExists}" /> -->

      <operation name="decision">
        <when test="'{$alreadyExists}' = 'true'">
          <alias name="headerTitle" value="get-label('is already shared')"/>
          <alias name="headerNameTitle" value="'{$newShareName}' {$headerTitle}"/>
          <operation name="callMethod" value="#WebShare">
            <method name="setTitle">
              <param type="string">{$headerNameTitle}</param>
            </method>
          </operation>
          <alias name="escNewUniqueName" value="escape-string({$newShareName})"/>
          <alias name="newUniqueName" value='={encodeURIComponent("{$escNewUniqueName}")}'/>
          <alias name="totalLink" value="{$system}{$user}{$destinationName}{$newUniqueName}"/>
          <alias name="url" value="{$system}{$user}{$destinationName}{$newUniqueName}"/>
          <operation name="callMethod" value="#WebShare#shareExample">
            <method name="setValue">
              <param type="string">{$url}</param>
            </method>
          </operation>
          <operation name="call" value="lastView"/>
        </when>
        <otherwise>

          <alias name="expandedTitle" value="getlabel('ShareAsDynamic', 'name:{$newShareName}')" model="value"/>
          <operation name="callMethod" value="#WebShare">
            <method name="setTitle">
              <param type="string">{$expandedTitle}</param>
            </method>
          </operation>
          <operation name="callMethod" value="#WebShare#inpUniqueName">
            <method name="setValue">
              <param type="string">{$newUniqueName}</param>
            </method>
          </operation>

          <alias name="escNewUniqueName" value="escape-string({$newUniqueName})"/>
          <alias name="newUniqueName" value='={encodeURIComponent("{$escNewUniqueName}")}'/>
          <alias name="isNameOk" value="yes"/>
          <operation name="decision">
            <when test="'{$shareContent}' = 'file'">
              <alias name="headerTitle" value="get-label('Create')"/>
              <alias name="headerNameTitle" value="{$headerTitle} WebShare '{$newShareName}'"/>
              <operation name="callMethod" value="#WebShare">
                <method name="setTitle">
                  <param type="string">{$headerNameTitle}</param>
                </method>
              </operation>
              <operation name="call" value="secView"/>
            </when>
          </operation>
        </otherwise>
      </operation>
    </step>

    <step id="displayURL">
      <alias name="totalLink" value="{$system}{$user}{$destinationName}{$newUniqueName}"/>
      <operation name="callMethod" value="#WebShare#lblWebshareURL">
        <method name="setValue">
          <param type="string">{$totalLink}</param>
        </method>
      </operation>
    </step>

    <step id="checkValid">
      <alias name="inpString" value="!"/>
      <alias name="escInpString" value="escape-string({$inpString})"/>
      <alias name="encEscInpString" value='={encodeURIComponent("{$escInpString}")}'/>

      <operation name="filesystem">
        <webshare suggest="{$inpString}" alias="newInpString"/>
      </operation>

      <operation name="decision">
        <when test="'{$inpString}' = '' or '{$inpString}' != '{$newInpString}' or contains('{$inpString}', '/') or contains('{$encEscInpString}', '%22')">
          <alias name="isNameOk" value="no"/>
          <operation name="callMethod" value="#WebShare#inpUniqueName">
            <method name="setBgColor">
              <param type="string">#fdd4d4</param>
            </method>
          </operation>
          <operation name="action" value="#WebShare">
            <component name="iconFail" action="show"/>
            <component name="buttonOk" action="disable"/>
          </operation>
          <operation name="decision">
            <when test="contains('{$inpString}', '/') or contains('{$encEscInpString}', '%22')">
              <alias name="errTitle" value="get-label('WebShareNotContain')"/>
            </when>
            <when test="'{$inpString}' = ''">
              <alias name="errTitle" value="get-label('folderEmptyName')"/>
            </when>
            <otherwise>
              <alias name="errTitle" value="get-label('errorNameInUse')"/>
            </otherwise>
          </operation>
          <operation name="callMethod" value="#WebShare#iconFail">
            <method name="setTitle">
              <param type="string">{$errTitle}</param>
            </method>
          </operation>
          <operation name="callMethod" value="#WebShare#inpUniqueName">
            <method name="setTitle">
              <param type="string">{$errTitle}</param>
            </method>
          </operation>
        </when>
        <otherwise>
          <alias name="isNameOk" value="yes"/>
          <operation name="callMethod" value="#WebShare#inpUniqueName">
            <method name="setBgColor">
              <param type="string">transparent</param>
            </method>
          </operation>
          <operation name="decision" value="$trigger">
            <when exists="true">
              <operation name="action" value="#WebShare">
                <component name="iconFail" action="hide"/>
              </operation>
              <operation name="decision">
                <when test="'{$usePassword}' = 'true'">
                  <operation name="call" value="checkPassword"/>
                </when>
                <otherwise>
                  <operation name="action" value="#WebShare">
                    <component name="buttonOk" action="enable"/>
                  </operation>
                </otherwise>
              </operation>
            </when>
            <otherwise>
              <operation name="action" value="#WebShare">
                <component name="iconFail" action="hide"/>
                <component name="buttonOk" action="disable"/>
              </operation>
            </otherwise>
          </operation>
          <operation name="callMethod" value="#WebShare#inpUniqueName">
            <method name="setTitle">
              <param type="string"></param>
            </method>
          </operation>
        </otherwise>
      </operation>
      <alias name="newUniqueName" value='={encodeURIComponent("{$escInpString}")}'/>
      <alias name="newShareName" value="$inpString"/>
      <operation name="call" value="displayURL"/>
    </step>

    <step id="checkPassword">
      <!-- <operation name="debug" value="show pass"/> -->

      <operation name="decision">
        <when test="'{#WebShare#inpPasswords}' != ''">
          <operation name="action" value="#WebShare">
            <component name="buttonOk" action="enable"/>
          </operation>
        </when>
        <otherwise>
          <operation name="action" value="#WebShare">
            <component name="buttonOk" action="disable"/>
          </operation>
        </otherwise>
      </operation>
    </step>

    <step id="showPassword">
      <operation name="action" value="#WebShare">
        <component name="passCont" action="show"/>
      </operation>
      <alias name="usePassword" value="true"/>
      <operation name="call" value="checkPassword"/>
    </step>

    <step id="hidePassword">
      <operation name="action" value="#WebShare">
        <component name="passCont" action="hide"/>
      </operation>
      <alias name="usePassword" value="false"/>
      <operation name="decision">
        <when test="'{$isNameOk}' = 'yes'">
          <operation name="action" value="#WebShare">
            <component name="buttonOk" action="enable"/>
          </operation>
        </when>
        <otherwise>
          <operation name="action" value="#WebShare">
            <component name="buttonOk" action="disable"/>
          </operation>
        </otherwise>
      </operation>
    </step>

    <step id="showBoxlist">
      <operation name="debug" value="show boxlist"/>

      <operation name="action" value="#WebShare">
        <component name="boxNameList" action="show"/>
        <component name="btnSendMail" action="show"/>
      </operation>
    </step>

    <step id="hideBoxlist">
      <operation name="action" value="#WebShare">
        <component name="boxNameList" action="hide"/>
        <component name="btnSendMail" action="hide"/>
      </operation>
    </step>

    <step id="doPublish">
      <operation name="call" value="publishInternet"/>
    </step>

    <step id="publishInternet" success="publishSuccess" error="publishError">
      <operation name="decision">
        <when test="'{#WebShare#chBoxPrivate}' = 'true'">
          <alias name="visibility" value="private"/>
        </when>
        <otherwise>
          <alias name="visibility" value="public"/>
        </otherwise>
      </operation>
      <alias name="description" value="#WebShare#textareaDesc"/>
      <!-- <operation name="debug" value=" Vilken webshare{$type}"/> -->

      <operation name="decision">
        <when test="'{$type}' = 'webshare'">
          <alias name="password" value="#WebShare#inpPasswordsecView"/>
          <alias name="access" value="read"/>
        </when>
        <when test="'{$type}' = 'webshare+'">
           <alias name="password" value="#WebShare#inpPasswords"/>
          <alias name="access" value="create"/>
        </when>
        <when test="'{$type}' = 'collaborate'">
          <alias name="access" value="update"/>
          <alias name="password" value="#WebShare#inpPasswords"/>
        </when>
        <otherwise>
          <alias name="access" value="read"/>
        </otherwise>
      </operation>
      <operation name="debug" value="{$newUniqueName}"/>

      <operation name="filesystem" value="$triggerOpen">
        <webshare name="{$newUniqueName}" alias="url">
          <password>{$password}</password>
          <visibility>private</visibility>
          <access>{$access}</access>
          <description>{$description}</description>
        </webshare>
      </operation>
      <alias name="access" value='={encodeURIComponent("{$url}")}'/>
      <alias name="encodedUrl" value='={encodeURIComponent("{$url}")}'/>
    </step>

    <step id="lastView">
      <operation name="action" value="#WebShare">
        <component name="buttonClose" action="show"/>
        <component name="buttonOk" action="hide"/>
        <component name="buttonCreate" action="hide"/>

        <component name="buttonCancel" action="hide"/>
        <component name="topContFirstView" action="hide"/>
        <component name="topContSecondView" action="hide"/>
        <component name="topContThirdView" action="show"/>
        <component name="btnCopyURL" action="show"/>
     
      </operation>
      <operation name="callMethod" value="#WebShare#shareExample">
        <method name="setValue">
          <param type="string">{$url}</param>
        </method>
      </operation>
      <operation name="call" value="openMailPanel"/>
    </step>
    
    <step id="secView">
      <operation name="action" value="#WebShare">
        <component name="buttonClose" action="show"/>
        <component name="buttonOk" action="hide"/>
        <component name="buttonCreate" action="show"/>
        <component name="buttonCancel" action="hide"/>
        <component name="topContFirstView" action="hide"/>
        <component name="topContSecondView" action="show"/>
        <component name="topContThirdView" action="hide"/>
        <component name="btnCopyURL" action="hide"/>
        <component name="inpPasswords" action="hide"/>
        <component name="lblPassword" action="hide"/>
      </operation>

      <!-- <operation name="debug" value=" Vilken webshare{$type}"/> -->

      <operation name="decision">
        <when test="'{$type}' = 'webshare+'">
          <operation name="callMethod" value="#WebShare#shareIcon">
            <method name="setValue">
              <param type="string">gui/icons/128x128/folder_webshareplus.png</param>
            </method>
          </operation>
        </when>
        <when test="'{$type}' = 'collaborate'">
          <operation name="callMethod" value="#WebShare#shareIcon">
            <method name="setValue">
              <param type="string">gui/icons/128x128/collaborate.png</param>
            </method>
          </operation>
        </when>
        <otherwise>
          <operation name="callMethod" value="#WebShare#shareIcon">
            <method name="setValue">
              <param type="string">xios/gui/icons/128x128/folder_webshare.png</param>
            </method>
          </operation>
        </otherwise>
      </operation>
      
    </step>

    <step id="publishSuccess">
      <operation name="call" value="lastView"/>
      <operation name="callMethod" value="#WebShare#lblURL">
        <method name="setValue">
          <param type="string">{$url}</param>
        </method>
      </operation>
      <operation name="callMethod" value="#WebShare">
        <method name="setTitle">
          <param type="string">Successfully published WebShare</param>
        </method>
      </operation>

      <operation name="decision">
        <when test="'{$password}' != ''">
          <operation name="action" value="#WebShare">
            <component name="lblSuccessPassword" action="show"/>
            <component name="lblSuccess" action="hide"/>
            <component name="imgShareAllLock" action="show"/>
            <component name="imgShareAll" action="hide"/>
          </operation>
        </when>
        <otherwise>
          <operation name="action" value="#WebShare">
            <component name="lblSuccessPassword" action="hide"/>
            <component name="lblSuccess" action="show"/>
            <component name="imgShareAllLock" action="hide"/>
            <component name="imgShareAll" action="show"/>
          </operation>
        </otherwise>
      </operation>
    </step>

    <step id="publishError">
      <operation name="call" value="lastView"/>
      <operation name="action" value="#WebShare">
        <component name="lblNoSuccess" action="show"/>
        <component name="pubContent" action="hide"/>
        <component name="pubContentError" action="show"/>
        <component name="panelShare" action="hide"/>
        <component name="btnSendMail" action="hide"/>
        <component name="btnShareTwitter" action="hide"/>
        <component name="btnCopyURL" action="hide"/>
        <component name="pubLinks" action="hide"/>
        <component name="pubErrorReason" action="show"/>
      </operation>
    </step>

    <step id="checkShareType">
      <operation name="decision" value="$sharedFiles">
        <when test="/atom:feed/atom:entry[substring-before(atom:content/@type, '/') != 'image']">
          <operation name="decision" value="$sharedFiles">
            <when test="/atom:feed/os:totalResults = '1'">
              <alias name="sharetype" value="file"/>
            </when>
            <otherwise>
              <alias name="sharetype" value="files"/>
            </otherwise>
          </operation>
        </when>
        <otherwise>
          <operation name="decision" value="$sharedFiles">
            <when test="/atom:feed/os:totalResults = '1'">
              <alias name="sharetype" value="photo"/>
            </when>
            <otherwise>
              <alias name="sharetype" value="folder"/>
            </otherwise>
          </operation>
        </otherwise>
      </operation>
      <alias name="countFiles" value="$sharedFiles#/atom:feed/os:totalResults"/>
    </step>

    <step id="checkShareInfo">
      <operation name="decision" value="$userEntry">
        <when test="/atom:feed/atom:entry/atom:author/atom:name != ''">
          <alias name="displayName" value="$userEntry#/atom:feed/atom:entry/atom:author/atom:name"/>
        </when>
        <otherwise>
          <alias name="displayName" value="$userSelf#/atom:feed/atom:entry/atom:title"/>
        </otherwise>
      </operation>
    </step>

    <step id="displayEmail" name="display choosen email adresses in textarea">
      <operation name="create" value="#eMails">
        <emails/>
      </operation>

      <operation name="foreach" value="#WebShare#boxNameList">
        <alias name="email" value="{!#dc:homemail}"/>
        <operation name="decision">
          <when test="'{$email}' = ''">
            <alias name="email" value="{!#dc:businessmail}"/>
          </when>
        </operation>
        <operation name="decision">
          <when test="'{$email}' != ''">
            <operation name="change" value="#eMails">
              <store select="/emails" type="append">
                <email use="true">{$email}</email>
              </store>
            </operation>
          </when>
        </operation>
      </operation>
      <alias name="mailAdressString" value=""/>
      <operation name="foreach" value="#eMails#/emails/email[@use = 'true']">
        <alias name="mailAdress" value="{!}"/>
        <alias name="mailAdressString" value="{$mailAdressString}{$mailAdress}\n"/>
      </operation>

      <operation name="callMethod" value="#WebShare#textareaEmail">
        <method name="setValue">
          <param type="string">{$mailAdressString}</param>
        </method>
      </operation>
    </step>

    <step id="openShare" name="open share in external browser">
      <operation name="open" value="{$url}">
        <browser name="viewShare" secure="false" width="800" height="600" features="status=yes,toolbar=yes,location=yes,resizable=yes,scrollbars=yes"/>
      </operation>
    </step>
    <step id="openExampleShare" name="open share in external browser">
      <operation name="open" value="https://my.cloudme.com/fallingwhistles/fallingwhistles">
        <browser name="viewShare" secure="false" width="800" height="600" features="status=yes,toolbar=yes,location=yes,resizable=yes,scrollbars=yes"/>
      </operation>
    </step>

    <step id="setShareWS" name="Set share as a webshare">
      <alias name="type" value="webshare"/>
      <alias name="usePassword" value="false"/>

      <operation name="action" value="#WebShare">
        <component name="collaborateFakeBg" action="hide"/>
        <component name="inpPasswords" action="hide"/>
        <component name="lblPassword" action="hide"/>
        <component name="clickImageFakeCollab" action="show"/>
        <component name="clickImageFakeWSP" action="show"/>
        <component name="WSPFakeBg" action="hide"/>
        <component name="clickImageFakeWS" action="hide"/>
        <component name="WSFakeBg" action="show"/>
        <component name="inpPasswordsecView" action="show"/>
        <component name="lblPasswordSecView" action="show"/>
        <component name="chBoxPrivate" action="show"/>
      </operation>
      <operation name="action" value="#WebShare">
        <component name="buttonOk" action="enable"/>
      </operation>
    </step>

    <step id="setShareWSPlus" name="Set share as a webshareplus">
      <alias name="type" value="webshare+"/>
      <alias name="usePassword" value="true"/>

      <operation name="action" value="#WebShare">
        <component name="collaborateFakeBg" action="hide"/>
        <component name="inpPasswords" action="show"/>
        <component name="lblPassword" action="show"/>
        <component name="clickImageFakeCollab" action="show"/>
        <component name="inpPasswordsecView" action="hide"/>
        <component name="lblPasswordSecView" action="hide"/>
        <component name="chBoxPrivate" action="hide"/>

        <component name="clickImageFakeWSP" action="hide"/>
        <component name="WSPFakeBg" action="show"/>

        <component name="clickImageFakeWS" action="show"/>
        <component name="WSFakeBg" action="hide"/>

        <component name="buttonOk" action="disable"/>
      </operation>
    </step>

    <step id="setShareCb" name="Set share as a collaboration">
      <alias name="type" value="collaborate"/>
      <alias name="usePassword" value="true"/>

      <operation name="action" value="#WebShare">
        <component name="collaborateFakeBg" action="show"/>
        <component name="inpPasswords" action="show"/>
        <component name="lblPassword" action="show"/>
        <component name="clickImageFakeCollab" action="hide"/>
        <component name="inpPasswordsecView" action="hide"/>
        <component name="lblPasswordSecView" action="hide"/>
        <component name="chBoxPrivate" action="hide"/>
        <component name="clickImageFakeWSP" action="show"/>
        <component name="WSPFakeBg" action="hide"/>

        <component name="clickImageFakeWS" action="show"/>
        <component name="WSFakeBg" action="hide"/>

        <component name="buttonOk" action="disable"/>
      </operation>
    </step>

    <step id="checkCollabPass">
     <alias name="collabPass" value="{#Webshare#inpCollPasswords}" model="value"/>
      <operation name="decision">
          <when test="'{$collabPass}' != ''">
            <operation name="action" value="#WebShare">
              <component name="buttonOk" action="enable"/>
            </operation>
          </when>
          <otherwise>
            <operation name="action" value="#WebShare">
              <component name="buttonOk" action="disable"/>
            </operation>
          </otherwise>
      </operation>
    </step>
    <step id="checkWSPPass">
     <alias name="WSPPass" value="{#Webshare#inpWSPPasswords}" model="value"/>
      <operation name="decision">
          <when test="'{$WSPPass}' != ''">
            <operation name="action" value="#WebShare">
              <component name="buttonOk" action="enable"/>
            </operation>
          </when>
          <otherwise>
            <operation name="action" value="#WebShare">
              <component name="buttonOk" action="disable"/>
            </operation>
          </otherwise>
      </operation>
    </step>

    <step id="shareFacebook" name="open facebook in external browser">
      <operation name="action" value="#WebShare">
        <component name="panelTwitterShare" action="hide"/>
        <component name="panelFacebookShare" action="show"/>
        <component name="panelMailShare" action="hide"/>
        <component name="twLink" action="hide"/>
        <component name="btnShareTwitter" action="hide"/>
        <component name="btnSendMail" action="hide"/>
        <component name="lblEmailed" action="hide"/>
      </operation>
      <operation name="callMethod" value="#WebShare#chBoxTwitter">
        <method name="toggle">
          <param type="string"></param>
        </method>
      </operation>
      <operation name="callMethod" value="#WebShare#chBoxMail">
        <method name="toggle">
          <param type="string"></param>
        </method>
      </operation>
      
      <operation name="action" value="#WebShare">
        <component name="fbLink" action="show"/>
      </operation>
      <alias name="encodedText" value='={encodeURIComponent("{$displayName} shared {$countFiles} {$shareContent} on cloudme.com")}'/>
      <operation name="open" value="https://www.facebook.com/sharer.php?u={$encodedUrl}&amp;t={$encodedText}">
        <browser name="fbPost" secure="false" width="600" height="300" features="status=no,toolbar=no,location=no,resizable=yes,scrollbars=yes,left=5,top=5"/>
      </operation>
    </step>

    <step id="openTwitterPanel" name="open twitter in external browser">
      <operation name="call" value="checkShareInfo"/>

      <operation name="callMethod" value="#WebShare#textareaTweet">
        <method name="setValue">
          <param type="string">Just shared an {$shareContent} using @CloudMe_com {$url}</param>
        </method>
      </operation>
      <operation name="action" value="#WebShare">
        <component name="panelTwitterShare" action="show"/>
        <component name="panelFacebookShare" action="hide"/>
        <component name="panelMailShare" action="hide"/>
        <component name="fbLink" action="hide"/>
        <component name="btnShareTwitter" action="show"/>
        <component name="btnSendMail" action="hide"/>
        <component name="lblEmailed" action="hide"/>
        <component name="textareaTweet" action="show"/>
      </operation>
      <operation name="callMethod" value="#WebShare#chBoxFacebook">
        <method name="toggle">
          <param type="string"></param>
        </method>
      </operation>
      <operation name="callMethod" value="#WebShare#chBoxMail">
        <method name="toggle">
          <param type="string"></param>
        </method>
      </operation>
    </step>

    <step id="shareTwitter" name="share it twitter in external browser">
      <operation name="action" value="#WebShare">
        <component name="twLink" action="show"/>
        <component name="btnShareTwitter" action="hide"/>
        <component name="textareaTweet" action="hide"/>

      </operation>
      <alias name="tweetmess" value="#WebShare#textareaTweet"/>
      <!-- <operation name="debug" value="{$tweetmess}"/> -->

      <operation name="open" value="https://www.twitter.com/intent/tweet?text={$tweetmess}">
        <browser name="twPost" secure="false" width="600" height="300" features="status=no,toolbar=no,location=no,resizable=yes,scrollbars=yes,left=50,top=50"/>
      </operation>
      <operation name="action" value="#WebShare">
        <!-- <component name="twLink" action="hide"/> -->
      </operation>
    </step>

    <step id="openMailPanel" name="open twitter in external browser">
      <operation name="action" value="#WebShare">
        <component name="panelTwitterShare" action="hide"/>
        <component name="panelFacebookShare" action="hide"/>
        <component name="panelMailShare" action="show"/>
        <component name="fbLink" action="hide"/>
        <component name="twLink" action="hide"/>
        <component name="btnSendMail" action="show"/>
        <component name="btnShareTwitter" action="hide"/>
        <component name="lblEmailed" action="hide"/>
        <component name="boxNameList" action="show"/>
        <component name="textareaMessage" action="show"/>

      </operation>
      <operation name="callMethod" value="#WebShare#chBoxFacebook">
        <method name="toggle">
          <param type="string"></param>
        </method>
      </operation>
      <operation name="callMethod" value="#WebShare#chBoxTwitter">
        <method name="toggle">
          <param type="string"></param>
        </method>
      </operation>
      <operation name="call" value="checkShareInfo"/>
    </step>

    <step id="shareMail" name="share to mail">
      <operation name="action" value="#WebShare">
        <component name="lblEmailed" action="show"/>
        <component name="textareaEmail" action="show"/>
        <component name="btnSendMail" action="hide"/>
        <component name="boxNameList" action="hide"/>
        <component name="textareaMessage" action="hide"/>
      </operation>
      <!-- <operation name="debug" value="asdasd {$emailMessage}"/> -->

      <operation name="call" value="displayEmail"/>
      <operation name="decision">
        <when test="'{$password}' != ''">
          <alias name="pwString" value=" and chose to password protect the content. &lt;br/&gt;Use password: {$password}&lt;br/&gt;"/>
        </when>
        <otherwise>
          <alias name="pwString" value=""/>
        </otherwise>
      </operation>
      <alias name="emailMessage" value="#WebShare#textareaMessage"/>
      <!-- <operation name="debug" value="asdasdasd {$emailMessage}"/> -->
      <operation name="mail">
        <send success="" failure="">
          <header subject="{$displayName} shared an {$shareContent} using CloudMe" priority="3">
            <from name="{$user}">{$user}@cloudme.com</from>
            <reply-to name="{$user}">{$user}@cloudme.com</reply-to>
            <to>{xml(#WebShare#boxNameList#/atom:feed)}</to>
            <cc></cc>
          </header>
          <body type="html">
            &lt;html&gt;&lt;body&gt;
            &lt;p&gt;From {$displayName} &lt;br/&gt;&lt;br/&gt; "{$emailMessage}"&lt;br/&gt;&lt;br/&gt;Shared a {$shareContent} using CloudMe{$pwString}&lt;br/&gt; &lt;A href="{$url}"&gt;Click here&lt;/A&gt; to view the {$shareContent}.&lt;/p&gt;
            &lt;p&gt;&lt;br/&gt;The CloudMe Team&lt;/p&gt;
            &lt;/body&gt;&lt;/html&gt;
          </body>
          <attachments></attachments>
        </send>
      </operation>

    </step>

    <step id="fbClosed">
      <operation name="action" value="#WebShare">
        <component name="imgFbProg" action="hide"/>
        <component name="imgFbCheck" action="show"/>
      </operation>
    </step>

    <step id="twClosed">
      <operation name="action" value="#WebShare">
        <component name="imgTwProg" action="hide"/>
        <component name="imgTwCheck" action="show"/>
      </operation>
    </step>
    
    <step id="cmCopyToClipboard">
      <alias name="content" value="{$url}"/>
      <operation name="system">
        <copyToClipboard>{$content}</copyToClipboard>
      </operation>
    </step>

    <step id="closed">
      <alias name="mainViewClose" value="true" model="value"/>
      <alias name="trig" value="#ProcessManager" model="define">
        <selection>
          <item select="/processes/process[@name = 'WebShare Process']"/>
        </selection>
      </alias>
      <operation name="close" value="$trig">
        <mode>process</mode>
      </operation>
      <operation name="close" value="xios/apps/system/webShare.xml">
        <mode>document</mode>
      </operation>
    </step>

    <step id="closeView">
      <operation name="close" value="WebShare"/>
    </step>
  </process>
</application>
