<?xml version="1.0"?>
<!-- Events handled directly by GUI_View --><view xmlns:l="http://xios3.com/lang" name="TitleMenu" title="Global context menu for widgets" revised="2008-10-25" created="2007-12-27" author="Daniel Arthursson">
  <menu name="titleMenu" text="Widget" caption="true">
    <menu name="titleOpacity" text="Transparency" l:text="Transparency">
      <item name="opacity100" text="None" value="100" l:text="None"/>
      <divider/>
      <item name="opacity80" text="20%" value="80"/>
      <item name="opacity70" text="30%" value="70"/>
      <item name="opacity60" text="40%" value="60"/>
      <item name="opacity40" text="60%" value="40"/>
      <item name="opacity20" text="80%" value="20"/>
    </menu>
    <divider/>
    <item name="widgetMenu" text="Options" inlinemenu="menu" l:text="Widget Options"/>
    <item name="widgetAttach" icon="icon://arrow_right" text="Attach" title="Attach to Sidebar" l:text="Attach_sidebar" l:title="Attach to Sidebar"/>
    <item name="widgetDetach" icon="icon://arrow_left" text="Detach" title="Detach from Sidebar" l:text="Detach" l:title="Detach from Sidebar"/>
    <item name="AlwaysOnTop" text="Always On Top" title="Always on top of other views and widgets" l:text="Always On Top" l:title="alwaysTopViews"/>
    <item name="NotAlwaysOnTop" icon="icon://check" text="Always On Top" title="Always on top of other views and widgets" l:text="Always On Top" l:title="alwaysTopViews"/>
    <item name="widgetClose" icon="icon://delete" text="Remove" hotkeytext="Ctrl+Shift+Q" l:text="Remove"/>
    <divider/>
    <item name="widgetProperties" icon="icon://checkbox" text="Properties..." l:text="Properties..."/>
  </menu>
</view>
