<component name="Accordion" tag="accordion" group="Navigation" icon="xide/img/16x16/accordion.png">
	<actions>
		<action name="hide"/>
		<action name="show"/>
	</actions>
	<methods>
		<method name="getValue"/>
		<method name="setValue"/>
	</methods>
	<events>
		<event name="Select"/>
		<event name="Init"/>
	</events>
	<template>
		<accordion name="accordion" width="150" height="100%">
			<panel name="panel1" type="row" look="white" selected="true" title="Panel 1" padding="5" height="100%" width="100%" icon="xios/icons/applications/24x24/folder.png"></panel>
			<panel name="panel2" type="row" look="white" title="Panel 2" padding="5" height="100%" width="100%" icon="xios/icons/applications/24x24/folder.png"></panel>
			<panel name="panel3" type="row" look="white" title="Panel 3" padding="5" height="100%" width="100%" icon="xios/icons/applications/24x24/folder.png"></panel>
		</accordion>
	</template>
	<documentation>
		<description>Creates vertical sliding panels like an accordion</description>
		<attributes>
			<attribute name="name" type="string" value="" default="">
				<description>Name of the Tabstrip / Tab</description>
			</attribute>
			<attribute name="style" type="string" value="" default="">
				<description>Edits the appearance by style code</description>
			</attribute>
			<attribute name="width" type="numerical" value="" default="">
				<description>Sets the width for over ruling the default size</description>
			</attribute>
			<attribute name="height" type="numerical" value="" default="">
				<description>Sets the height for over ruling the default size</description>
			</attribute>
			<attribute locale="true" name="label" type="string" value="" default="">
				<description>The label text</description>
			</attribute>
			<attribute name="lstyle" type="string" value="" default="">
				<description>The style of label attribute</description>
			</attribute>
			<attribute locale="true" name="title" type="string" value="" default="">
				<description>The tool-tip of the component</description>
			</attribute>
			<attribute name="value" type="string" value="" default="">
				<description>Name of preselected panel</description>
			</attribute>
			<attribute name="windowdrag" type="boolean" value="" default="true">
				<description> If the application window should be dragged when the component is dragged </description>
			</attribute>
		</attributes>
	</documentation>
</component>
