<component name="Action Group" tag="action" group="" icon="xide/img/Group.png">
	<template>
		<action name="editGroup">
			<component>mEdit</component>
			<component>tViewStandard</component>
		</action>
	</template>
	<documentation>
		<description>This component is used to group components with similar functionality together, for instance the edit item in a menu with an edit button in a toolbar. This makes is possible for the process developer to only listen and operate on one single component, the action group.</description>
		<attributes>
			<attribute name="name" type="string" value="" default="">
				<description>Name of the Group</description>
			</attribute>
			<attribute name="windowdrag" type="boolean" value="" default="true">
				<description> If the application window should be dragged when the component is dragged </description>
			</attribute>
		</attributes>
	</documentation>
</component>
