<component name="apps/designer" tag="apps/designer" group="">
	<events>
		<event name="Select"/>
		<event name="ContextMenu"/>
	</events>
	<template>
		<designer name="apps/designer" edit="true" mode="normal" width="100%" height="100%"/>
	</template>
	<documentation>
		<description>The component creates an environment / tool for application creation</description>
		<attributes>
			<attribute name="name" type="string" value="" default="">
				<description>Name of the designer component</description>
			</attribute>
			<attribute locale="true" name="header" type="string" value="" default="">
				<description>Displays the entered text as a header for the complete designer field</description>
			</attribute>
			<attribute name="edit" type="boolean" value="" default="">
				<description>Should the designer be editable or for viewing only?</description>
			</attribute>
			<attribute name="mode" type="string" value="" default="">
				<description>Use designer for designing applications or menus</description>
				<restrictions>
					<item>normal</item>
					<item>menu</item>
				</restrictions>
			</attribute>
			<attribute name="width" type="numerical" value="" default="">
				<description>Width of designer</description>
			</attribute>
			<attribute name="height" type="numerical" value="" default="">
				<description>Height of designer</description>
			</attribute>
			<attribute name="windowdrag" type="boolean" value="" default="true">
				<description> If the application window should be dragged when the component is dragged </description>
			</attribute>
		</attributes>
	</documentation>
</component>
