<component name="Box list" tag="boxlist" group="Selectors" icon="xide/img/16x16/combobox.png">
	<events>
		<event name="Select"/>
		<event name="Focus"/>
		<event name="Change"/>
	</events>
	<template>
		<boxlist name="boxlist" showall="true" xplateonly="true" icon="xios/icons/objects/16x16/user1_add.png" height="70" width="100%" xsingleselect="false" look="graphite" autoclear="false" verifymailaddress="false" title="Select friend" style="margin-bottom:4px;">
			<identity users="false" header="Share With" friends="true" multiselect="true" contacts="false" showmail="false" showallmail="false" groups="false" name="friendsPlate" height="400"/>
		</boxlist>
	</template>
	<documentation>
		<description>The component creates a Boxlist, containing an identity plate</description>
		<attributes>
			<attribute name="name" type="string" value="" default="">
				<description>Name of the boxlist</description>
			</attribute>
			<attribute name="showall" type="boolean" value="true" default="">
				<description>Display all items without search</description>
			</attribute>
			<attribute name="icon" type="icon" value="" default="">
				<description>The icon</description>
			</attribute>
			<attribute name="height" type="string" value="" default="">
				<description>The height</description>
			</attribute>
			<attribute name="width" type="string" value="" default="">
				<description>The width</description>
			</attribute>
			<attribute name="label" type="string" value="true" default="">
				<description>the label</description>
			</attribute>
			<attribute name="hide" type="boolean" value="" default="false">
				<description>Decides if the component should be hidden when initially loaded.</description>
			</attribute>
		</attributes>
	</documentation>
</component>
