<component name="Breadcrumbs" tag="breadcrumbs" group="" icon="xios/icons/development/16x16/shape_rectangle.png">
	<actions>
	</actions>
	<methods>
		<method name="setSelection"/>
		<method name="setValue"/>
		<method name="getSelection"/>
		<method name="update"/>
	</methods>
	<events>
		<event name="Select"/>
	</events>
	<template>
		<breadcrumbs look="default" name="breadcrumbs" width="100" height="100">
			<rule match="" display=""/>
		</breadcrumbs>
	</template>
	<documentation>
		<description>Lays a breadcrumb trail for easy and fast navigation in hierarchy structures</description>
		<attributes>
			<attribute name="name" type="string" value="" default="">
				<description>Name of the component</description>
			</attribute>
			<attribute name="look" type="string" value="" default="default">
				<description>Graphical loook of the component</description>
				<restrictions>
					<item>default</item>
				</restrictions>
			</attribute>
			<attribute name="width" type="numerical" value="px" default="">
				<description>Sets the width for over ruling the default size</description>
			</attribute>
			<attribute name="height" type="numerical" value="px" default="">
				<description>Sets the height for over ruling the default size</description>
			</attribute>
			<attribute name="maxChars" type="numerical" value="" default="-1">
				<description>Sets the maximum number of characters a crumb can use (use to minimize width)</description>
			</attribute>
			<attribute name="defaultValue" type="string" value="" default="">
				<description>States what to show if the value is empty (e.g must-have in folders.xml where the root node got no name)</description>
			</attribute>
		</attributes>
	</documentation>
</component>
