<component name="Browser" tag="browser" group="System" icon="xios/icons/network/16x16/environment.png">
	<actions>
		<action name="hide"/>
		<action name="show"/>
	</actions>
	<methods>
		<method name="getValue"/>
		<method name="setValue"/>
	</methods>
	<events>
		<event name="Completed"/>
		<event name="Loading"/>
	</events>
	<template>
		<browser name="browser" width="100%" height="100%"/>
	</template>
	<documentation>
		<description>The component creates a Web Browser for browsing information through the hyper text transfer protocol</description>
		<attributes>
			<attribute name="name" type="string" value="" default="">
				<description>Name of the Browser component</description>
			</attribute>
			<attribute name="href" type="string" value="" default="">
				<description>Hyper link path. (http://...)</description>
			</attribute>
			<attribute name="width" type="numerical" value="" default="">
				<description>Sets the width for over ruling the default size</description>
			</attribute>
			<attribute name="height" type="numerical" value="" default="">
				<description>Sets the height for over ruling the default size</description>
			</attribute>
			<attribute name="value" type="string" value="" default="">
				<description>Hyper link path. (http://...)</description>
			</attribute>
			<attribute name="windowdrag" type="boolean" value="" default="true">
				<description> If the application window should be dragged when the component is dragged </description>
			</attribute>
			<attribute locale="true" name="label" type="string" value="" default="">
				<description>Labels the component</description>
			</attribute>
		</attributes>
	</documentation>
</component>
