<component name="Button" tag="button" group="Selectors" icon="xide/img/16x16/button.png">
	<actions>
		<action name="enable"/>
		<action name="disable"/>
		<action name="hide"/>
		<action name="select"/>
		<action name="show"/>
	</actions>
	<methods>
		<method name="setValue"/>
	</methods>
	<events>
		<event name="Select"/>
	</events>
	<template>
		<button name="button" text="New Button" width="80"/>
	</template>
	<documentation>
		<description>The component creates Button to used for commanding the system to exectute something</description>
		<attributes>
			<attribute name="name" type="string" value="" default="">
				<description>Name of the Button</description>
			</attribute>
			<attribute name="default" type="boolean" value="" default="">
				<description>Set to 'true' the button is selected by default and executes when the user press 'Enter'</description>
			</attribute>
			<attribute locale="true" name="text" type="string" value="" default="">
				<description>Text label on the button</description>
			</attribute>
			<attribute name="width" type="numerical" value="" default="">
				<description>Sets the width for over ruling the default size</description>
			</attribute>
			<attribute name="type" type="string" value="" default="">
				<description>A button typed to 'do' gets a small arrow pointing to the right and symbolizes that the button takes the user forward. 'Revert' makes the opposite.</description>
				<restrictions>
					<item value="">none</item>
					<item>do</item>
					<item>revert</item>
				</restrictions>
			</attribute>
			<attribute locale="true" name="label" type="string" value="" default="">
				<description>Labels the component</description>
			</attribute>
			<attribute locale="true" name="title" type="string" value="" default="">
				<description>Shows a tooltip when hovering the component</description>
			</attribute>
			<attribute name="hide" type="boolean" value="" default="false">
				<description>Defines if the component should be hidden upon start up</description>
			</attribute>
			<attribute name="windowdrag" type="boolean" value="" default="true">
				<description> If the application window should be dragged when the component is dragged </description>
			</attribute>
			<attribute name="btstyle" type="string" value="" default="">
				<description>Overrides the default textlabel style</description>
			</attribute>
		</attributes>
	</documentation>
</component>
