<component name="Button Box" tag="buttonbox" group="Selectors" icon="xide/img/16x16/buttonbox.png">
	<actions>
		<action name="enable"/>
		<action name="disable"/>
		<action name="hide"/>
		<action name="select"/>
		<action name="show"/>
	</actions>
	<methods>
		<method name="getValue"/>
		<method name="release"/>
		<method name="setIcon"/>
	</methods>
	<events>
		<event name="Select"/>
		<event name="Release"/>
		<event name="ContextMenu"/>
		<event name="Hover"/>
	</events>
	<template>
		<buttonbox name="buttonBox" text="Button" icon="xios/icons/objects/24x24/brush1.png"/>
	</template>
	<documentation>
		<description>The component creates a buttonbox that can be placed in a toolbar</description>
		<attributes>
			<attribute name="name" type="string" value="" default="">
				<description>Name of the Button box</description>
			</attribute>
			<attribute locale="true" name="title" type="string" value="" default="">
				<description>Tool-tip text</description>
			</attribute>
			<attribute locale="true" name="text" type="string" value="" default="">
				<description>Text describing the function of the Button box</description>
			</attribute>
			<attribute name="value" type="string" value="" default="">
				<description>Trigger value for button, if data is equal to the trigger, the button will be selected</description>
			</attribute>
			<attribute name="selected" type="boolean" value="" default="">
				<description>Indicates if the Button box is selected (true) or not (false)</description>
			</attribute>
			<attribute name="submenu" type="string" value="" default="">
				<description>Reference to submenu to open when selected</description>
			</attribute>
			<attribute name="style" type="string" value="" default="">
				<description>Edits the appearance by style code</description>
			</attribute>
			<attribute name="mode" type="string" value="" default="">
				<description></description>
				<restrictions>
					<item value="">none</item>
					<item>toggle</item>
					<item>rebound</item>
				</restrictions>
			</attribute>
			<attribute name="icon" type="icon" value="" default="">
				<description>Path to icon to show in the Button box</description>
			</attribute>
			<attribute name="disabledIcon" type="icon" value="" default="">
				<description>Path to icon to show when buttonbox is in a disabled state ... used to override built-in disabling functionality</description>
			</attribute>
			<attribute name="windowdrag" type="boolean" value="" default="true">
				<description> If the application window should be dragged when the component is dragged </description>
			</attribute>
		</attributes>
	</documentation>
</component>
