<component name="Calendar" tag="calendar" group="Selectors" icon="xios/icons/business/16x16/calendar.png">
	<actions>
		<action name="enable"/>
		<action name="disable"/>
	</actions>
	<methods>
		<method name="appointmentColor"/>
		<method name="changeInterval"/>
		<method name="getEndDate"/>
		<method name="getEndTime"/>
		<method name="getPaste"/>
		<method name="getSelection"/>
		<method name="getStartDate"/>
		<method name="getStartTime"/>
		<method name="setRange"/>
		<method name="seType"/>
		<method name="setWeekStartDay"/>
	</methods>
	<events>
		<event name="Select"/>
		<event name="DateTime"/>
		<event name="ContextMenu"/>
		<event name="DoubleClick"/>
		<event name="Release"/>
		<event name="Menu"/>
		<event name="Return"/>
		<event name="Drop"/>
	</events>
	<template>
		<calendar name="Calendar" type="5week" width="100%" startTime="06" endTime="22"/>
	</template>
	<documentation>
		<description>The component creates a calendar showing 5 or 7 days per week</description>
		<attributes>
			<attribute name="name" type="string" value="" default="">
				<description>Name of the Calendar component</description>
			</attribute>
			<attribute name="type" type="string" value="" default="">
				<description>To display 5 or 7 days per week</description>
				<restrictions>
					<item>day</item>
					<item>5week</item>
					<item>7week</item>
					<item>month</item>
				</restrictions>
			</attribute>
			<attribute name="width" type="numerical" value="" default="">
				<description>Sets the width for over ruling the default size</description>
			</attribute>
			<attribute name="height" type="numerical" value="" default="">
				<description>Sets the height for over ruling the default size</description>
			</attribute>
			<attribute name="startTime" type="string" value="" default="06">
				<description>Sets the start time for the calendar view</description>
			</attribute>
			<attribute name="endTime" type="string" value="" default="20">
				<description>Sets the end time for the calendar view</description>
			</attribute>
			<attribute name="storeformat" type="string" value="" default="">
				<description>Sets the date format to store in xml binding</description>
			</attribute>
			<attribute name="interval" type="numerical" value="" default="">
				<description>Sets the time interval that an hour should be divided to when displayed</description>
			</attribute>
			<attribute name="windowdrag" type="boolean" value="" default="true">
				<description> If the application window should be dragged when the component is dragged </description>
			</attribute>
		</attributes>
	</documentation>
</component>
