<component name="Chart" tag="chart" group="Presentation" icon="xide/img/Chart.png">
	<template>
		<chart name="chart" width="100%" height="100%"/>
	</template>
	<documentation>
		<description>The component creates a Chart for presenting information</description>
		<attributes>
			<attribute name="name" type="string" value="" default="">
				<description>Name of the Chart</description>
			</attribute>
			<attribute name="charttype" type="string" value="" default="">
				<description>Defines if the grid should employ a selection model</description>
				<restrictions>
					<item>piechart</item>
					<item>barchart</item>
				</restrictions>
			</attribute>
			<!--<attribute name="chartgrid" type="boolean" value="" default="">
          <description>Turns grid lines on inside the chart</description>
        </attribute>-->
			<attribute name="width" type="numerical" value="" default="">
				<description>Sets the width for over ruling the default size</description>
			</attribute>
			<attribute name="height" type="numerical" value="" default="">
				<description>Sets the height for over ruling the default size</description>
			</attribute>
			<attribute name="windowdrag" type="boolean" value="" default="true">
				<description> If the application window should be dragged when the component is dragged </description>
			</attribute>
		</attributes>
	</documentation>
</component>
