<component name="Check Box" tag="checkbox" group="Selectors" icon="xide/img/CheckBox.png">
	<actions>
		<action name="disable"/>
		<action name="enable"/>
		<action name="hide"/>
		<action name="show"/>
	</actions>
	<methods>
		<method name="getValue"/>
		<method name="setValue"/>
	</methods>
	<events>
		<event name="Select"/>
		<event name="Release"/>
	</events>
	<template>
		<checkbox name="checkbox" postLabel="Checkbox Label" default="true"/>
	</template>
	<documentation>
		<attributes>
			<description>The component creates a Check box, a clickable box for selecting the information that the Check box represents (the Label attribute)</description>
			<attribute name="enabled" type="boolean" value="" default="">
				<description>Set to false to disable component</description>
			</attribute>
			<attribute name="name" type="string" value="" default="">
				<description>Name of the Check box</description>
			</attribute>
			<attribute name="default" type="string" value="" default="">
				<description>The default value pairs to trigger the checkbox on (if not specified, it is set to 'false/true')</description>
				<restrictions>
					<item value="false">false/true</item>
					<item value="off">on/off</item>
					<item value="0">0/1</item>
				</restrictions>
			</attribute>
			<attribute name="look" type="string" value="" default="">
				<description>Look of text label</description>
				<restrictions>
					<item value="">default</item>
					<item value="bold">bold</item>
					<item value="white">white</item>
					<item value="boldwhite">boldwhite</item>
				</restrictions>
			</attribute>
			<attribute locale="true" name="preLabel" type="string" value="" default="">
				<description>Text label placed infront of the Check box</description>
			</attribute>
			<attribute locale="true" name="postLabel" type="string" value="" default="">
				<description>Text label placed after the Check box</description>
			</attribute>
			<attribute locale="true" name="label" type="string" value="" default="">
				<description>Labels the component</description>
			</attribute>
			<attribute name="style" type="string" value="" default="">
				<description>Edits the appearance by style code</description>
			</attribute>
			<attribute name="checked" type="boolean" value="" default="">
				<description>Indicates if the Check box is checked (=true)</description>
			</attribute>
			<attribute locale="true" name="title" type="string" value="" default="">
				<description>Shows a tooltip when hovering the component</description>
			</attribute>
			<attribute name="selected" type="boolean" value="" default="">
				<description>Indicates if the Check box is checked (=true)</description>
			</attribute>
			<attribute name="hide" type="boolean" value="" default="false">
				<description>Defines if the component should be hidden upon start up</description>
			</attribute>
			<attribute name="windowdrag" type="boolean" value="" default="true">
				<description> If the application window should be dragged when the component is dragged </description>
			</attribute>
		</attributes>
	</documentation>
</component>
