<component name="Clock" tag="clock" group="Selectors" icon="xios/icons/objects/16x16/clock.png">
	<actions>
		<action name="hide"/>
		<action name="show"/>
	</actions>
	<methods>
		<method name="checkNote"/>
		<method name="getDateValue"/>
		<method name="getValue"/>
		<method name="setSkin"/>
	</methods>
	<events>
		<event name="Select"/>
	</events>
	<template>
		<clock name="clock" mode="analog" calendar="false" calendars="1" href="apps/widgets/layout/cal_aqua.xsl"/>
	</template>
	<documentation>
		<description>The component creates a graphical clock showing time, date, namesday and a monthly calender</description>
		<attributes>
			<attribute name="name" type="string" value="" default="">
				<description>Name of the Clock component</description>
			</attribute>
			<attribute name="date" type="boolean" value="" default="">
				<description>Shows todays date if set to true</description>
			</attribute>
			<attribute name="summer" type="boolean" value="" default="">
				<description>Compensate for summer time?</description>
			</attribute>
			<attribute name="namesday" type="boolean" value="" default="">
				<description>Shows todays namesday if set to true</description>
			</attribute>
			<attribute name="worldtime" type="boolean" value="" default="">
				<description>Shows a worldclock</description>
			</attribute>
			<attribute name="calendar" type="boolean" value="" default="">
				<description>Shows a monthly calendar if set to true</description>
			</attribute>
			<attribute name="calendars" type="numerical" value="" default="">
				<description>Specifies how many calendar months to show if calendar is set to true (default is 1)</description>
			</attribute>
			<attribute name="selectdate" type="boolean" value="" default="">
				<description>Enable selection of dates by clicking on calendar</description>
			</attribute>
			<attribute name="href" type="string" value="" default="">
				<description>Changes the default renderer for displaying a calendar (optional)</description>
			</attribute>
			<attribute name="mode" type="string" value="" default="">
				<description>Shows an analog clock if set to 'analog', otherwise the time is shown in digital format</description>
				<restrictions>
					<item value="">none</item>
					<item>digital</item>
					<item>analog</item>
				</restrictions>
			</attribute>
			<attribute name="style" type="string" value="" default="">
				<description>Edits the appearence by style code</description>
			</attribute>
			<attribute name="width" type="numerical" value="" default="">
				<description>Sets the width for over ruling the default size</description>
			</attribute>
			<attribute name="height" type="numerical" value="" default="">
				<description>Sets the height for over ruling the default size</description>
			</attribute>
			<attribute name="xyscale" type="numerical" value="" default="">
				<description>scales the clock (percent)</description>
			</attribute>
			<attribute locale="true" name="label" type="string" value="" default="">
				<description>Labels the component</description>
			</attribute>
			<attribute name="shared" type="boolean" value="" default="false">
				<description>Defines if it should share the global system calendar instead of creating a new instance</description>
			</attribute>
			<attribute name="windowdrag" type="boolean" value="" default="true">
				<description> If the application window should be dragged when the component is dragged </description>
			</attribute>
		</attributes>
	</documentation>
</component>
