<component name="Code Editor" tag="codeeditor" group="" icon="">
	<actions>
	</actions>
	<methods>
		<method name="getSelectionValue"/>
		<method name="setEditableMode"/>
		<method name="haveSelection"/>
		<method name="executeCommand"/>
		<method name="search"/>
		<method name="searchAndReplace"/>
		<method name="prettyPrint"/>
		<method name="takeEnter"/>
		<method name="releaseEnter"/>
	</methods>
	<events>
		<event name="Changed"/>
		<event name="Saved"/>
		<event name="Selection"/>
		<event name="UnSelection"/>
		<event name="Release"/>
		<event name="Select"/>
	</events>
	<template>
		<codeeditor name="codeeditor" mode="xml" width="100" height="100"/>
	</template>
	<documentation>
		<description>An Code editor component</description>
		<attribute name="mode" type="string" value="" default="">
			<description></description>
		</attribute>
		<attribute name="schema" type="string" value="" default="">
			<description></description>
		</attribute>
		<attribute name="highlight" type="boolean" value="" default="">
			<description></description>
		</attribute>
		<attribute name="validate" type="boolean" value="" default="">
			<description></description>
		</attribute>
	</documentation>
</component>
