<component name="Color" tag="color" group="Selectors" icon="xios/icons/objects/16x16/palette.png">
	<actions>
		<action name="disable"/>
		<action name="enable"/>
		<action name="hide"/>
		<action name="show"/>
	</actions>
	<methods>
		<method name="getValue"/>
		<method name="setValue"/>
	</methods>
	<events>
		<event name="Select"/>
		<event name="Return"/>
	</events>
	<template>
		<color name="color" input="true" width="100%"/>
	</template>
	<documentation>
		<description>The component displays a color picker</description>
		<attributes>
			<attribute name="name" type="string" value="" default="">
				<description>Name of the Color component</description>
			</attribute>
			<attribute name="input" type="boolean" value="" default="">
				<description>Show textfield for entering RGB color with hexadecimal numbers</description>
			</attribute>
			<attribute name="color" type="color" value="" default="#000000">
				<description>Hexadecimal default color to show in component</description>
			</attribute>
			<attribute name="icon" type="icon" value="" default="">
				<description>Path to icon to show in the color component</description>
			</attribute>
			<attribute name="transparent" type="boolean" value="" default="">
				<description>'false' if transparent color value should be disabled</description>
			</attribute>
			<attribute name="look" type="string" value="" default="">
				<description>Defines the look of the component </description>
				<restrictions>
					<item value="">default</item>
					<item>graphite</item>
				</restrictions>
			</attribute>
			<attribute name="style" type="string" value="" default="">
				<description>Edits the appearance byr style code</description>
			</attribute>
			<attribute name="hide" type="boolean" value="" default="false">
				<description>Decides if the component should be hidden when initially loaded.</description>
			</attribute>
			<attribute name="value" type="color" value="" default="#000000">
				<description>Hexadecimal default color to show in component</description>
			</attribute>
			<attribute name="windowdrag" type="boolean" value="" default="true">
				<description> If the application window should be dragged when the component is dragged </description>
			</attribute>
			<attribute locale="true" name="label" type="string" value="" default="">
				<description>Labels the component</description>
			</attribute>
		</attributes>
	</documentation>
</component>
