<component name="Combo Box" tag="combobox" group="Selectors" icon="xide/img/16x16/combobox.png">
	<actions>
		<action name="enable"/>
		<action name="disable"/>
		<action name="hide"/>
		<action name="show"/>
	</actions>
	<methods>
		<method name="clear"/>
		<method name="getValue"/>
		<method name="setValue"/>
	</methods>
	<events>
		<event name="Select"/>
		<event name="Focus"/>
		<event name="Change"/>
	</events>
	<template>
		<combobox name="combobox" width="80" editable="false">
			<plate name="plate" height="300">
				<item title="First item" value="1" selected="true">Item1</item>
				<item title="Second item" value="2">Item2</item>
			</plate>
		</combobox>
	</template>
	<documentation>
		<description>The component creates a Combo Box, a drop down plate for selecting an alternative from a list</description>
		<attributes>
			<attribute name="name" type="string" value="" default="">
				<description>Name of the Combo box</description>
			</attribute>
			<attribute name="subplate" type="string" value="" default="">
				<description>Defines the name of the comboplate to use (if not present as direct child)</description>
			</attribute>
			<attribute name="style" type="string" value="" default="">
				<description>Edits the appearance by style code</description>
			</attribute>
			<attribute name="width" type="numerical" value="" default="">
				<description>Sets the width for over ruling the default size</description>
			</attribute>
			<attribute name="editable" type="boolean" value="" default="">
				<description>Makes the Combo box editable if set to true</description>
			</attribute>
			<attribute locale="true" name="label" type="string" value="" default="">
				<description>Labels the combobox</description>
			</attribute>
			<attribute locale="true" name="clicklabel" type="string" value="" default="">
				<description>Displays a 'pretext' that will disappear as soon as a value is selected in the plate</description>
			</attribute>
			<attribute name="look" type="string" value="" default="">
				<description>Defines the look of the component </description>
				<restrictions>
					<item value="">default</item>
					<item>graphite</item>
				</restrictions>
			</attribute>
			<attribute name="hide" type="boolean" value="" default="false">
				<description>Decides if the component should be hidden when initially loaded.</description>
			</attribute>
			<attribute name="windowdrag" type="boolean" value="" default="true">
				<description> If the application window should be dragged when the component is dragged </description>
			</attribute>
		</attributes>
	</documentation>
</component>
