<component name="Container" tag="container" group="Placeholders" icon="xide/img/Container.png">
	<actions>
		<action name="hide"/>
		<action name="show"/>
	</actions>
	<methods>
		<method name="clearContent"/>
		<method name="getSelected"/>
	</methods>
	<template>
		<container name="container" scroll="auto" width="100%" height="100%">
			<rule match="" display=""/>
		</container>
	</template>
	<documentation>
		<description>This component hosts other components described by it's rules and dynamically creates and manages these components dependant on the incomming data</description>
		<attributes>
			<attribute name="name" type="string" value="" default="">
				<description>Name of the Container</description>
			</attribute>
			<attribute name="show" type="string" value="" default="">
				<description></description>
				<restrictions>
					<item value="">none</item>
					<item>all</item>
					<item>selection</item>
				</restrictions>
			</attribute>
			<attribute name="scroll" type="string" value="" default="">
				<description>Controls the scroll behaviour</description>
				<restrictions>
					<item>auto</item>
					<item>scroll</item>
					<item>visible</item>
					<item>false</item>
				</restrictions>
			</attribute>
			<attribute name="style" type="string" value="" default="">
				<description>Edits the appearance by style code</description>
			</attribute>
			<attribute name="width" type="numerical" value="" default="">
				<description>Sets the width for over ruling the default size</description>
			</attribute>
			<attribute name="height" type="numerical" value="" default="">
				<description>Sets the height for over ruling the default size</description>
			</attribute>
			<attribute locale="true" name="label" type="string" value="" default="">
				<description>Labels the component</description>
			</attribute>
			<attribute name="windowdrag" type="boolean" value="" default="true">
				<description> If the application window should be dragged when the component is dragged </description>
			</attribute>
		</attributes>
	</documentation>
</component>
