<component name="Data Menu Item" tag="dataitem" group="Atoms" icon="xide/img/DataMenuItem.png">
	<actions>
		<action name="enable"/>
		<action name="disable"/>
		<action name="hide"/>
		<action name="show"/>
	</actions>
	<methods>
	</methods>
	<events>
		<event name="Select"/>
	</events>
	<template>
		<dataitem name="dataitem" enabled="true">
			<rule match="" display="">
				<item icon="xios/icons/objects/16x16/brush1.png" text="" title=""/>
			</rule>
		</dataitem>
	</template>
	<documentation>
		<description>The component creates menu items that are data dependent. The items are created from the data source by rules</description>
		<attributes>
			<attribute name="name" type="string" value="" default="">
				<description>Name of the data item component</description>
			</attribute>
			<attribute name="enabled" type="boolean" value="" default="">
				<description>Enables the items in the context of a menu</description>
			</attribute>
			<attribute name="subicon" type="icon" value="" default="">
				<description>Path to icon used for adding a virtual second level of menu items (use the display attribute on child rules for specifying sub categories)</description>
			</attribute>
			<attribute name="sort" type="boolean" value="" default="">
				<description>Optional attribute to sort</description>
			</attribute>
			<attribute name="draggable" type="boolean" value="" default="false">
				<description>Defines if the generated options should be draggable</description>
			</attribute>
			<attribute name="windowdrag" type="boolean" value="" default="true">
				<description> If the application window should be dragged when the component is dragged </description>
			</attribute>
		</attributes>
	</documentation>
</component>
