<component name="Date" tag="date" group="Selectors" icon="xide/img/Date.png">
	<actions>
		<action name="disable"/>
		<action name="enable"/>
		<action name="hide"/>
		<action name="show"/>
	</actions>
	<methods>
		<method name="getValue"/>
	</methods>
	<events>
		<event name="DataChanged"/>
		<event name="Focus"/>
		<event name="Select"/>
	</events>
	<template>
		<date name="date" value="today()" width="106" height="100%"/>
	</template>
	<documentation>
		<description>The component formats and displays date values</description>
		<attributes>
			<attribute name="name" type="string" value="" default="">
				<description>Name of the Date component</description>
			</attribute>
			<attribute name="value" type="string" value="" default="">
				<description>Date value to display. Today() shows todays date</description>
			</attribute>
			<!-- Deprecated parameter for look classic
        <attribute name="icon" type="string" value="" default="">
          <description></description>
          <restrictions>
            <item value="">right</item>
            <item>left</item>
          </restrictions>
        </attribute>
-->
			<attribute name="style" type="string" value="" default="">
				<description>Edits the appearance by style code</description>
			</attribute>
			<attribute locale="true" name="label" type="string" value="" default="">
				<description>Labels the component</description>
			</attribute>
			<attribute name="storeformat" type="string" value="" default="">
				<description>Sets the date format to store in xml binding</description>
			</attribute>
			<attribute name="look" type="string" value="" default="">
				<description>Defines the look of the component </description>
				<restrictions>
					<item value="">default</item>
					<item>graphite</item>
				</restrictions>
			</attribute>
			<attribute name="toggle" type="boolean" value="" default="">
				<description>Sets to toggle the calendar open or close when clicking in the input field</description>
			</attribute>
			<attribute name="hide" type="boolean" value="" default="false">
				<description>Decides if the component should be hidden when initially loaded.</description>
			</attribute>
			<attribute name="windowdrag" type="boolean" value="" default="true">
				<description> If the application window should be dragged when the component is dragged </description>
			</attribute>
		</attributes>
	</documentation>
</component>
