<component name="Divider" tag="divider" group="" icon="xide/img/divider.png">
	<actions>
	</actions>
	<methods>
	</methods>
	<template>
		<divider name="divider"/>
	</template>
	<documentation>
		<description>A menu item divider</description>
		<attributes>
			<attribute name="name" type="string" value="" default="">
				<description>Name of the divider</description>
			</attribute>
			<attribute name="windowdrag" type="boolean" value="" default="true">
				<description> If the application window should be dragged when the component is dragged </description>
			</attribute>
		</attributes>
	</documentation>
</component>
