<component name="Expander Menu" tag="expandermenu" group="Placeholders" icon="xide/img/ExpanderMenuPlate.png">
	<template>
		<expandermenu name="expandermenu">
			<expanderitem name="expanderitem1" icon="xios/icons/objects/16x16/brush1.png" text="Item 1"/>
			<expanderitem name="expanderitem2" icon="xios/icons/objects/16x16/brush1.png" text="Item 2"/>
			<expanderitem name="expanderitem3" icon="xios/icons/objects/16x16/brush1.png" text="Item 3"/>
		</expandermenu>
	</template>
	<documentation>
		<description>The component creates an Expander Menu, a menu inside an Expander</description>
		<attributes>
			<attribute name="name" type="string" value="" default="">
				<description>Name of the Menu plate</description>
			</attribute>
			<attribute name="windowdrag" type="boolean" value="" default="true">
				<description> If the application window should be dragged when the component is dragged </description>
			</attribute>
		</attributes>
	</documentation>
</component>
