<component name="Expander Plate" tag="expander" group="" icon="xide/img/Expander.png">
	<template>
		<expander name="expander" header="Expander" hcontent="250" width="200" height="150"/>
	</template>
	<documentation>
		<description>The component creates an expandable plate that shows/hide information or menus</description>
		<attributes>
			<attribute name="name" type="string" value="" default="">
				<description>Name of the Expander</description>
			</attribute>
			<attribute locale="true" name="title" type="string" value="" default="">
				<description>Tool-tip text</description>
			</attribute>
			<attribute locale="true" name="label" type="string" value="" default="">
				<description>Labels the Expander</description>
			</attribute>
			<attribute name="header" type="string" value="" default="">
				<description>Header label of the Expander</description>
			</attribute>
			<attribute name="mode" type="string" value="" default="">
				<description>Definies if the plate is open (=plate) or closed</description>
				<restrictions>
					<item>plate</item>
					<item>closed</item>
				</restrictions>
			</attribute>
			<attribute name="hcontent" type="numerical" value="" default="">
				<description>Expander content height</description>
			</attribute>
			<attribute name="content-style" type="string" value="" default="">
				<description>Special style for the content plate</description>
			</attribute>
			<attribute name="style" type="string" value="" default="">
				<description>Edits the appearance by style code</description>
			</attribute>
			<attribute name="width" type="numerical" value="" default="">
				<description>Sets the width for over ruling the default size</description>
			</attribute>
			<attribute name="height" type="numerical" value="" default="">
				<description>Sets the height for over ruling the default size</description>
			</attribute>
			<attribute name="padding" type="numerical" value="" default="">
				<description>Padding to use within plate</description>
			</attribute>
			<attribute name="windowdrag" type="boolean" value="" default="true">
				<description> If the application window should be dragged when the component is dragged </description>
			</attribute>
		</attributes>
	</documentation>
</component>
