<component name="Expander Item" tag="expanderitem" group="Atoms" icon="xide/img/ExpanderMenuItem.png">
	<events>
		<event name="Select"/>
	</events>
	<template>
		<expanderitem name="expanderitem" icon="xios/icons/objects/16x16/brush1.png"/>
	</template>
	<documentation>
		<description>The component creates a menu item in an Expander Menu</description>
		<attributes>
			<attribute name="name" type="string" value="" default="">
				<description>Name of the menu item</description>
			</attribute>
			<attribute locale="true" name="text" type="string" value="" default="">
				<description>Text to show in the menu</description>
			</attribute>
			<attribute locale="true" name="title" type="string" value="" default="">
				<description>Tool-tip text</description>
			</attribute>
			<attribute name="icon" type="icon" value="" default="">
				<description>Path to icon to show in the menu</description>
			</attribute>
			<attribute name="enabled" type="boolean" value="" default="">
				<description>Enables the item if set to true</description>
			</attribute>
			<attribute name="windowdrag" type="boolean" value="" default="true">
				<description> If the application window should be dragged when the component is dragged </description>
			</attribute>
		</attributes>
	</documentation>
</component>
