<component name="Form" tag="form" group="Placeholders" icon="xide/img/16x16/form.png">
	<actions>
		<action name="hide"/>
		<action name="show"/>
	</actions>
	<methods>
	</methods>
	<template>
		<form name="form" width="100%" height="100%">
			<rule match=""/>
		</form>
	</template>
	<documentation>
		<description>The component creates a Form with labels and input fields automatically from the data source. Selection of data are made by rules</description>
		<attributes>
			<attribute name="name" type="string" value="" default="">
				<description>Name of the Form</description>
			</attribute>
			<attribute name="width" type="numerical" value="" default="">
				<description>Sets the width for over ruling the default size</description>
			</attribute>
			<attribute name="height" type="numerical" value="" default="">
				<description>Sets the height for over ruling the default size</description>
			</attribute>
			<attribute locale="true" name="label" type="string" value="" default="">
				<description>Labels the component</description>
			</attribute>
		</attributes>
	</documentation>
</component>
