<component name="Gradient" tag="gradient" group="" icon="xios/icons/development/16x16/shape_rectangle.png">
	<template>
		<gradient name="mygradient" type="linear" color1="" color2="" opac1="" opac2="" rotate=""/>
	</template>
	<documentation>
		<description>A gradient for shapes</description>
		<attributes>
			<attribute name="name" type="string" value="" default="">
				<description>Name of the gradient</description>
			</attribute>
			<attribute name="type" type="string" value="" default="">
				<description>Sets the type</description>
				<restrictions>
					<item>linear</item>
					<item>radial</item>
				</restrictions>
			</attribute>
			<attribute name="color1" type="string" value="color" default="">
				<description>Start color of the gradient</description>
			</attribute>
			<attribute name="color2" type="string" value="color" default="">
				<description>End color of the gradient</description>
			</attribute>
			<attribute name="opac1" type="numerical" value="percentage" default="100%">
				<description>Start opacity of the gradient</description>
			</attribute>
			<attribute name="opac2" type="numerical" value="percentage" default="100%">
				<description>End opacity of the gradient</description>
			</attribute>
			<attribute name="rotate" type="numerical" value="positive" default="0">
				<description>Angle to rotate</description>
			</attribute>
			<attribute name="windowdrag" type="boolean" value="" default="true">
				<description> If the application window should be dragged when the component is dragged </description>
			</attribute>
		</attributes>
	</documentation>
</component>
