<component name="Grid" tag="grid" group="Structure" icon="xide/img/16x16/grid.png">
	<actions>
		<action name="disable"/>
		<action name="enable"/>
		<action name="hide"/>
		<action name="show"/>
	</actions>
	<methods>
		<method name="deselect"/>
		<method name="getValue"/>
		<method name="hideColumn"/>
		<method name="selectAll"/>
		<method name="selectFirstRow"/>
		<method name="selectLastRow"/>
		<method name="showColumn"/>
		<method name="sortColumn"/>
		<method name="update"/>
	</methods>
	<events>
		<event name="ContextMenu"/>
		<event name="DoubleClick"/>
		<event name="HeaderContextMenu"/>
		<event name="Return"/>
		<event name="Select"/>
	</events>
	<template>
		<grid name="grid" width="100%" height="100%" selection="row">
			<row match="*" height="20">
				<column name="col1" match="" label="Column 1" display="." width="150" scroll="false"/>
				<column name="col2" match="" label="Column 2" display="." width="100%" scroll="false"/>
			</row>
		</grid>
	</template>
	<documentation>
		<description>The component creates a grid for presenting information</description>
		<attributes>
			<attribute name="name" type="string" value="" default="">
				<description>Name of the Grid</description>
			</attribute>
			<attribute name="width" type="numerical" value="" default="">
				<description>Sets the width for over ruling the default size</description>
			</attribute>
			<attribute name="height" type="numerical" value="" default="">
				<description>Sets the height for over ruling the default size</description>
			</attribute>
			<attribute name="href" type="string" value="" default="">
				<description>Defines an external grid renderer that overrides the internal (optional)</description>
			</attribute>
			<attribute name="selection" type="string" value="" default="">
				<description>Defines if the grid should employ a selection model</description>
				<restrictions>
					<item value="">none</item>
					<item>cell</item>
					<item>row</item>
				</restrictions>
			</attribute>
			<attribute name="inset" type="boolean" value="" default="">
				<description>Renders the Grid as inset</description>
			</attribute>
			<attribute name="datachange" type="boolean" value="" default="">
				<description>If set to false, the Grid leaves all data updating of its contents up to its child components in each cell</description>
			</attribute>
			<attribute name="mode" type="string" value="" default="">
				<description>Set to 'grid' to display row numbers (optional)</description>
				<restrictions>
					<item>grid</item>
				</restrictions>
			</attribute>
			<attribute locale="true" name="label" type="string" value="" default="">
				<description>Labels the component</description>
			</attribute>
			<attribute name="draggable" type="boolean" value="" default="">
				<description>Makes the grid items draggable</description>
			</attribute>
			<attribute name="look" type="string" value="" default="">
				<description>Visual appearence of the grid</description>
			</attribute>
			<attribute locale="true" name="pageMessage" type="string" value="" default="">
				<description>Displays a message in the pagingbar</description>
			</attribute>
			<attribute name="windowdrag" type="boolean" value="" default="true">
				<description> If the application window should be dragged when the component is dragged </description>
			</attribute>
		</attributes>
	</documentation>
</component>
