<component name="Group" tag="group" group="Placeholders" icon="gui/icons/16x16/grouping_group.png">
	<actions>
		<action name="enable"/>
		<action name="disable"/>
		<action name="hide"/>
		<action name="show"/>
	</actions>
	<methods>
		<method name="getValue"/>
		<method name="setValue"/>
	</methods>
	<events>
		<event name="Select"/>
	</events>
	<template>
		<group name="group" align="left"/>
	</template>
	<documentation>
		<description>The component is used for grouping other components such as Button boxes in a Toolbar, Radio buttons and Panels</description>
		<attributes>
			<attribute name="name" type="string" value="" default="">
				<description>Name of the Group</description>
			</attribute>
			<attribute name="mode" type="string" value="" default="">
				<description>Setting the mode attribute to mutex makes the components Grouped mutually exclusive, ie only one component is active at the time. Currently ButtonBox component is the only one supporting these values.</description>
				<restrictions>
					<item value="">none</item>
					<item>toggle</item>
					<item>mutex</item>
					<item>switch</item>
				</restrictions>
			</attribute>
			<attribute name="hide" type="boolean" value="" default="">
				<description>Hides the component if selected</description>
			</attribute>
			<attribute name="style" type="string" value="" default="">
				<description>Edits the appearance by style code</description>
			</attribute>
			<attribute name="type" type="string" value="" default="">
				<description>Sets the layout order</description>
				<restrictions>
					<item value="">flow</item>
					<item>row</item>
				</restrictions>
			</attribute>
			<attribute name="align" type="string" value="" default="">
				<description>Sets the alignation of the components Grouped</description>
				<restrictions>
					<item>right</item>
					<item>left</item>
					<item>center</item>
				</restrictions>
			</attribute>
			<attribute name="width" type="numerical" value="" default="">
				<description>Sets the width for over ruling the default size</description>
			</attribute>
			<attribute name="height" type="numerical" value="" default="">
				<description>Sets the height for over ruling the default size</description>
			</attribute>
			<attribute name="windowdrag" type="boolean" value="" default="true">
				<description> If the application window should be dragged when the component is dragged </description>
			</attribute>
			<attribute locale="true" name="label" type="string" value="" default="">
				<description>Labels the component</description>
			</attribute>
		</attributes>
	</documentation>
</component>
