<component name="Menu Item" tag="iconitem" group="" icon="xide/img/IconMenuItem.png">
	<template>
		<iconitem name="iconItem" icon="xios/icons/objects/32x32/brush1.png"/>
	</template>
	<documentation>
		<description>The component creates an icon alternative (item) in side menus</description>
		<attributes>
			<attribute name="name" type="string" value="" default="">
				<description>Name of the item</description>
			</attribute>
			<attribute locale="true" name="text" type="string" value="" default="">
				<description>Text to show in the menu</description>
			</attribute>
			<attribute locale="true" name="title" type="string" value="" default="">
				<description>Tool-tip text</description>
			</attribute>
			<attribute name="icon" type="icon" value="" default="">
				<description>Path to icon to show in the menu</description>
			</attribute>
			<attribute name="enabled" type="boolean" value="" default="">
				<description>Enables the item if set to true</description>
			</attribute>
			<attribute name="width" type="numerical" value="" default="">
				<description>Sets the width for over ruling the default size</description>
			</attribute>
			<attribute name="height" type="numerical" value="" default="">
				<description>Sets the height for over ruling the default size</description>
			</attribute>
			<attribute name="windowdrag" type="boolean" value="" default="true">
				<description> If the application window should be dragged when the component is dragged </description>
			</attribute>
		</attributes>
	</documentation>
</component>
