<component name="Icon list" tag="iconlist" group="Structure" icon="xide/img/IconMenu.png">
	<template>
		<iconlist hover="false" sort="ascending" name="iconlist" width="100%" layout="default" scroll="true" height="100%" itemwidth="100%" draggableitems="true" iconsize="24" style="background-color:#FFFFFF;padding-top:2px;padding-left:2px;" tabindex="3">
			<rule match="atom:feed/atom:entry">
				<item text="{atom:title}" detailstyle="color:#cccccc" textstyle="display:block" icon="{xios:getFiletypeIcon(atom:content/@src)}" detail="{atom:content/@type}"/>
			</rule>
			<item name="iconItem1" detailstyle="color:#cccccc" textstyle="display:block" detail="Type: Folder" icon="xios/icons/applications/24x24/folder.png" text="Folder 1"/>
		</iconlist>
	</template>
	<events>
		<event name="Select"/>
		<event name="DoubleClick"/>
		<event name="ContextMenu"/>
		<event name="Menu"/>
		<event name="Init"/>
	</events>
	<rules>
		<template description="Document listing from file system">
			<rule match="atom:feed/atom:entry">
				<item text="{atom:title}" detailstyle="color:#cccccc" textstyle="display:block" icon="{xios:getFiletypeIcon(atom:content/@src)}" detail="{atom:content/@type}"/>
			</rule>
		</template>
	</rules>
	<documentation>
		<description>The component creates an icon list</description>
		<attributes>
			<attribute name="name" type="string" value="" default="">
				<description>Name of the list</description>
			</attribute>
			<attribute name="layout" type="string" value="" default="">
				<description>Definies if the layout of the icon list items</description>
				<restrictions>
					<item>default</item>
					<item>vertical</item>
					<item>treelist</item>
					<item>text</item>
					<item>submenu</item>
					<item>subpanel</item>
					<item>albumicon</item>
					<item>thumbnail</item>
					<item>icon</item>
					<item>sectionlist</item>
					<item>list</item>
					<item>drives</item>
				</restrictions>
			</attribute>
			<attribute name="sort" type="string" value="" default="">
				<description>Definies the sort order of rule based items</description>
				<restrictions>
					<item>ascending</item>
					<item>descending</item>
				</restrictions>
			</attribute>
			<attribute name="sortproperty" type="string" value="" default="text">
				<description>Which item attribute should be used for sorting</description>
			</attribute>
			<attribute locale="true" name="title" type="string" value="" default="">
				<description>Tool-tip text</description>
			</attribute>
			<attribute name="style" type="string" value="" default="">
				<description>Edits the appearance by style code</description>
			</attribute>
			<attribute name="itemwidth" type="numerical" value="" default="">
				<description>Sets the width for over ruling the default size</description>
			</attribute>
			<attribute name="type" type="string" value="" default="">
				<description>Definies if the selection type</description>
				<restrictions>
					<item>default</item>
					<item>execute</item>
				</restrictions>
			</attribute>
			<attribute locale="true" name="label" type="string" value="" default="">
				<description>Labels the Iconlist component</description>
			</attribute>
			<attribute name="width" type="numerical" value="" default="">
				<description>Sets the width for over ruling the default size</description>
			</attribute>
			<attribute name="height" type="numerical" value="" default="">
				<description>Sets the height for over ruling the default size</description>
			</attribute>
			<attribute name="iconsize" type="numerical" value="" default="">
				<description>Sets the icon size to be used</description>
			</attribute>
			<attribute name="hover" type="boolean" value="" default="false">
				<description>Sets wether the list items should display hover selection or not</description>
			</attribute>
			<attribute name="draggableitems" type="boolean" value="" default="true">
				<description>Sets wether the list items should be draggable</description>
			</attribute>
			<attribute name="group" type="boolean" value="" default="false">
				<description>Set to true if all items matched by the same rule should be displayed together. Use attribute group="myGroup" on the item to display a header for the group</description>
			</attribute>
		</attributes>
	</documentation>
</component>
