<component name="Side Menu" tag="iconmenu" group="" icon="xide/img/IconMenu.png">
	<template>
		<iconmenu name="iconMenu">
			<iconitem name="iconItem" icon="xios/icons/objects/32x32/brush1.png"/>
		</iconmenu>
	</template>
	<documentation>
		<description>The component creates a side menu, a vertical menu consisting of icon alternatives</description>
		<attributes>
			<attribute name="name" type="string" value="" default="">
				<description>Name of the Side menu</description>
			</attribute>
			<attribute locale="true" name="title" type="string" value="" default="">
				<description>Tool-tip text</description>
			</attribute>
			<attribute name="width" type="numerical" value="" default="">
				<description>Sets the width for over ruling the default size</description>
			</attribute>
			<attribute name="height" type="numerical" value="" default="">
				<description>Sets the height for over ruling the default size</description>
			</attribute>
			<attribute name="windowdrag" type="boolean" value="" default="true">
				<description> If the application window should be dragged when the component is dragged </description>
			</attribute>
		</attributes>
	</documentation>
</component>
