<component name="Identity plate" tag="identity" group="Placeholders" icon="xide/img/16x16/combobox_plate.png">
	<events>
	</events>
	<template>
		<identity users="false" header="Share With" friends="true" multiselect="true" contacts="false" showmail="false" showallmail="false" groups="false" name="friendsPlate" height="400"/>
	</template>
	<documentation>
		<description>The component creates the plate that a Combo Box use</description>
		<attributes>
			<attribute name="name" type="string" value="" default="">
				<description>Name of the Plate</description>
			</attribute>
			<attribute name="users" type="boolean" value="" default="">
				<description>Displays users</description>
			</attribute>
			<attribute name="friends" type="boolean" value="" default="">
				<description>Displays friends</description>
			</attribute>
			<attribute name="contacts" type="boolean" value="" default="">
				<description>Displays contacts</description>
			</attribute>
			<attribute name="groups" type="boolean" value="" default="">
				<description>Displays groups</description>
			</attribute>
			<attribute name="height" type="string" value="" default="">
				<description>Height</description>
			</attribute>
			<attribute name="multiselect" type="boolean" value="" default="">
				<description>Multiselect</description>
			</attribute>
			<attribute name="showmail" type="boolean" value="" default="">
				<description>showmail</description>
			</attribute>
		</attributes>
	</documentation>
</component>
