<component name="Image" tag="image" group="Atoms" icon="xide/img/Image.png">
	<actions>
		<action name="hide"/>
		<action name="select"/>
		<action name="show"/>
	</actions>
	<methods>
		<method name="getValue"/>
		<method name="setValue"/>
	</methods>
	<events>
		<event name="Select"/>
		<event name="ContextMenu"/>
		<event name="DoubleClick"/>
		<event name="Drop"/>
	</events>
	<template>
		<image name="image" width="48" height="48" scale="true" src="gui/icons/48x48/image_gif.png"/>
	</template>
	<documentation>
		<description>The component creates an Image</description>
		<attributes>
			<attribute name="title" locale="true" type="string" value="" default="">
				<description>Tool-tip text</description>
			</attribute>
			<attribute name="src" type="icon" value="" default="">
				<description>Source to the image to display</description>
			</attribute>
			<attribute name="scale" type="boolean" value="" default="">
				<description>Image is scaled to fit the defined size of the image</description>
			</attribute>
			<attribute name="align" type="string" value="" default="">
				<description>Alignment</description>
				<restrictions>
					<item>left</item>
					<item>center</item>
					<item>right</item>
				</restrictions>
			</attribute>
			<attribute name="valign" type="string" value="" default="">
				<description>Vertical alignment</description>
			</attribute>
			<attribute name="style" type="string" value="" default="">
				<description>Edits the appearance by style code</description>
			</attribute>
			<attribute name="width" type="numerical" value="" default="">
				<description>Sets the width for over ruling the default size</description>
			</attribute>
			<attribute name="height" type="numerical" value="" default="">
				<description>Sets the height for over ruling the default size</description>
			</attribute>
			<attribute name="type" type="string" value="" default="">
				<description>Select link to make the Image look like a link</description>
				<restrictions>
					<item value="">none</item>
					<item>link</item>
				</restrictions>
			</attribute>
			<attribute name="label" locale="true" type="string" value="" default="">
				<description>Labels the component</description>
			</attribute>
			<attribute name="hoversrc" type="string" value="" default="">
				<description>Source of image displayed when hovering the original image</description>
			</attribute>
			<attribute name="hide" type="boolean" value="" default="">
				<description>Define if the image should be hidden by default</description>
			</attribute>
			<attribute name="mode" type="string" value="" default="">
				<description>Special modes for the component, icon = change incoming icon href conforming to XIOS/3 icon paths (like /48x48/) to specified supported width (16, 24, 32, 48 and 128)</description>
				<restrictions>
					<item>icon</item>
					<item>crop</item>
				</restrictions>
			</attribute>
			<attribute name="windowdrag" type="boolean" value="" default="true">
				<description> If the application window should be dragged when the component is dragged </description>
			</attribute>
		</attributes>
	</documentation>
</component>
