<components>
	<component name="View" tag="view" group="" icon="xios/icons/development/16x16/components.png"/>
	<component name="Menu Bar" tag="menubar" group="Navigation" icon="xide/img/16x16/menubar.png"/>
	<component name="Menu Item" tag="item" group="Atoms" icon="xide/img/16x16/menuitem.png"/>
	<component name="Menu Plate" tag="menu" group="Placeholders" icon="xide/img/16x16/menuplate.png"/>
	<component name="Button Box" tag="buttonbox" group="Selectors" icon="xide/img/16x16/buttonbox.png"/>
	<component name="Tool Bar" tag="toolbar" group="Placeholders" icon="xide/img/ToolBar.png"/>
	<component name="Menu Item" tag="iconitem" group="" icon="xide/img/IconMenuItem.png"/>
	<component name="Side Menu" tag="iconmenu" group="" icon="xide/img/IconMenu.png"/>
	<component name="Icon list" tag="iconlist" group="Structure" icon="xide/img/IconMenu.png"/>
	<component name="Iconlist item" tag="item" group="" icon="xide/img/IconMenu.png"/>
	<component name="Comboplate item" tag="item" group="" icon="xide/img/IconMenu.png"/>
	<component name="Expander Plate" tag="expander" group="" icon="xide/img/Expander.png"/>
	<component name="Info" tag="info" group="" icon="xios/icons/applications/16x16/Information.png"/>
	<component name="Expander Item" tag="expanderitem" group="Atoms" icon="xide/img/ExpanderMenuItem.png"/>
	<component name="Expander Menu" tag="expandermenu" group="Placeholders" icon="xide/img/ExpanderMenuPlate.png"/>
	<component name="Browser" tag="browser" group="System" icon="xios/icons/network/16x16/environment.png"/>
	<component name="CoBrowser" tag="cobrowser" group="" icon="xios/icons/network/16x16/environment.png"/>
	<component name="Tab Strip" tag="tabstrip" group="Navigation" icon="xide/img/16x16/tabstrip.png"/>
	<component name="Accordion" tag="accordion" group="Navigation" icon="xide/img/16x16/accordion.png"/>
	<component name="Tree" tag="tree" group="Structure" icon="xios/icons/applications/16x16/text_tree.png"/>
	<component name="Console" tag="console" group="System" icon="xios/icons/development/16x16/console.png"/>
	<component name="apps/designer" tag="apps/designer" group="" icon="null"/>
	<component name="Vector Editor" tag="veditor" group="" icon="xide/img/Editor.png"/>
	<component name="Color" tag="color" group="Selectors" icon="xios/icons/objects/16x16/palette.png"/>
	<component name="Rating" tag="rating" group="Selectors" icon="xios/icons/applications/16x16/star_grey.png"/>
	<component name="Media" tag="media" group="" icon="xios/icons/objects/16x16/film.png"/>
	<component name="Movie" tag="movie" group="" icon="xios/icons/objects/16x16/film.png"/>
	<component name="Slider" tag="slider" group="Navigation" icon="xide/img/16x16/slider.png"/>
	<component name="Group" tag="group" group="Placeholders" icon="gui/icons/16x16/grouping_group.png"/>
	<component name="Action Group" tag="action" group="" icon="xide/img/Group.png"/>
	<component name="Layout" tag="layout" group="Placeholders" icon="xide/img/Panel.png"/>
	<component name="Panel" tag="panel" group="Placeholders" icon="xide/img/Panel.png"/>
	<component name="Button" tag="button" group="Selectors" icon="xide/img/16x16/button.png"/>
	<component name="Check Box" tag="checkbox" group="Selectors" icon="xide/img/CheckBox.png"/>
	<component name="Box list" tag="boxlist" group="Selectors" icon="xide/img/16x16/combobox.png"/>
	<component name="Identity plate" tag="identity" group="Placeholders" icon="xide/img/16x16/combobox_plate.png"/>
	<component name="Combo Box" tag="combobox" group="Selectors" icon="xide/img/16x16/combobox.png"/>
	<component name="Combo Box Plate" tag="plate" group="Placeholders" icon="xide/img/16x16/combobox_plate.png"/>
	<component name="Label" tag="label" group="Atoms" icon="xide/img/Label.png"/>
	<component name="Radio Button" tag="radio" group="Selectors" icon="xide/img/RadioButton.png"/>
	<component name="Rich Text Editor" tag="richtext" group="System" icon="xios/icons/applications/16x16/text_rich_colored.png"/>
	<component name="Text Area" tag="textarea" group="System" icon="xios/icons/applications/16x16/text.png"/>
	<component name="Input Field" tag="input" group="Atoms" icon="xide/img/16x16/inputfield.png"/>
	<component name="Chart" tag="chart" group="Presentation" icon="xide/img/Chart.png"/>
	<component name="Grid" tag="grid" group="Structure" icon="xide/img/16x16/grid.png"/>
	<component name="Image" tag="image" group="Atoms" icon="xide/img/Image.png"/>
	<component name="List" tag="list" group="Structure" icon="xide/img/16x16/list.png"/>
	<component name="List View" tag="listview" group="Structure" icon="xide/img/16x16/listview.png"/>
	<component name="Progress Bar" tag="progressbar" group="" icon="xide/img/ProgressBar.png"/>
	<component name="Slide" tag="slide" group="" icon="xide/img/Slide.png"/>
	<component name="Render" tag="render" group="Structure" icon="xide/img/View.png"/>
	<component name="Calendar" tag="calendar" group="Selectors" icon="xios/icons/business/16x16/calendar.png"/>
	<component name="Clock" tag="clock" group="Selectors" icon="xios/icons/objects/16x16/clock.png"/>
	<component name="Date" tag="date" group="Selectors" icon="xide/img/Date.png"/>
	<component name="Container" tag="container" group="Placeholders" icon="xide/img/Container.png"/>
	<component name="Data Menu Item" tag="dataitem" group="Atoms" icon="xide/img/DataMenuItem.png"/>
	<component name="Divider" tag="divider" group="" icon="xide/img/divider.png"/>
	<component name="Form" tag="form" group="Placeholders" icon="xide/img/16x16/form.png"/>
	<component name="XML Editor" tag="XMLeditor" group="System" icon="xios/gui/icons/16x16/xmleditor.png"/>
	<component name="Widget Pane" tag="widgetpane" group="" icon=""/>
	<component name="Map" tag="map" group="System" icon="xios/icons/development/16x16/component_view.png"/>
	<component name="Shape" tag="shape" group="" icon="xios/icons/development/16x16/shape_rectangle.png"/>
	<component name="Gradient" tag="gradient" group="" icon="xios/icons/development/16x16/shape_rectangle.png"/>
	<component name="Breadcrumbs" tag="breadcrumbs" group="" icon="xios/icons/development/16x16/shape_rectangle.png"/>
	<component name="Code Editor" tag="codeeditor" group="" icon=""/>
</components>
