<component name="Info" tag="info" group="" icon="xios/icons/applications/16x16/Information.png">
	<template>
		<info name="info" label="Info Label" default="Default information" width="100%" height="100"/>
	</template>
	<documentation>
		<description>The component creates an Info component controlled by rules for displaying information in an Expander</description>
		<attributes>
			<attribute name="name" type="string" value="" default="">
				<description>Name of the Info component</description>
			</attribute>
			<attribute locale="true" name="text" type="string" value="" default="">
				<description>Default text to display when no selection is bound</description>
			</attribute>
			<attribute locale="true" name="label" type="string" value="" default="">
				<description>Labels the Info component</description>
			</attribute>
			<attribute locale="true" name="default" type="string" value="" default="">
				<description>Default information to show</description>
			</attribute>
			<attribute name="width" type="numerical" value="" default="">
				<description>Sets the width for over ruling the default size</description>
			</attribute>
			<attribute name="height" type="numerical" value="" default="">
				<description>Sets the height for over ruling the default size</description>
			</attribute>
			<attribute name="windowdrag" type="boolean" value="" default="true">
				<description> If the application window should be dragged when the component is dragged </description>
			</attribute>
		</attributes>
	</documentation>
</component>
