<component name="Input Field" tag="input" group="Atoms" icon="xide/img/16x16/inputfield.png">
	<actions>
		<action name="enable"/>
		<action name="disable"/>
		<action name="hide"/>
		<action name="show"/>
	</actions>
	<methods>
		<method name="activate"/>
		<method name="clear"/>
		<method name="getValue"/>
		<method name="setLabel"/>
		<method name="setValue"/>
	</methods>
	<events>
		<event name="Return"/>
		<event name="Blur"/>
		<event name="Change"/>
		<event name="Key"/>
		<event name="Focus"/>
		<event name="Select"/>
		<event name="ContextMenu"/>
	</events>
	<template>
		<input name="input" width="140" height="20"/>
	</template>
	<documentation>
		<description>The component creates an input field for displaying and making it possible to edit single line text</description>
		<attributes>
			<attribute name="name" type="string" value="" default="">
				<description>Name of the Input field</description>
			</attribute>
			<attribute name="type" type="string" value="" default="">
				<description>Set to 'password' the text inputed will not be displayed. 'More' creates a '...'-button after the textfield for opening a dialogue that helps the user to input</description>
				<restrictions>
					<item value="">default</item>
					<item>password</item>
					<item>icon</item>
					<item>numeric</item>
					<item>counter</item>
				</restrictions>
			</attribute>
			<attribute name="look" type="string" value="" default="">
				<description>Defines the look of the component </description>
				<restrictions>
					<item value="">default</item>
					<item>graphite</item>
				</restrictions>
			</attribute>
			<attribute name="icon" type="icon" value="" default="">
				<description>Path to icon to be used as right side button within input field</description>
			</attribute>
			<attribute locale="true" name="default" type="string" value="" default="">
				<description>Default text to show in the input field</description>
			</attribute>
			<attribute locale="true" name="title" type="string" value="" default="">
				<description>Shows a tooltip when hovering the component</description>
			</attribute>
			<attribute locale="true" name="label" type="string" value="" default="">
				<description>Labels the component</description>
			</attribute>
			<attribute locale="true" name="clicklabel" type="string" value="" default="">
				<description>Displays a 'pretext' that will disappear as soon as the input gets focus</description>
			</attribute>
			<attribute name="hold" type="boolean" value="" default="">
				<description></description>
			</attribute>
			<attribute name="focus" type="boolean" value="" default="">
				<description></description>
			</attribute>
			<attribute name="length" type="numerical" value="" default="">
				<description>Sets the maximum lenght of the text string that can be inputed</description>
			</attribute>
			<attribute name="style" type="string" value="" default="">
				<description>Edits the appearance by style code</description>
			</attribute>
			<attribute name="width" type="numerical" value="" default="">
				<description>Sets the width for over ruling the default size</description>
			</attribute>
			<attribute name="enabled" type="boolean" value="" default="">
				<description>Set to false to disable the component for integration</description>
			</attribute>
			<attribute name="mode" type="string" value="" default="">
				<description>Handle inputted text as an encoded URI or just as plain text</description>
				<restrictions>
					<item value="">default</item>
					<item value="text">encoded URI</item>
				</restrictions>
			</attribute>
			<attribute name="tstyle" type="string" value="" default="">
				<description>Style for text inside input field</description>
			</attribute>
			<attribute name="windowdrag" type="boolean" value="" default="true">
				<description> If the application window should be dragged when the component is dragged </description>
			</attribute>
		</attributes>
	</documentation>
</component>
