<component name="Comboplate item" tag="item" group="" icon="xide/img/IconMenu.png">
	<template>
		<item name="item" text="text" value="value"/>
	</template>
	<documentation>
		<description>The component creates a comboplate item</description>
		<attributes>
			<attribute name="name" type="string" value="" default="">
				<description>Name of the item</description>
			</attribute>
			<attribute name="text" type="string" value="" default="">
				<description>The text</description>
			</attribute>
			<attribute name="value" type="string" value="" default="">
				<description>The value</description>
			</attribute>
		</attributes>
	</documentation>
</component>
