<component name="Label" tag="label" group="Atoms" icon="xide/img/Label.png">
	<actions>
		<action name="hide"/>
		<action name="show"/>
	</actions>
	<methods>
		<method name="setValue"/>
	</methods>
	<events>
		<event name="Select"/>
		<event name="DoubleClick"/>
		<event name="Drop"/>
	</events>
	<template>
		<label name="label" default="Enter some text" size="8pt" color="#000000" width="150"/>
	</template>
	<documentation>
		<description>The component creates a Label for labeling other components. Used with an icon and link attribute, the label can work as a clickable trigger.</description>
		<attributes>
			<attribute name="name" type="string" value="" default="">
				<description>Name of the Label component</description>
			</attribute>
			<attribute locale="true" name="value" type="string" value="" default="">
				<description>Default text to display, when no data is bound</description>
			</attribute>
			<attribute name="icon" type="icon" value="" default="">
				<description>URL to an icon that will be displayed together with the label</description>
			</attribute>
			<attribute name="iconPos" type="string" value="" default="">
				<description>Set to 'right' to position the icon to the right of the label. If not used the icon will be displayed to the left of the label (only effective if the icon attribute is used correctly)</description>
			</attribute>
			<attribute name="font" type="string" value="" default="">
				<description>Definies the font to use on the text</description>
			</attribute>
			<attribute name="size" type="numerical" value="" default="">
				<description>Definies the size of the text</description>
			</attribute>
			<attribute name="color" type="color" value="" default="">
				<description>Sets the color of the text</description>
			</attribute>
			<attribute name="type" type="string" value="" default="">
				<description>Select link to make the label clickable and get hover effect by default</description>
				<restrictions>
					<item>default</item>
					<item>link</item>
				</restrictions>
			</attribute>
			<attribute name="bgcolor" type="color" value="" default="">
				<description>Sets the text background color on hover</description>
			</attribute>
			<attribute name="fgcolor" type="color" value="" default="">
				<description>Sets the text color on hover</description>
			</attribute>
			<attribute name="look" type="string" value="" default="">
				<description>Look of text label</description>
				<restrictions>
					<item value="">default</item>
					<item value="bold">bold</item>
					<item value="white">white</item>
					<item value="boldwhite">boldwhite</item>
				</restrictions>
			</attribute>
			<attribute name="style" type="string" value="" default="">
				<description>Edits the appearance by style code</description>
			</attribute>
			<attribute name="width" type="numerical" value="" default="">
				<description>Sets the width for over ruling the default size</description>
			</attribute>
			<attribute name="height" type="numerical" value="" default="">
				<description>Sets the height for over ruling the default size</description>
			</attribute>
			<attribute name="bold" type="boolean" value="" default="">
				<description>Makes the text bold if true</description>
			</attribute>
			<attribute locale="true" name="default" type="string" value="" default="">
				<description>Default text to show</description>
			</attribute>
			<attribute name="decoration" type="string" value="" default="">
				<description>Changes the text-decoration on hovered when type is set to link</description>
			</attribute>
			<attribute name="hoverClass" type="string" value="" default="">
				<description>User defined class used for hovering effects (only effective if type='link')</description>
			</attribute>
			<attribute name="disableClass" type="string" value="" default="">
				<description>User defined class used for disabling effects (only effective if type='link')</description>
			</attribute>
			<attribute name="enabled" type="boolean" value="" default="">
				<description>Set to false to disable component (only effective if type='link')</description>
			</attribute>
			<attribute name="hide" type="boolean" value="" default="false">
				<description>Defines if the component should be hidden upon start up</description>
			</attribute>
			<attribute name="ellipsis" type="boolean" value="" default="true">
				<description>If ellipsis should be used when the text is cut off</description>
			</attribute>
			<attribute name="format" type="enumeration" value="" default="">
				<restrictions>
					<item value="">default</item>
					<item>timestamp</item>
					<item>date</item>
					<item>time</item>
				</restrictions>
				<description>Defines what information should be displayed in the label </description>
			</attribute>
			<attribute locale="true" name="title" type="string" value="" default="">
				<description>The tooltip of the label</description>
			</attribute>
			<attribute name="windowdrag" type="boolean" value="" default="true">
				<description> If the application window should be dragged when the component is dragged </description>
			</attribute>
		</attributes>
	</documentation>
</component>
