<component name="List View" tag="listview" group="Structure" icon="xide/img/16x16/listview.png">
	<actions>
		<action name="hide"/>
		<action name="show"/>
	</actions>
	<methods>
		<method name="activate"/>
		<method name="addExternalDocument"/>
		<method name="clear"/>
		<method name="edit"/>
		<method name="focusSelection"/>
		<method name="getParam"/>
		<method name="getValue"/>
		<method name="haveSelection"/>
		<method name="resetSelection"/>
		<method name="setParam"/>
		<method name="setView"/>
		<method name="updateRedraw"/>
	</methods>
	<events>
		<event name="ContextMenu"/>
		<event name="DoubleClick"/>
		<event name="Drop"/>
		<event name="Edit"/>
		<event name="EditEnd"/>
		<event name="Menu"/>
		<event name="MoveItem"/>
		<event name="Release"/>
		<event name="Return"/>
		<event name="Select"/>
		<event name="TriggerEvent"/>
	</events>
	<template>
		<listview name="listview" deselect="true" scroll="auto" width="100%" height="100%"/>
	</template>
	<documentation>
		<description>The component creates a List view, a list of information displayed according to referenced XSL transformation</description>
		<attributes>
			<attribute name="name" type="string" value="" default="">
				<description>Name of the List view</description>
			</attribute>
			<attribute name="deselect" type="boolean" value="" default="">
				<description>If something selected in list, should is be possible to deselect it?</description>
			</attribute>
			<attribute name="focus" type="string" value="" default="false">
				<description>If/How the listview should be scrolled to the selection</description>
				<restrictions>
					<item>false</item>
					<item>true</item>
					<item>x</item>
					<item>xy</item>
					<item>view</item>
					<item>center</item>
					<item>top</item>
					<item>scroll</item>
				</restrictions>
			</attribute>
			<attribute name="reload" type="boolean" value="" default="">
				<description>Turns off reloading of listview if F5 is pressed</description>
			</attribute>
			<attribute name="href" type="string" value="" default="">
				<description>Reference to XSL transformation used for rendering the Listview</description>
			</attribute>
			<attribute name="scroll" type="string" value="" default="">
				<description>Controls the scroll behaviour</description>
				<restrictions>
					<item>auto</item>
					<item>scroll</item>
					<item>hidden</item>
					<item>visible</item>
				</restrictions>
			</attribute>
			<attribute name="style" type="string" value="" default="">
				<description>Edits the appearance by style code</description>
			</attribute>
			<attribute name="width" type="numerical" value="" default="">
				<description>Sets the width for over ruling the default size</description>
			</attribute>
			<attribute name="height" type="numerical" value="" default="">
				<description>Sets the height for over ruling the default size</description>
			</attribute>
			<attribute locale="true" name="label" type="string" value="" default="">
				<description>Labels the component</description>
			</attribute>
			<attribute locale="true" name="wait" type="string" value="" default="">
				<description>If set, text is displayed during rendering of listview after a bind</description>
			</attribute>
			<attribute name="windowdrag" type="boolean" value="" default="true">
				<description> If the application window should be dragged when the component is dragged </description>
			</attribute>
		</attributes>
	</documentation>
</component>
