<component name="List" tag="list" group="Structure" icon="xide/img/16x16/list.png">
	<actions>
		<action name="hide"/>
		<action name="show"/>
	</actions>
	<methods>
		<method name="resetSelection"/>
	</methods>
	<events>
		<event name="Release"/>
		<event name="Select"/>
		<event name="ContextMenu"/>
		<event name="DoubleClick"/>
		<event name="Drop"/>
		<event name="Empty"/>
		<event name="MoveItem"/>
	</events>
	<template>
		<list name="list" header="My List" mode="columns" width="200" height="100%">
			<header match="*" display="@"/>
			<item match="*" display="@name"/>
		</list>
	</template>
	<documentation>
		<description>The component creates a List of information</description>
		<attributes>
			<attribute name="name" type="string" value="" default="">
				<description>Name of the List</description>
			</attribute>
			<attribute locale="true" name="header" type="string" value="" default="">
				<description>Header label of the List</description>
			</attribute>
			<attribute name="mode" type="string" value="" default="">
				<description>A List in 'Mutex' mode makes the List alternatives 'mutally exclusive' and it is only possible to select only one alternative at the time</description>
				<restrictions>
					<item>column</item>
					<item>multiple</item>
					<item>mutex</item>
				</restrictions>
			</attribute>
			<attribute name="width" type="numerical" value="" default="">
				<description>Sets the width for over ruling the default size</description>
			</attribute>
			<attribute name="height" type="numerical" value="" default="">
				<description>Sets the height for over ruling the default size</description>
			</attribute>
			<attribute name="draggable" type="boolean" value="" default="">
				<description>Makes the list items draggable</description>
			</attribute>
			<attribute locale="true" name="label" type="string" value="" default="">
				<description>Labels the component</description>
			</attribute>
			<attribute name="bgClass" type="string" value="" default="">
				<description>The name of the class that controls the background of the list</description>
			</attribute>
			<attribute name="headerClass" type="string" value="" default="">
				<description>The name of the class that controls the header of the list</description>
			</attribute>
			<attribute name="itemClass" type="string" value="" default="">
				<description>The name of the class that controls the default behaviour of the list items</description>
			</attribute>
			<attribute name="windowdrag" type="boolean" value="" default="true">
				<description> If the application window should be dragged when the component is dragged </description>
			</attribute>
		</attributes>
	</documentation>
</component>
