<component name="Map" tag="map" group="System" icon="xios/icons/development/16x16/component_view.png">
	<actions>
	</actions>
	<methods>
		<method name="getLat"/>
		<method name="getLng"/>
		<method name="getMapType"/>
		<method name="getZoom"/>
		<method name="searchMap"/>
	</methods>
	<events>
		<event name="Click"/>
		<event name="Drop"/>
		<event name="Move"/>
	</events>
	<template>
		<map name="map" width="100%" height="100%" iconMarker="icons/iconMarker.png" iconSelect="icons/iconSelect.png" iconTarget="icons/iconTarget.png"/>
	</template>
	<documentation>
		<description>The component creates an instance of a Google map.</description>
		<attributes>
			<attribute name="name" type="string" value="" default="">
				<description>Name of the map</description>
			</attribute>
			<attribute name="width" type="numerical" value="" default="">
				<description>Sets the width for over ruling the default size</description>
			</attribute>
			<attribute name="height" type="numerical" value="" default="">
				<description>Sets the height for over ruling the default size</description>
			</attribute>
			<attribute name="zoomlevel" type="numerical" value="" default="11">
				<description>Sets the zoom level to start with, range 1 - 15</description>
			</attribute>
			<attribute name="mapcenter" type="string" value="" default="">
				<description>The Longitude,Latitude (comma separated) value to use as map center at startup</description>
			</attribute>
			<attribute name="iconMarker" type="icon" value="" default="xios/icons/applications/24x24/arrow_down_green.png">
				<description>Url to the icon displayed when data is bound to the map</description>
			</attribute>
			<attribute name="iconSelect" type="icon" value="" default="xios/icons/applications/24x24/arrow_down_blue.png">
				<description>Url to the icon displayed when marker is selected</description>
			</attribute>
			<attribute name="iconTarget" type="icon" value="" default="xios/icons/applications/24x24/star_yellow.png">
				<description>Url to the icon displayed when the search result is presented in the map</description>
			</attribute>
			<attribute name="iconAttached" type="enumeration" value="" default="">
				<restrictions>
					<item value="">default</item>
					<item>middle</item>
					<item>top</item>
					<item>right</item>
					<item>bottom</item>
					<item>left</item>
				</restrictions>
				<description>The position of the attached icon within the icon area</description>
			</attribute>
			<attribute name="multiple" type="boolean" value="" default="false">
				<desription>Defines if multiple markers should be allowed</desription>
			</attribute>
			<attribute name="controls" type="boolean" value="" default="true">
				<description>Defines if controls should be visible</description>
			</attribute>
			<attribute name="maptype" type="enumeration" value="" default="">
				<restrictions>
					<item value="">default</item>
					<item>normal</item>
					<item>satellite</item>
					<item>hybrid</item>
				</restrictions>
				<description>Defines which maptype to use when rendering initial map</description>
			</attribute>
			<attribute name="windowdrag" type="boolean" value="" default="true">
				<description> If the application window should be dragged when the component is dragged </description>
			</attribute>
		</attributes>
	</documentation>
</component>
