<component name="Media" tag="media" group="" icon="xios/icons/objects/16x16/film.png">
	<actions>
	</actions>
	<methods>
		<method name="adjustVolume"/>
		<method name="getCurrentPosition"/>
		<method name="getVolume"/>
		<method name="next"/>
		<method name="pause"/>
		<method name="play"/>
		<method name="previous"/>
		<method name="repeat"/>
		<method name="setMode"/>
		<method name="setMute"/>
		<method name="setValue"/>
		<method name="setVolume"/>
		<method name="showControls"/>
		<method name="shuffle"/>
		<method name="stop"/>
	</methods>
	<template>
		<player name="player" width="100%"/>
	</template>
	<documentation>
		<description>The component handles playing of media content</description>
		<attributes>
			<attribute name="name" type="string" value="" default="">
				<description>Name of the Media component</description>
			</attribute>
			<attribute name="style" type="string" value="" default="">
				<description>Edits the appearance by style code</description>
			</attribute>
			<attribute name="width" type="numerical" value="" default="">
				<description>Sets the width for over ruling the default size</description>
			</attribute>
			<attribute name="height" type="numerical" value="" default="">
				<description>Sets the height for over ruling the default size</description>
			</attribute>
			<attribute name="windowdrag" type="boolean" value="" default="true">
				<description> If the application window should be dragged when the component is dragged </description>
			</attribute>
		</attributes>
	</documentation>
</component>
