<component name="Menu Bar" tag="menubar" group="Navigation" icon="xide/img/16x16/menubar.png">
	<actions>
		<action name="hide"/>
		<action name="show"/>
		<action name="ButtonBox"/>
		<action name="Item"/>
		<action name="Menu"/>
	</actions>
	<methods>
		<method name="ButtonBox"/>
		<method name="Item"/>
		<method name="Menu"/>
	</methods>
	<template>
		<menubar name="menuBar" position="top">
			<menu name="mFile" caption="false" text="File" title="" enabled="true">
				<item name="mNew" text="New" title="" group="" submenu="" icon="xios/icons/applications/16x16/document_new.png" enabled="true"/>
				<item name="mOpenDoc" text="Open" title="" group="" submenu="" enabled="true"/>
				<item name="mSaveDoc" text="Save" title="" group="" submenu="" icon="xios/icons/applications/16x16/disk_blue.png" enabled="true"/>
				<item name="mSaveAsDoc" text="Save As..." title="" group="" submenu="" enabled="true"/>
				<item name="mClose" text="Close" title="" group="" submenu="" icon="" enabled="true"/>
			</menu>
			<menu name="mEdit" caption="false" text="Edit" title="" enabled="true">
				<item name="mCopy" text="Copy" title="" group="" submenu="" icon="xios/icons/applications/16x16/copy.png" enabled="true"/>
				<item name="mCut" text="Cut" title="" group="" submenu="" icon="xios/icons/applications/16x16/cut.png" enabled="true"/>
				<item name="mPaste" text="Paste" title="" group="" submenu="" icon="xios/icons/applications/16x16/paste.png" enabled="true"/>
			</menu>
			<menu name="mHelp" caption="false" text="Help" title="" enabled="true">
				<item name="mHelpTopics" text="Help Topics" title="" group="" submenu="" icon="xios/icons/applications/16x16/help2.png" enabled="true"/>
				<divider/>
				<item name="_about" text="About..." title="" group="" submenu="" enabled="true"/>
			</menu>
		</menubar>
	</template>
	<documentation>
		<description>The component creates a menu bar and organizes menus. The bar can be placed on top or on the bottom in the application</description>
		<attributes>
			<attribute name="name" type="string" value="">
				<description>Name of the menuBar component</description>
			</attribute>
			<attribute name="position" type="string" value="">
				<description>Place to position the bar</description>
				<restrictions>
					<item>top</item>
					<item>bottom</item>
				</restrictions>
			</attribute>
			<attribute name="opacity" type="numerical" value="" default="">
				<description>Specifies if the menubar should be transparent and the percentage of the transparency</description>
			</attribute>
			<attribute name="style" type="string" value="" default="">
				<description>Edits the appearance by style code</description>
			</attribute>
			<attribute name="draggable" type="boolean" value="" default="">
				<description>Makes the bar draggable</description>
			</attribute>
			<attribute name="type" type="string" value="" default="">
				<description>Edits the appearance on the menubar</description>
				<restrictions>
					<item>tab</item>
					<!--            <item>r</item>
            <item>green</item>-->
				</restrictions>
			</attribute>
			<attribute name="look" type="string" value="" default="">
				<description>Defines the skin/color of the menubar</description>
				<restrictions>
					<item value="">none</item>
					<item>graphite</item>
				</restrictions>
			</attribute>
			<attribute name="compact" type="string" value="" default="">
				<description>Defines if the menubar should be compacted</description>
			</attribute>
			<attribute name="windowdrag" type="boolean" value="" default="true">
				<description> If the application window should be dragged when the component is dragged </description>
			</attribute>
		</attributes>
	</documentation>
</component>
