<component name="Menu Plate" tag="menu" group="Placeholders" icon="xide/img/16x16/menuplate.png">
	<actions>
	</actions>
	<methods>
		<method name="getValue"/>
		<method name="setValue"/>
	</methods>
	<events>
		<event name="Show"/>
		<event name="Init"/>
	</events>
	<template>
		<menu name="menu" caption="false" text="menuName" title="" enabled="true">
			<item name="item" text="itemName" title="" group="" submenu="" icon="xios/icons/objects/16x16/brush1.png" enabled="true"/>
		</menu>
	</template>
	<documentation>
		<description>The component creates a menu plate and arranges menu items</description>
		<attributes>
			<attribute name="name" type="string" value="" default="">
				<description>Name of the plate</description>
			</attribute>
			<attribute name="caption" type="boolean" value="" default="">
				<description>Flag to give the plate a caption</description>
			</attribute>
			<attribute name="enabled" type="boolean" value="" default="">
				<description>Flag to enable/disable the menu, when viewed as a menu item within another menu</description>
			</attribute>
			<attribute name="submenu" type="string" value="" default="">
				<description> Reference to menu component to load menu options</description>
			</attribute>
			<attribute locale="true" name="text" type="string" value="" default="">
				<description>Text to show if caption is set</description>
			</attribute>
			<attribute locale="true" name="title" type="string" value="" default="">
				<description>Tool-tip text</description>
			</attribute>
			<attribute name="look" type="string" value="" default="">
				<description>Defines the graphical look of the Menu</description>
				<restrictions>
					<item value="">default</item>
					<item>graphite</item>
				</restrictions>
			</attribute>
			<attribute name="windowdrag" type="boolean" value="" default="true">
				<description> If the application window should be dragged when the component is dragged </description>
			</attribute>
		</attributes>
	</documentation>
</component>
