<component name="Panel" tag="panel" group="Placeholders" icon="xide/img/Panel.png">
	<actions>
		<action name="hide"/>
		<action name="show"/>
	</actions>
	<methods>
		<method name="getValue"/>
		<method name="maximize"/>
		<method name="restore"/>
		<method name="update"/>
		<method name="setTitle"/>
	</methods>
	<events>
		<event name="Close"/>
		<event name="Select"/>
		<event name="Init"/>
		<event name="IconSelect"/>
	</events>
	<template>
		<panel name="panel" padding="5" height="auto" width="auto"></panel>
	</template>
	<documentation>
		<description>Panels are the infrastructure building blocks in applications used for arranging other components and creating the desirable layout</description>
		<attributes>
			<attribute name="name" type="string" value="" default="">
				<description>Name of the Panel</description>
			</attribute>
			<attribute name="type" type="string" value="" default="">
				<description>The layout manager to use for content inside panel</description>
				<restrictions>
					<item value="">none</item>
					<item>flow</item>
					<item>column</item>
					<item>row</item>
					<item>absolute</item>
					<item>table</item>
					<item>form</item>
				</restrictions>
			</attribute>
			<attribute name="width" type="numerical" value="" default="">
				<description>Sets the width for over ruling the default size</description>
			</attribute>
			<attribute name="height" type="numerical" value="" default="">
				<description>Sets the height for over ruling the default size</description>
			</attribute>
			<attribute name="look" type="string" value="" default="">
				<description>Defines the graphical look of the panel</description>
				<restrictions>
					<item value="">default</item>
					<item>cell</item>
					<item>white</item>
					<item>alert</item>
					<item>graphite</item>
					<item>dark</item>
					<item value="none">black</item>
					<item>title</item>
					<item>light</item>
					<item>window</item>
					<item>window2</item>
					<item>plategrad</item>
					<item>plate</item>
					<item>back</item>
					<item>graphite</item>
					<item>graphiteoutset</item>
					<item>gradient</item>
					<item>gradient2</item>
					<item>gradient3</item>
					<item>gradientblue</item>
					<item>gradientgrey</item>
					<item>inset</item>
					<item>insetwhite</item>
					<item>outset</item>
					<item>important</item>
					<item>transparent</item>
				</restrictions>
			</attribute>
			<attribute name="mode" type="string" value="" default="">
				<description>Special types of panels acting in different visual modes</description>
				<restrictions>
					<item value="">none</item>
					<item>aqua</item>
					<item>aquabar</item>
					<item>closeable</item>
					<item>expander</item>
					<item>frame</item>
					<item>glossy</item>
					<item>header</item>
					<item>round</item>
					<item>side</item>
				</restrictions>
			</attribute>
			<attribute name="align" type="string" value="" default="">
				<description>Alignment of child components within panel</description>
				<restrictions>
					<item value="">left</item>
					<item>center</item>
					<item>right</item>
				</restrictions>
			</attribute>
			<attribute name="bgcolor" type="color" value="" default="">
				<description>Makes it possible to specify the background color for titled panels</description>
			</attribute>
			<attribute name="border" type="string" value="" default="">
				<description>Defines if a border should be used for panels with mode set to 'closeable'</description>
				<restrictions>
					<item value="">none</item>
					<item>left</item>
					<item>right</item>
				</restrictions>
			</attribute>
			<attribute name="color1" type="color" value="" default="">
				<description>Makes it possible to specify the first color for gradient panels</description>
			</attribute>
			<attribute name="color2" type="color" value="" default="">
				<description>Makes it possible to specify the second color for gradient panels</description>
			</attribute>
			<attribute locale="true" name="title" type="string" value="" default="">
				<description>Create a panel with a title in a frame sourounding the panel</description>
			</attribute>
			<attribute name="padding" type="numerical" value="" default="">
				<description>Sets the inner padding for the panel</description>
			</attribute>
			<attribute name="style" type="string" value="" default="">
				<description>Overrides the style definitions of the panel look</description>
			</attribute>
			<attribute name="rowspan" type="numerical" value="" default="">
				<description>If panel is part of a table; defines how many rows it may span</description>
			</attribute>
			<attribute name="colspan" type="numerical" value="" default="">
				<description>If panel is part of a table; defines how many columns it may span</description>
			</attribute>
			<attribute name="hide" type="boolean" value="" default="">
				<description>Hides the component if selected</description>
			</attribute>
			<attribute name="fill" type="boolean" value="" default="">
				<description>If panel layout type is either row or column and fill is not specified or set to true, a invisible fill element will be added to the end and take up all space not used by other children (100%)</description>
			</attribute>
			<!--attribute name="resize" type="boolean" value="" default="">
          <description>Set to true if panel should be resizeable</description>
        </attribute-->
			<attribute name="selected" type="boolean" value="" default="">
				<description>In some contexts the panel is handled different if it is selected (i.e. TabStrip and Accordion)</description>
			</attribute>
			<attribute name="scroll" type="boolean" value="" default="">
				<description>Enable scrollbars within panel</description>
			</attribute>
			<attribute name="icon" type="icon" value="" default="">
				<description>Path to icon when used inside other components like Tabstrip and Accordion</description>
			</attribute>
			<attribute name="opacity" type="numerical" value="" default="">
				<description>Specifies if the panel should be transparent and the percentage of the transparency</description>
			</attribute>
			<attribute name="xlink:type" type="string" value="" default="">
				<description>xlink type</description>
				<restrictions>
					<item value="">none</item>
					<item>simple</item>
				</restrictions>
			</attribute>
			<attribute name="xlink:actuate" type="string" value="" default="">
				<description>xlink actuate</description>
				<restrictions>
					<item value="">none</item>
					<item>onRequest</item>
				</restrictions>
			</attribute>
			<attribute name="xlink:href" type="string" value="" default="">
				<description>xlink href</description>
			</attribute>
			<attribute name="tabcolor" type="color" value="" default="">
				<description>This attribute is only applicable for panels defined as children to a tabstrip component.Sets the colorhue of the tab, overriding the deafult color. Any hexvalue (#xxxxxx) or colorname (i.e  green) is valid</description>
			</attribute>
			<attribute name="closeable" type="boolean" value="" default="">
				<description>This attribute is only applicable for panels defined as children to a tabstrip component. Displays a small close-icon in the upper right corner of the tab.Clicking the icon will send a Close event</description>
			</attribute>
			<attribute name="expanded" type="boolean" value="" default="true">
				<description>If mode = expander, this attribute can be used to define expanded state at startup.</description>
			</attribute>
			<attribute name="windowdrag" type="boolean" value="" default="true">
				<description> If the application window should be dragged when the component is dragged </description>
			</attribute>
			<attribute locale="true" name="label" type="string" value="" default="">
				<description>Labels the component</description>
			</attribute>
			<attribute name="position" type="string" value="" default="">
				<description>Define the position of the panel(inline, top, bottom)</description>
				<restrictions>
					<item value="">inline</item>
					<item>top</item>
					<item>left</item>
					<item>right</item>
					<item>bottom</item>
					<item>bottomright</item>
				</restrictions>
			</attribute>
			<attribute name="draggable" type="boolean" value="" default="false">
				<description> If the panel should be draggable </description>
			</attribute>
		</attributes>
	</documentation>
</component>
