<component name="Combo Box Plate" tag="plate" group="Placeholders" icon="xide/img/16x16/combobox_plate.png">
	<actions>
	</actions>
	<methods>
		<method name="getText"/>
		<method name="getValue"/>
	</methods>
	<events>
	</events>
	<template>
		<plate name="plate" height="70">
			<item value="1" selected="true">Item1</item>
			<item value="2" selected="false">Item2</item>
		</plate>
	</template>
	<documentation>
		<description>The component creates the plate that a Combo Box use</description>
		<attributes>
			<attribute name="name" type="string" value="" default="">
				<description>Name of the Plate</description>
			</attribute>
			<attribute name="create" type="boolean" value="" default="">
				<description>If values entered that does not exist in plate, then create them</description>
			</attribute>
			<attribute name="height" type="numerical" value="" default="">
				<description>Sets the height for over ruling the default size</description>
			</attribute>
			<attribute name="windowdrag" type="boolean" value="" default="true">
				<description> If the application window should be dragged when the component is dragged </description>
			</attribute>
		</attributes>
	</documentation>
</component>
