<component name="Progress Bar" tag="progressbar" group="" icon="xide/img/ProgressBar.png">
	<template>
		<progressbar name="progressbar" maxValue="100" mode="percent"/>
	</template>
	<documentation>
		<description>The component creates a Progress bar for graphically show the status of something in progress</description>
		<attributes>
			<attribute name="name" type="string" value="" default="">
				<description>Name of the Progress bar</description>
			</attribute>
			<attribute name="length" type="numerical" value="" default="">
				<description>Sets the length of the bar</description>
			</attribute>
			<attribute name="maxValue" type="numerical" value="" default="">
				<description>Sets the value the progress bar reaches when finished</description>
			</attribute>
			<attribute name="mode" type="string" value="" default="">
				<description>Label for units</description>
			</attribute>
			<attribute name="units" type="string" value="" default="">
				<description>Units used</description>
			</attribute>
			<attribute locale="true" name="aboveLabel" type="string" value="" default="">
				<description>Text label to be shown above the bar</description>
			</attribute>
			<attribute name="windowdrag" type="boolean" value="" default="true">
				<description> If the application window should be dragged when the component is dragged </description>
			</attribute>
		</attributes>
	</documentation>
</component>
