<component name="Radio Button" tag="radio" group="Selectors" icon="xide/img/RadioButton.png">
	<actions>
		<action name="hide"/>
		<action name="show"/>
	</actions>
	<methods>
		<method name="getValue"/>
		<method name="setValue"/>
	</methods>
	<events>
		<event name="Select"/>
		<event name="Release"/>
	</events>
	<template>
		<radio name="radio" selected="false" postLabel="Radio Label"/>
	</template>
	<documentation>
		<description>The component creates a Radio button, a clickable circle for selecting the information that the Radio button represents (the Label attribute). Radio buttons are normally grouped by the Group component which makes it possible to limit the user to only be able to select one the Radio buttons in the group. This characteristic differentiate the Radio button from the Check box</description>
		<attributes>
			<attribute name="enabled" type="boolean" value="" default="">
				<description>Set to false to disable component</description>
			</attribute>
			<attribute name="look" type="string" value="" default="">
				<description>Look of text label</description>
				<restrictions>
					<item value="">default</item>
					<item>bold</item>
					<item>white</item>
					<item>boldwhite</item>
				</restrictions>
			</attribute>
			<attribute name="name" type="string" value="" default="">
				<description>Name of the Radio button</description>
			</attribute>
			<attribute locale="true" name="preLabel" type="string" value="" default="">
				<description>Text label placed infront of the Radio button</description>
			</attribute>
			<attribute locale="true" name="postLabel" type="string" value="" default="">
				<description>Text label placed after the Radio button</description>
			</attribute>
			<attribute name="style" type="string" value="" default="">
				<description>Edits the appearance by style code</description>
			</attribute>
			<attribute name="value" type="string" value="" default="">
				<description>Value represented by the Radio button</description>
			</attribute>
			<attribute name="selected" type="boolean" value="" default="">
				<description>Indicates if the Radio button is selected (=true)</description>
			</attribute>
			<attribute locale="true" name="title" type="string" value="" default="">
				<description>Shows a tooltip when hovering the component</description>
			</attribute>
			<attribute name="hide" type="boolean" value="" default="false">
				<description>Defines if the component should be hidden upon start up</description>
			</attribute>
			<attribute name="windowdrag" type="boolean" value="" default="true">
				<description> If the application window should be dragged when the component is dragged </description>
			</attribute>
			<attribute locale="true" name="label" type="string" value="" default="">
				<description>Labels the component</description>
			</attribute>
		</attributes>
	</documentation>
</component>
