<component name="Rating" tag="rating" group="Selectors" icon="xios/icons/applications/16x16/star_grey.png">
	<actions>
	</actions>
	<methods>
		<method name="getValue"/>
		<method name="setValue"/>
	</methods>
	<events>
		<event name="Select"/>
	</events>
	<template>
		<rating name="rating" type="stars" value="3">
			<item value="1"/>
			<item value="2"/>
			<item value="3"/>
			<item value="4"/>
			<item value="5"/>
		</rating>
	</template>
	<documentation>
		<description>Component for rating with stars or progress symbols</description>
		<attributes>
			<attribute name="name" type="string" value="" default="">
				<description>Name of the Rating component</description>
			</attribute>
			<attribute name="type" type="string" value="" default="">
				<description>Choose the type of rating model to use</description>
				<restrictions>
					<item>stars</item>
					<item>progress</item>
				</restrictions>
			</attribute>
			<attribute name="unit" type="string" value="" default="">
				<description>Unit to be used on conjunction with the specified item values (i.e. %)</description>
			</attribute>
			<attribute name="value" type="integer" value="" default="">
				<description>Sets the default value of the component</description>
			</attribute>
			<attribute name="windowdrag" type="boolean" value="" default="true">
				<description> If the application window should be dragged when the component is dragged </description>
			</attribute>
		</attributes>
	</documentation>
</component>
