<component name="Render" tag="render" group="Structure" icon="xide/img/View.png">
	<actions>
		<action name="hide"/>
		<action name="show"/>
	</actions>
	<methods>
		<method name="setParam"/>
		<method name="setView"/>
	</methods>
	<events>
		<event name="Select"/>
		<event name="DoubleClick"/>
		<event name="TriggerEvent"/>
	</events>
	<template>
		<render name="render" href="myXSL.xsl" scroll="auto" width="100%" height="100%"/>
	</template>
	<documentation>
		<description>The component displays information in accordance to XSL formating, in other words, providing a sand box for component development through XSLT</description>
		<attributes>
			<attribute name="name" type="string" value="" default="">
				<description>Name of the View component</description>
			</attribute>
			<attribute name="href" type="string" value="" default="">
				<description>Reference to the XSLT formating the information to be displayed</description>
			</attribute>
			<attribute name="scroll" type="string" value="" default="">
				<description>Controls the scroll behaviour</description>
				<restrictions>
					<item>auto</item>
					<item>false</item>
					<item>scroll</item>
					<item>visible</item>
				</restrictions>
			</attribute>
			<attribute name="style" type="string" value="" default="">
				<description>Edits the appearance by style code</description>
			</attribute>
			<attribute name="width" type="numerical" value="" default="">
				<description>Sets the width for over ruling the default size</description>
			</attribute>
			<attribute name="height" type="numerical" value="" default="">
				<description>Sets the height for over ruling the default size</description>
			</attribute>
			<attribute locale="true" name="label" type="string" value="" default="">
				<description>Labels the component</description>
			</attribute>
			<attribute name="windowdrag" type="boolean" value="" default="true">
				<description> If the application window should be dragged when the component is dragged </description>
			</attribute>
		</attributes>
	</documentation>
</component>
