<component name="Rich Text Editor" tag="richtext" group="System" icon="xios/icons/applications/16x16/text_rich_colored.png">
	<actions>
		<action name="hide"/>
		<action name="show"/>
	</actions>
	<methods>
		<method name="clear"/>
		<method name="executeCommand"/>
		<method name="getLineBottomMargin"/>
		<method name="getLineTopMargin"/>
		<method name="getSelectedText"/>
		<method name="getValue"/>
		<method name="insertHyperlink"/>
		<method name="insertImage"/>
		<method name="insertText"/>
		<method name="modStyle"/>
		<method name="print"/>
		<method name="removeList"/>
		<method name="setEditableMode"/>
		<method name="setLineMargin"/>
		<method name="setLineIndent"/>
		<method name="wordWrap"/>
	</methods>
	<events>
		<event name="AlignCenterRelease"/>
		<event name="AlignCenterSelect"/>
		<event name="AlignLeftRelease"/>
		<event name="AlignLeftSelect"/>
		<event name="AlignRightRelease"/>
		<event name="AlignRightSelect"/>
		<event name="AlignJustifiedRelease"/>
		<event name="AlignJustifiedSelect"/>
		<event name="BoldRelease"/>
		<event name="BoldSelect"/>
		<event name="BGColorRelease"/>
		<event name="BGColorSelect"/>
		<event name="BulletListRelease"/>
		<event name="BulletListSelect"/>
		<event name="Change"/>
		<event name="ContextMenu"/>
		<event name="DecorationRelease"/>
		<event name="DecorationSelect"/>
		<event name="Drop"/>
		<event name="FGColorRelease"/>
		<event name="FGColorSelect"/>
		<event name="Focus"/>
		<event name="FontFamilyRelease"/>
		<event name="FontFamilySelect"/>
		<event name="FontSizeRelease"/>
		<event name="FontSizeSelect"/>
		<event name="ItalicRelease"/>
		<event name="ItalicSelect"/>
		<event name="Key"/>
		<event name="NumberListSelect"/>
		<event name="Release"/>
	</events>
	<template>
		<richtext focus="false" name="richtextEditor" wrap="hard" scroll="true" defaultclass="" label="" height="100%" width="100%" style="font-family: Arial;font-size:9pt;padding:10px; background-color: #ffffff; border: 1px inset #ffffff;">
			<toolbar name="toolBar">
				<group name="gFont">
					<combobox command="Font" editable="false" look="graphite" name="comboFont" usethumbnail="false" width="100">
						<plate create="false" height="300" name="fontFamPlate" width="55">
							<item>Arial</item>
							<item>Arial Black</item>
							<item>Comic Sans MS</item>
							<item>Courier New</item>
							<item>Georgia</item>
							<item>Helvetica</item>
							<item>Impact</item>
							<item>Tahoma</item>
							<item>Trebuchet MS</item>
							<item>Times New Roman</item>
							<item>Verdana</item>
							<item>Webdings</item>
						</plate>
					</combobox>
					<slider command="FontSize" label="Size" look="graphite" marks="false" name="comboFontSize" type="toolbar" width="80">
						<plate create="false" height="300" name="fontSizePlate" width="55">
							<item>8pt</item>
							<item>9pt</item>
							<item>10pt</item>
							<item>12pt</item>
							<item>14pt</item>
							<item>16pt</item>
							<item>18pt</item>
							<item>20pt</item>
							<item>24pt</item>
							<item>28pt</item>
							<item>32pt</item>
							<item>36pt</item>
							<item>40pt</item>
							<item>44pt</item>
							<item>48pt</item>
							<item>54pt</item>
							<item>60pt</item>
							<item>66pt</item>
							<item>72pt</item>
							<item>80pt</item>
							<item>88pt</item>
							<item>96pt</item>
							<item>106pt</item>
							<item>116pt</item>
							<item>126pt</item>
							<item>136pt</item>
							<item>148pt</item>
						</plate>
					</slider>
					<color color="#000000" command="Color" icon="xios/icons/applications/16x16/font.png" input="false" look="graphite" name="tFGColor"/>
					<color color="#ffffff" command="BgColor" icon="gui/icons/16x16/paintbucket.png" input="false" look="graphite" name="tBGColor"/>
				</group>
				<group>
					<buttonbox command="Bold" icon="xios/icons/applications/24x24/text_bold.png" mode="toggle" name="tBold" title="Bold"/>
					<buttonbox command="Italic" icon="xios/icons/applications/24x24/text_italics.png" mode="toggle" name="tItalic" title="Italic"/>
					<buttonbox command="Underline" icon="xios/icons/applications/24x24/text_underlined.png" mode="toggle" name="tUnderline" title="Underline"/>
				</group>
			</toolbar>
		</richtext>
	</template>
	<documentation>
		<description>The component creates an rich text editor for displaying and making it possible to edit rich Text</description>
		<attributes>
			<attribute name="name" type="string" value="" default="">
				<description>Name of the Text area</description>
			</attribute>
			<attribute name="style" type="string" value="" default="">
				<description>Edits the appearance by style code</description>
			</attribute>
			<attribute name="width" type="numerical" value="" default="">
				<description>Sets the width for over ruling the default size</description>
			</attribute>
			<attribute name="height" type="numerical" value="" default="">
				<description>Sets the height for over ruling the default size</description>
			</attribute>
			<attribute name="wrap" type="string" value="" default="">
				<description>Word wrap text in the editor</description>
				<restrictions>
					<item>soft</item>
					<item>hard</item>
					<item>off</item>
				</restrictions>
			</attribute>
			<attribute locale="true" name="label" type="string" value="" default="">
				<description>Labels the component</description>
			</attribute>
			<attribute name="focus" type="boolean" value="" default="">
				<description></description>
			</attribute>
			<attribute name="windowdrag" type="boolean" value="" default="true">
				<description> If the application window should be dragged when the component is dragged </description>
			</attribute>
		</attributes>
	</documentation>
</component>
