<component name="Shape" tag="shape" group="" icon="xios/icons/development/16x16/shape_rectangle.png">
	<events>
		<event name="Click"/>
		<event name="Move"/>
	</events>
	<template>
		<shape name="shape" type="rect" width="100" height="100">
			<gradient name="mygradient" type="linear" color1="" color2="" opac1="" opac2="" rotate=""/>
		</shape>
	</template>
	<documentation>
		<description>The component creates a shape.</description>
		<attributes>
			<!-- general -->
			<attribute name="name" type="string" value="" default="">
				<description>Name of the shape</description>
			</attribute>
			<attribute name="width" type="numerical" value="px" default="">
				<description>Sets the width for over ruling the default size</description>
			</attribute>
			<attribute name="height" type="numerical" value="px" default="">
				<description>Sets the height for over ruling the default size</description>
			</attribute>
			<attribute name="type" type="string" value="string" default="rect">
				<description>Sets the type of the shape</description>
				<restrictions>
					<item>line</item>
					<item>rect</item>
					<item>roundrect</item>
					<item>arc</item>
					<item>curve</item>
					<item>path</item>
				</restrictions>
			</attribute>
			<attribute name="fillopac" type="numerical" value="percentage" default="100%">
				<description>Opacity of the fill</description>
			</attribute>
			<attribute name="strokeopac" type="numerical" value="percentage" default="100%">
				<description>Opacity of the stroke</description>
			</attribute>
			<attribute name="innerleft" type="numerical" value="px" default="">
				<description>Sets the contents left postition relative to the shape</description>
			</attribute>
			<attribute name="innertop" type="numerical" value="px" default="">
				<description>Sets the contents top postition relative to the shape</description>
			</attribute>
			<!-- line, rect, roundrect, curve -->
			<attribute name="x1" type="numerical" value="px" default="">
				<description>Sets the start x position of a line, rect or curve</description>
			</attribute>
			<attribute name="y1" type="numerical" value="px" default="">
				<description>Sets the start y position of a line, rect or curve</description>
			</attribute>
			<attribute name="x1" type="numerical" value="px" default="">
				<description>Sets the end x position of a line, rect or curve</description>
			</attribute>
			<attribute name="y1" type="numerical" value="px" default="">
				<description>Sets the end y position of a line, rect or curve</description>
			</attribute>
			<!-- roundrect and arc -->
			<attribute name="r" type="numerical" value="percentage" default="0">
				<description>Sets round corner to the rectangle, and defines the radius for the arc</description>
			</attribute>
			<!-- arc -->
			<attribute name="x" type="numerical" value="px" default="">
				<description>Sets the x position of an arc</description>
			</attribute>
			<attribute name="y" type="numerical" value="px" default="">
				<description>Sets the y position of an arc</description>
			</attribute>
			<attribute name="startangle" type="numerical" value="px" default="">
				<description>Sets the start angle of an arc</description>
			</attribute>
			<attribute name="endangle" type="numerical" value="px" default="">
				<description>Sets the end angle of an arc</description>
			</attribute>
			<!-- curve -->
			<attribute name="cp1x" type="numerical" value="px" default="">
				<description>Sets the start x control point of a curve</description>
			</attribute>
			<attribute name="cp1y" type="numerical" value="px" default="">
				<description>Sets the start y control point of a curve</description>
			</attribute>
			<attribute name="cp2x" type="numerical" value="px" default="">
				<description>Sets the end x control point of a curve</description>
			</attribute>
			<attribute name="cp2y" type="numerical" value="px" default="">
				<description>Sets the end y control point of a curve</description>
			</attribute>
			<!-- path -->
			<attribute name="points" type="numerical" value="px" default="">
				<description>Sets the points of a path, example: "x1,y1 x2,y2 xn,yn"</description>
			</attribute>
			<attribute name="autoclose" type="boolean" value="boolean" default="false">
				<description>Sets whether the path should be closed automatically</description>
			</attribute>
			<!-- styles -->
			<attribute name="fill" type="string" value="" default="">
				<description>Sets the fill rgba color or gradient</description>
			</attribute>
			<attribute name="stroke" type="string" value="" default="">
				<description>Sets the stroke rgba color</description>
			</attribute>
			<attribute name="lineWidth" type="numerical" value="px" default="">
				<description>Sets the line width</description>
			</attribute>
			<attribute name="lineCap" type="string" value="" default="butt">
				<description>Sets the line end style</description>
				<restrictions>
					<item>butt</item>
					<item>round</item>
					<item>square</item>
				</restrictions>
			</attribute>
			<attribute name="lineJoin" type="string" value="" default="miter">
				<description>Sets the line join style</description>
				<restrictions>
					<item>bevel</item>
					<item>miter</item>
					<item>round</item>
				</restrictions>
			</attribute>
			<attribute name="miterLimit" type="numerical" value="positive" default="">
				<description>Sets the line width</description>
			</attribute>
			<attribute name="alpha" type="numerical" value="percentage" default="100%">
				<description>Sets the global alpha</description>
			</attribute>
			<attribute name="rotate" type="numerical" value="positive" default="0">
				<description>Sets the angle to rotate</description>
			</attribute>
			<attribute name="windowdrag" type="boolean" value="" default="true">
				<description> If the application window should be dragged when the component is dragged </description>
			</attribute>
		</attributes>
	</documentation>
</component>
