<component name="Shell" tag="shell" group="System" icon="xios/icons/development/16x16/console.png">
	<actions>
		<action name="hide"/>
		<action name="show"/>
	</actions>
	<methods>
    <method name="setFont"/>
	</methods>
	<events>
		<event name="Close"/>
		<event name="Fullscreen"/>
		<event name="Tab"/>
		<event name="Drop"/>
		<event name="Menu"/>
	</events>
	<template>
    <shell name="Shell"/>
	</template>
	<documentation>
    <description>The component creates a command line shell for text based communication with the XIOS system</description>
		<attributes>
			<attribute name="name" type="string" value="" default="">
				<description>Name of the Shell</description>
			</attribute>
			<attribute name="width" type="numerical" value="" default="">
				<description>Width of Shell</description>
			</attribute>
			<attribute name="height" type="numerical" value="" default="">
				<description>Height of Shell</description>
			</attribute>
			<attribute locale="true" name="label" type="string" value="" default="">
				<description>The label text </description>
			</attribute>
			<attribute name="lstyle" type="string" value="" default="">
				<description>The style of the label attribute </description>
			</attribute>
			<attribute name="windowdrag" type="boolean" value="" default="true">
				<description> If the application window should be dragged when the component is dragged </description>
			</attribute>
			<!--<attribute name="colspan" type="string" value="" default="">
          <description>Columns Width of Shell </description>
        </attribute>
        <attribute name="rowspan" type="string" value="" default="">
          <description>Height of Shell </description>
        </attribute>-->
		</attributes>
	</documentation>
</component>
