<component name="Slider" tag="slider" group="Navigation" icon="xide/img/16x16/slider.png">
	<actions>
		<action name="enable"/>
		<action name="disable"/>
		<action name="hide"/>
		<action name="show"/>
	</actions>
	<methods>
		<method name="getValue"/>
		<method name="setValue"/>
	</methods>
	<events>
		<event name="Select"/>
	</events>
	<template>
		<slider name="slider" width="100" height="" label="Arc Size">
			<plate name="slidePlate" width="55" height="420">
				<item value="1" selected="true">1</item>
				<item value="2">2</item>
				<item value="3">3</item>
				<item value="4">4</item>
			</plate>
		</slider>
	</template>
	<documentation>
		<description>The component formats and displays date values</description>
		<attributes>
			<attribute name="name" type="string" value="" default="">
				<description>Name of the Slider component</description>
			</attribute>
			<attribute name="style" type="string" value="" default="">
				<description>Edits the appearance using CSS</description>
			</attribute>
			<attribute name="width" type="numerical" value="" default="">
				<description>Sets the width for over ruling the default size</description>
			</attribute>
			<attribute name="height" type="numerical" value="" default="">
				<description>Sets the height for over ruling the default size</description>
			</attribute>
			<attribute locale="true" name="label" type="string" value="" default="">
				<description>Text label above the slider</description>
			</attribute>
			<attribute name="type" type="string" value="" default="">
				<description>The type of the slider</description>
				<restrictions>
					<item value="">none</item>
					<item>toolbar</item>
					<item>media</item>
				</restrictions>
			</attribute>
			<attribute name="look" type="string" value="" default="">
				<description>The look of the slider</description>
				<restrictions>
					<item value="">none</item>
					<item>graphite</item>
				</restrictions>
			</attribute>
			<attribute name="windowdrag" type="boolean" value="" default="true">
				<description> If the application window should be dragged when the component is dragged </description>
			</attribute>
		</attributes>
	</documentation>
</component>
