<component name="Slide" tag="slide" group="" icon="xide/img/Slide.png">
	<actions>
		<action name="enable"/>
		<action name="disable"/>
		<action name="hide"/>
		<action name="show"/>
	</actions>
	<methods>
		<method name="getValue"/>
		<method name="setValue"/>
	</methods>
	<events>
		<event name="firstSlide"/>
		<event name="previosSlide"/>
		<event name="nextSlide"/>
		<event name="lastSlide"/>
	</events>
	<template>
		<slide name="slide" width="100%" height="100%"/>
	</template>
	<documentation>
		<description>The component creates a Slide shower, a component that displays presentation slides</description>
		<attributes>
			<attribute name="name" type="string" value="" default="">
				<description>Name of the Slide shower</description>
			</attribute>
			<attribute name="src" type="string" value="" default="">
				<description>Data source to slides</description>
			</attribute>
			<attribute name="width" type="numerical" value="" default="">
				<description>Sets the width for over ruling the default size</description>
			</attribute>
			<attribute name="height" type="numerical" value="" default="">
				<description>Sets the height for over ruling the default size</description>
			</attribute>
			<attribute name="windowdrag" type="boolean" value="" default="true">
				<description> If the application window should be dragged when the component is dragged </description>
			</attribute>
		</attributes>
	</documentation>
</component>
