<component name="Tab Strip" tag="tabstrip" group="Navigation" icon="xide/img/16x16/tabstrip.png">
	<actions>
		<action name="hide"/>
		<action name="show"/>
	</actions>
	<methods>
		<method name="flashTab"/>
		<method name="selectTab"/>
	</methods>
	<events>
		<event name="Release"/>
		<event name="Select"/>
		<event name="ContextMenu"/>
	</events>
	<template>
		<tabstrip name="tabstrip" width="100%" look="graphite" height="100%">
			<panel name="tab1" type="flow" selected="true" title="Tab1" padding="5" height="100%" width="100%" icon="xios/icons/objects/16x16/brush1.png"/>
			<panel name="tab2" type="flow" title="Tab2" padding="5" height="100%" width="100%" icon="xios/icons/objects/16x16/brush1.png"/>
			<panel name="tab3" type="flow" title="Tab3" padding="5" height="100%" width="100%" icon="xios/icons/objects/16x16/brush1.png"/>
		</tabstrip>
	</template>
	<documentation>
		<description>The component creates and handles tabs that makes it possible to switch between different views in an application. Each view is defined by a panel</description>
		<attributes>
			<attribute name="name" type="string" value="" default="">
				<description>Name of the Tabstrip / Tab</description>
			</attribute>
			<attribute name="position" type="string" value="" default="">
				<description>Specifies if the tabs should be at the top or bottom</description>
				<restrictions>
					<item value="">top</item>
					<item>bottom</item>
				</restrictions>
			</attribute>
			<attribute name="tabs" type="boolean" value="" default="">
				<description>Enables or disables the display of tabs in the tabstrip</description>
			</attribute>
			<attribute name="style" type="string" value="" default="">
				<description>Edits the appearance by style code</description>
			</attribute>
			<attribute name="width" type="numerical" value="" default="">
				<description>Sets the width for over ruling the default size</description>
			</attribute>
			<attribute name="height" type="numerical" value="" default="">
				<description>Sets the height for over ruling the default size</description>
			</attribute>
			<attribute name="border" type="numerical" value="" default="">
				<description>Set border to 0 in combination with tabs false, for clean tab component</description>
			</attribute>
			<attribute name="windowdrag" type="boolean" value="" default="true">
				<description> If the application window should be dragged when the component is dragged </description>
			</attribute>
			<attribute locale="true" name="label" type="string" value="" default="">
				<description>Labels the component</description>
			</attribute>
			<attribute name="look" type="string" value="" default="">
				<description></description>
				<restrictions>
					<item value="graphite">graphite</item>
					<item value="">classic</item>
				</restrictions>
			</attribute>
		</attributes>
	</documentation>
</component>
