<component name="Text Area" tag="textarea" group="System" icon="xios/icons/applications/16x16/text.png">
	<actions>
		<action name="enable"/>
		<action name="disable"/>
		<action name="hide"/>
		<action name="show"/>
	</actions>
	<methods>
		<method name="activate"/>
		<method name="clear"/>
		<method name="execCommand"/>
		<method name="getSelectionLength"/>
		<method name="getSelectionValue"/>
		<method name="getValue"/>
		<method name="releaseEnter"/>
		<method name="setFont"/>
		<method name="takeEnter"/>
		<method name="wordWrap"/>
	</methods>
	<events>
		<event name="Select"/>
		<event name="Changed"/>
		<event name="Key"/>
		<event name="Release"/>
		<event name="Saved"/>
		<event name="ContextMenu"/>
	</events>
	<template>
		<textarea name="textarea" width="140" height="200"/>
	</template>
	<documentation>
		<description>The component creates an area for displaying and making it possible to edit Text</description>
		<attributes>
			<attribute name="name" type="string" value="" default="">
				<description>Name of the Text area</description>
			</attribute>
			<attribute name="mode" type="string" value="" default="">
				<description>Process text structured as XML or just as plain text</description>
				<restrictions>
					<item value="">default</item>
					<item>xml</item>
				</restrictions>
			</attribute>
			<attribute locale="true" name="default" type="string" value="" default="">
				<description>Default text to show in the textarea field</description>
			</attribute>
			<attribute name="hold" type="boolean" value="" default="">
				<description></description>
			</attribute>
			<attribute name="focus" type="boolean" value="" default="">
				<description></description>
			</attribute>
			<attribute name="style" type="string" value="" default="">
				<description>Edits the appearance by style code</description>
			</attribute>
			<attribute name="width" type="numerical" value="" default="">
				<description>Sets the width for over ruling the default size</description>
			</attribute>
			<attribute name="height" type="numerical" value="" default="">
				<description>Sets the height for over ruling the default size</description>
			</attribute>
			<attribute name="wrap" type="string" value="" default="">
				<description>Word wrap text in text area</description>
				<restrictions>
					<item>soft</item>
					<item>hard</item>
					<item>off</item>
				</restrictions>
			</attribute>
			<attribute name="enabled" type="boolean" value="" default="">
				<description>Set to false to disable the component for integration</description>
			</attribute>
			<attribute locale="true" name="label" type="string" value="" default="">
				<description>Labels the component</description>
			</attribute>
			<attribute name="look" type="string" value="" default="">
				<description>Defines the look of the component </description>
				<restrictions>
					<item value="">default</item>
					<item>graphite</item>
					<item>white</item>
				</restrictions>
			</attribute>
			<attribute name="hide" type="boolean" value="" default="false">
				<description>Decides if the component should be hidden when initially loaded.</description>
			</attribute>
			<attribute name="length" type="numerical" value="" default="">
				<description>Sets the maximum lenght of the text string that can be typed</description>
			</attribute>
			<attribute name="windowdrag" type="boolean" value="" default="true">
				<description> If the application window should be dragged when the component is dragged </description>
			</attribute>
		</attributes>
	</documentation>
</component>
