<component name="Tool Bar" tag="toolbar" group="Placeholders" icon="xide/img/ToolBar.png">
	<actions>
		<action name="hide"/>
		<action name="show"/>
	</actions>
	<methods>
	</methods>
	<events>
		<event name="ContextMenu"/>
	</events>
	<template>
		<toolbar name="toolBar" position="top" draggable="false">
			<buttonbox name="buttonBox1" text="Button" icon="xios/icons/objects/24x24/brush1.png"/>
		</toolbar>
	</template>
	<documentation>
		<description>The component creates a toolbar</description>
		<attributes>
			<attribute name="name" type="string" value="" default="">
				<description>Name of the Toolbar</description>
			</attribute>
			<attribute locale="true" name="title" type="string" value="" default="">
				<description>Title for Toolbar (used when type is zoom)</description>
			</attribute>
			<attribute name="style" type="string" value="" default="">
				<description>Edits the appearance by style code</description>
			</attribute>
			<attribute name="position" type="string" value="" default="">
				<description>Controls the position of the Tool bar</description>
				<restrictions>
					<item>top</item>
					<item>bottom</item>
					<item>left</item>
					<item>right</item>
					<item>float</item>
				</restrictions>
			</attribute>
			<attribute name="opacity" type="numerical" value="" default="">
				<description>Specifies if the toolbar should be transparent and the percentage of the transparency</description>
			</attribute>
			<attribute name="xpos" type="numerical" value="" default="">
				<description>Defines the left position for a floating toolbar</description>
			</attribute>
			<attribute name="ypos" type="numerical" value="" default="">
				<description>Defines the top position for a floating toolbar</description>
			</attribute>
			<attribute name="type" type="string" value="" default="">
				<description></description>
				<restrictions>
					<item value="">default</item>
					<item>system</item>
					<item>zoom</item>
					<item>dark</item>
					<!--<item>tab</item>-->
				</restrictions>
			</attribute>
			<!--<attribute name="mode" type="string" value="" default="">
          <description>Affects buttons within toolbar</description>
          <restrictions>
            <item value="">none</item>
            <item>toggle</item>
            <item>mutex</item>
            <item>switch</item>
          </restrictions>
        </attribute>-->
			<attribute name="draggable" type="boolean" value="" default="">
				<description>Makes the Tool bar draggable if set to True</description>
			</attribute>
			<attribute name="width" type="string" value="" default="">
				<description></description>
			</attribute>
			<attribute name="hide" type="boolean" value="" default="false">
				<description>Defines if the component should be hidden upon start up</description>
			</attribute>
			<attribute name="windowdrag" type="boolean" value="" default="true">
				<description> If the application window should be dragged when the component is dragged </description>
			</attribute>
			<attribute locale="true" name="label" type="string" value="" default="">
				<description>Labels the component</description>
			</attribute>
		</attributes>
	</documentation>
</component>
