<component name="Tree" tag="tree" group="Structure" icon="xios/icons/applications/16x16/text_tree.png">
	<actions>
		<action name="activate"/>
		<action name="hide"/>
		<action name="show"/>
	</actions>
	<methods>
		<method name="edit"/>
		<method name="getNodePath"/>
		<method name="getCurrentLabel"/>
		<method name="navigateUp"/>
		<method name="nodeExpanded"/>
		<method name="setSelectionEx"/>
		<method name="setSelectionRoot"/>
		<method name="toggleNode"/>
	</methods>
	<events>
		<event name="Select"/>
		<event name="DoubleClick"/>
		<event name="ContextMenu"/>
		<event name="Delete"/>
		<event name="Drop"/>
		<event name="Edit"/>
	</events>
	<template>
		<tree name="tree" border="0" width="250" bgcolor="#FFF" height="100%">
		</tree>
	</template>
	<documentation>
		<description>The component creates a Tree for displaying and handling multi level information structures</description>
		<attributes>
			<attribute name="name" type="string" value="" default="">
				<description>Name of the Tree component</description>
			</attribute>
			<attribute name="bgcolor" type="color" value="" default="">
				<description>Background color</description>
			</attribute>
			<attribute name="border" type="numerical" value="" default="">
				<description>Size of the border in pixels</description>
			</attribute>
			<attribute name="sort" type="string" value="" default="">
				<description>Optional attribute to sort tree nodes with (ascending, text-sort)</description>
			</attribute>
			<attribute name="style" type="string" value="" default="">
				<description>Edits the appearance by style code</description>
			</attribute>
			<attribute name="width" type="numerical" value="" default="">
				<description>Sets the width for over ruling the default size</description>
			</attribute>
			<attribute name="height" type="numerical" value="" default="">
				<description>Sets the height for over ruling the default size</description>
			</attribute>
			<attribute name="focusnew" type="boolean" value="" default="">
				<description>If the tree should focus on newly created nodes in the tree.</description>
			</attribute>
			<attribute locale="true" name="wait" type="string" value="" default="">
				<description>If set, text is displayed until component is rendered</description>
			</attribute>
			<attribute name="hideroot" type="boolean" value="" default="false">
				<description>Hide the root node</description>
			</attribute>
			<attribute name="multiple" type="boolean" value="" default="true">
				<description>Multiple selections can not be made if set to false.</description>
			</attribute>
			<attribute name="windowdrag" type="boolean" value="" default="true">
				<description> If the application window should be dragged when the component is dragged </description>
			</attribute>
			<attribute locale="true" name="label" type="string" value="" default="">
				<description>Labels the component</description>
			</attribute>
		</attributes>
	</documentation>
</component>
