<component name="Vector Editor" tag="veditor" group="" icon="xide/img/Editor.png">
	<template>
		<veditor name="veditor" height="100%" width="100%">
			<rule match="" display="">
				<shape type=""/>
			</rule>
		</veditor>
	</template>
	<documentation>
		<description>The component creates an environment / tool for 2D-drawing</description>
		<attributes>
			<attribute name="name" type="string" value="" default="">
				<description>Name of the vector editor</description>
			</attribute>
			<attribute name="transformer" type="string" value="" default="">
				<description>Name of optional external transformer to override default transformation of data bound to component (optional)</description>
			</attribute>
			<attribute name="width" type="numerical" value="" default="">
				<description>Width of editor</description>
			</attribute>
			<attribute name="height" type="numerical" value="" default="">
				<description>Height of editor</description>
			</attribute>
			<attribute name="windowdrag" type="boolean" value="" default="true">
				<description> If the application window should be dragged when the component is dragged </description>
			</attribute>
		</attributes>
	</documentation>
</component>
