<component name="View" tag="view" group="" icon="xios/icons/development/16x16/components.png">
	<template></template>
	<events>
		<event name="Opened"/>
		<event name="Close"/>
	</events>
	<documentation>
		<description>The root component which holds all properties for the window and contains all other components.</description>
		<attributes>
			<attribute name="height" type="numerical" value="" default="">
				<description>Sets the height of the view</description>
			</attribute>
			<attribute name="width" type="numerical" value="" default="">
				<description>Sets the width for the view</description>
			</attribute>
			<attribute name="icon" type="icon" value="">
				<description>Path to icon for the view</description>
			</attribute>
			<attribute name="iconbar" type="boolean" value="true">
				<description>Defines if the icon in the titlebar should be displayed</description>
			</attribute>
			<attribute name="look" type="string" value="" default="blue">
				<description>Defines the skin of the window </description>
				<restrictions>
					<item>blue</item>
					<item>graphite</item>
					<item>liquid</item>
					<item>light</item>
				</restrictions>
			</attribute>
			<attribute name="mode" type="string" value="" default="default">
				<description>Application mode to be used </description>
				<restrictions>
					<item>default</item>
					<item>widget</item>
				</restrictions>
			</attribute>
			<attribute name="name" type="string" value="">
				<description>The unique name of the view </description>
			</attribute>
			<attribute name="resize" type="boolean" value="" default="true">
				<description>If view should be resizeable </description>
			</attribute>
			<attribute locale="true" name="title" type="string" value="">
				<description>The header/title of the view </description>
			</attribute>
			<attribute name="version" type="string" value="" default="1.0">
				<description>File version (personal use) </description>
			</attribute>
			<attribute name="winstate" type="boolean" value="">
				<description>If XIOS/3 should remember the position and size of the applicaiton </description>
			</attribute>
			<attribute name="alwaysontop" type="boolean" value="">
				<description>If the view should stay on top</description>
			</attribute>
			<attribute name="author" type="string" value="">
				<description>The author of the application</description>
			</attribute>
			<attribute locale="true" name="copyright" type="string" value="">
				<description>Copyright notice </description>
			</attribute>
			<attribute name="created" type="string" value="">
				<description>Creation date of view </description>
			</attribute>
			<attribute name="logotype" type="string" value="">
				<description>Url to splash screen logo (110x25px)</description>
			</attribute>
			<attribute name="maxHeight" type="numerical" value="">
				<description>Maximal height of the view </description>
			</attribute>
			<attribute name="maxWidth" type="numerical" value="">
				<description>Maximal width of the view </description>
			</attribute>
			<attribute name="minHeight" type="numerical" value="">
				<description>Minimal height of the view </description>
			</attribute>
			<attribute name="minWidth" type="numerical" value="">
				<description>Minimal width of the view </description>
			</attribute>
			<attribute name="modal" type="boolean" value="" default="false">
				<description>Deactivate all other windows while this is open.</description>
			</attribute>
			<attribute name="position" type="string" value="" default="default">
				<description>The starting location of the wiew </description>
				<restrictions>
					<item>default</item>
					<item>center</item>
				</restrictions>
			</attribute>
			<attribute name="publisher" type="string" value="">
				<description>Name of publisher</description>
			</attribute>
			<attribute name="revised" type="string" value="">
				<description>Last revision date of view</description>
			</attribute>
			<attribute name="splash" type="boolean" value="" default="false">
				<description>If splashscreen should be displayed</description>
			</attribute>
		</attributes>
	</documentation>
</component>
