<component name="Widget Pane" tag="widgetpane" group="" icon="">
	<actions>
		<action name="Drop"/>
	</actions>
	<methods>
		<method name="setLook"/>
	</methods>
	<template>
		<widgetpane name="widgetpane" title="" width="167" icon="xios/icons/applications/16x16/nav_down_right_blue.png" height="100%">
			<item view="xios://widget/view1.xml" process="xios://widget/process1.xml"/>
		</widgetpane>
	</template>
	<documentation>
		<description>The component creates a pane which where widgets can be placed.</description>
		<attributes>
			<attribute name="name" type="string" value="" default="">
				<description>Name of the Widget Pane</description>
			</attribute>
			<attribute name="width" type="numerical" value="" default="">
				<description>Sets the width for over ruling the default size</description>
			</attribute>
			<attribute name="height" type="numerical" value="" default="">
				<description>Sets the height for over ruling the default size</description>
			</attribute>
			<attribute locale="true" name="title" type="string" value="" default="">
				<description>The heading of your widgetPane</description>
			</attribute>
			<attribute name="icon" type="icon" value="" default="">
				<description>The icon of your heading</description>
			</attribute>
			<attribute name="windowdrag" type="boolean" value="" default="true">
				<description> If the application window should be dragged when the component is dragged </description>
			</attribute>
		</attributes>
	</documentation>
</component>
