<component name="XML Editor" tag="XMLeditor" group="System" icon="xios/gui/icons/16x16/xmleditor.png">
	<actions>
	</actions>
	<methods>
		<method name="clearSearchLines"/>
		<method name="execCommand"/>
		<method name="getSelection"/>
		<method name="getSelectionLength"/>
		<method name="getSelectionValue"/>
		<method name="getUpdateEnabled"/>
		<method name="gotoLine"/>
		<method name="lineNumbers"/>
		<method name="releaseEnter"/>
		<method name="search"/>
		<method name="setEditableMode"/>
		<method name="setFont"/>
		<method name="setUpdateEnabled"/>
		<method name="takeEnter"/>
		<method name="updateData"/>
	</methods>
	<events>
		<event name="Select"/>
		<event name="Changed"/>
		<event name="ContextMenu"/>
		<event name="Release"/>
		<event name="Saved"/>
		<event name="Selection"/>
		<event name="unSelection"/>
	</events>
	<template>
		<xmleditor name="XMLeditor" mode="xml" linenr="true" width="200" height="100" debug="false" updateEnabled="false"/>
	</template>
	<documentation>
		<description>An XML editor component</description>
		<attributes>
			<attribute name="name" type="string" value="" default="">
				<description>Name of the XML editor</description>
			</attribute>
			<attribute name="width" type="numerical" value="" default="">
				<description>Sets the width for over ruling the default size</description>
			</attribute>
			<attribute name="height" type="numerical" value="" default="">
				<description>Sets the height for over ruling the default size</description>
			</attribute>
			<attribute name="mode" type="enumeration" value="" default="">
				<restrictions>
					<item value="">none</item>
					<item>xml</item>
				</restrictions>
				<description>Defines the mode to use </description>
			</attribute>
			<attribute name="linenr" type="boolean" value="" default="">
				<description>If line numbers should be visible.</description>
			</attribute>
			<attribute name="debug" type="boolean" value="" default="">
				<description>If component should output information to debugger.</description>
			</attribute>
			<attribute name="updateEnabled" type="boolean" value="" default="">
				<description>If changes to data document should be propagated directly</description>
			</attribute>
			<attribute name="editable" type="boolean" value="" default="true">
				<description>If component should be editable</description>
			</attribute>
			<attribute locale="true" name="label" type="string" value="" default="">
				<description>Labels the component</description>
			</attribute>
			<attribute name="lstyle" type="string" value="" default="">
				<description>Style of the label</description>
			</attribute>
			<attribute name="selectionmode" type="enumeration" value="" default="">
				<description>Selection mode to use when hovering</description>
				<restrictions>
					<item value="">default</item>
					<item>element</item>
					<item>cursor</item>
				</restrictions>
			</attribute>
			<attribute locale="true" name="title" type="string" value="" default="">
				<description>The tool-tip of the component</description>
			</attribute>
			<attribute name="windowdrag" type="boolean" value="" default="true">
				<description> If the application window should be dragged when the component is dragged </description>
			</attribute>
		</attributes>
	</documentation>
</component>
