<?xml version="1.0"?>

<!-- Copyright © 2018 XIOS/3 AB. All rights reserved. -->

<year>
 <month>
  <day>Nyårsdagen</day>
  <day>Svea &amp; Sverker</day>
  <day>Alfred &amp; Alfrida</day>
  <day>Rut &amp; Ritva</day>
  <day>Hanna &amp; Hannele</day>
  <day>Baltsar &amp; Kasper</day>
  <day>August &amp; Augusta</day>
  <day>Erland &amp; Erhard</day>
  <day>Gunnar &amp; Gunder</day>
  <day>Sigurd &amp; Sigmund</day>
  <day>Hugo &amp; Hagar</day>
  <day>Frideborg &amp; Fridolf</day>
  <day>Knut</day>
  <day>Felix &amp; Felicia</day>
  <day>Laura &amp; Liv</day>
  <day>Hjalmar &amp; Hervor</day>
  <day>Anton &amp; Tony</day>
  <day>Hilda &amp; Hildur</day>
  <day>Henrik &amp; Henry</day>
  <day>Fabian &amp; Sebastian</day>
  <day>Agnes &amp; Agneta</day>
  <day>Vincent &amp; Veine</day>
  <day>Emilia &amp; Emelie</day>
  <day>Erika &amp; Eira</day>
  <day>Paul &amp; Pål</day>
  <day>Bodil &amp; Boel</day>
  <day>Göte &amp; Göta</day>
  <day>Karl &amp; Karla</day>
  <day>Valter &amp; Vilma</day>
  <day>Gunhild &amp; Gunilla</day>
  <day>Ivar &amp; Joar</day>
 </month>
 <month>
  <day>Max &amp; Magda</day>
  <day>Marja &amp; Mia</day>
  <day>Disa &amp; Hjördis</day>
  <day>Ansgar &amp; Anselm</day>
  <day>Lisa &amp; Elise</day>
  <day>Dorotea &amp; Dora</day>
  <day>Rikard &amp; Dick</day>
  <day>Berta &amp; Berthold</day>
  <day>Fanny &amp; Betty</day>
  <day>Egon &amp; Egil</day>
  <day>Yngve &amp; Ingolf</day>
  <day>Evelina &amp; Evy</day>
  <day>Agne &amp; Agnar</day>
  <day>Valentin &amp; Tina</day>
  <day>Sigfrid &amp; Sigbritt</day>
  <day>Julia &amp; Jill</day>
  <day>Alexandra &amp; Sandra</day>
  <day>Frida &amp; Fritz</day>
  <day>Gabriella &amp; Ella</day>
  <day>Rasmus &amp; Ruben</day>
  <day>Hilding &amp; Hulda</day>
  <day>Marina &amp; Marlene</day>
  <day>Torsten &amp; Torun</day>
  <day>Mattias &amp; Mats</day>
  <day>Sigvard &amp; Sivert</day>
  <day>Torgny &amp; Torkel</day>
  <day>Lage &amp; Laila</day>
  <day>Maria &amp; Maja</day>
 </month>
 <month>
  <day>Albin &amp; Inez</day>
  <day>Ernst &amp; Erna</day>
  <day>Gunborg &amp; Gunvor</day>
  <day>Adrian &amp; Ada</day>
  <day>Tora &amp; Tor</day>
  <day>Ebba &amp; Ebbe</day>
  <day>Isidor &amp; Doris</day>
  <day>Siv &amp; Saga</day>
  <day>Torbjörn &amp; Ambjörn</day>
  <day>Edla &amp; Ethel</day>
  <day>Edvin &amp; Elon</day>
  <day>Viktoria &amp; Viktor</day>
  <day>Greger &amp; Iris</day>
  <day>Matilda &amp; Maud</day>
  <day>Kristoffer &amp; Christel</day>
  <day>Herbert &amp; Gilbert</day>
  <day>Gertrud &amp; Görel</day>
  <day>Edvard &amp; Eddie</day>
  <day>Josef &amp; Josefina</day>
  <day>Joakim &amp; Kim</day>
  <day>Bengt &amp; Benny</day>
  <day>Viking &amp; Vilgot</day>
  <day>Gerda &amp; Gerd</day>
  <day>Gabriel &amp; Rafael</day>
  <day>Mary &amp; Marion</day>
  <day>Emanuel &amp; Manne</day>
  <day>Ralf &amp; Raymond</day>
  <day>Elma &amp; Elmer</day>
  <day>Jonas &amp; Jens</day>
  <day>Holger &amp; Reidar</day>
  <day>Ester &amp; Estrid</day>
 </month>
 <month>
  <day>Harald &amp; Halvar</day>
  <day>Gunnel &amp; Gun</day>
  <day>Ferdinand &amp; Florence</day>
  <day>Irene &amp; Irja</day>
  <day>Nanna &amp; Nanny</day>
  <day>Vilhelm &amp; Willy</day>
  <day>Irma &amp; Mimmi</day>
  <day>Vanja &amp; Ronja</day>
  <day>Otto &amp; Ottilia</day>
  <day>Ingvar &amp; Ingvor</day>
  <day>Ulf &amp; Ylva</day>
  <day>Julius &amp; Gillis</day>
  <day>Artur &amp; Douglas</day>
  <day>Tiburtius &amp; Tim</day>
  <day>Olivia &amp; Oliver</day>
  <day>Patrik &amp; Patricia</day>
  <day>Elias &amp; Elis</day>
  <day>Valdemar &amp; Volmar</day>
  <day>Olaus &amp; Ola</day>
  <day>Amalia &amp; Amelie</day>
  <day>Annika &amp; Anneli</day>
  <day>Allan &amp; Alida</day>
  <day>Georg &amp; Göran</day>
  <day>Vega &amp; Viveka</day>
  <day>Markus &amp; Mark</day>
  <day>Teresia &amp; Terese</day>
  <day>Engelbrekt &amp; Enok</day>
  <day>Ture &amp; Tyko</day>
  <day>Kennet &amp; Kent</day>
  <day>Mariana &amp; Marianne</day>
 </month>
 <month>
  <day>Valborg &amp; Maj</day>
  <day>Filip &amp; Filippa</day>
  <day>John &amp; Jack</day>
  <day>Monika &amp; Mona</day>
  <day>Vivianne &amp; Vivan</day>
  <day>Marit &amp; Rita</day>
  <day>Lilian &amp; Lilly</day>
  <day>Åke &amp; Ove</day>
  <day>Jonatan &amp; Gideon</day>
  <day>Elvira &amp; Elvy</day>
  <day>Mårta &amp; Mårit</day>
  <day>Charlotta &amp; Lotta</day>
  <day>Linnea &amp; Nina</day>
  <day>Lillemor &amp; Lill</day>
  <day>Sofia &amp; Sonja</day>
  <day>Hilma &amp; Hilmer</day>
  <day>Nore &amp; Nora</day>
  <day>Erik &amp; Jerker</day>
  <day>Majken &amp; Majvor</day>
  <day>Karolina &amp; Lina</day>
  <day>Konstantin &amp; Conny</day>
  <day>Henning &amp; Hemming</day>
  <day>Desirée &amp; Renée</day>
  <day>Ivan &amp; Yvonne</day>
  <day>Urban &amp; Ursula</day>
  <day>Vilhelmina &amp; Helmy</day>
  <day>Blenda &amp; Beda</day>
  <day>Ingeborg &amp; Borghild</day>
  <day>Jean &amp; Jeanette</day>
  <day>Fritjof &amp; Frej</day>
  <day>Isabella &amp; Isa</day>
 </month>
 <month>
  <day>Rune &amp; Runa</day>
  <day>Rutger &amp; Roger</day>
  <day>Ingemar &amp; Gudmar</day>
  <day>Solveig &amp; Solbritt</day>
  <day>Bo &amp; Boris</day>
  <day>Gustav &amp; Gösta</day>
  <day>Robert &amp; Robin</day>
  <day>Eivor &amp; Elaine</day>
  <day>Petra &amp; Petronella</day>
  <day>Kerstin &amp; Karsten</day>
  <day>Bertil &amp; Berit</day>
  <day>Eskil &amp; Esbjörn</day>
  <day>Aina &amp; Eila</day>
  <day>Håkan &amp; Heidi</day>
  <day>Margit &amp; Mait</day>
  <day>Axel &amp; Axelina</day>
  <day>Torborg &amp; Torvald</day>
  <day>Björn &amp; Bjarne</day>
  <day>Germund &amp; Jerry</day>
  <day>Linda &amp; Linn</day>
  <day>Alf &amp; Alva</day>
  <day>Paulina &amp; Paula</day>
  <day>Adolf &amp; Adela</day>
  <day>Johan &amp; Jan</day>
  <day>David &amp; Salomon</day>
  <day>Gunni &amp; Jim</day>
  <day>Selma &amp; Herta</day>
  <day>Leo &amp; Leopold</day>
  <day>Petrus &amp; Peter</day>
  <day>Elof &amp; Leif</day>
 </month>
 <month>
  <day>Aron &amp; Mirjam</day>
  <day>Rosa &amp; Rosita</day>
  <day>Aurora &amp; Adina</day>
  <day>Ulrika &amp; Ulla</day>
  <day>Melker &amp; Agaton</day>
  <day>Ronald &amp; Ronny</day>
  <day>Klas &amp; Kaj</day>
  <day>Kjell &amp; Tjelvar</day>
  <day>Jörgen &amp; Örjan</day>
  <day>Anund &amp; Gunda</day>
  <day>Eleonora &amp; Ellinor</day>
  <day>Herman &amp; Hermine</day>
  <day>Joel &amp; Judit</day>
  <day>Folke &amp; Odd</day>
  <day>Ragnhild &amp; Ragnvald</day>
  <day>Reinhold &amp; Reine</day>
  <day>Alexis &amp; Alice</day>
  <day>Fredrik &amp; Fred</day>
  <day>Sara &amp; Sally</day>
  <day>Margareta &amp; Greta</day>
  <day>Johanna &amp; Jane</day>
  <day>Magdalena &amp; Madeleine</day>
  <day>Emma &amp; Emmy</day>
  <day>Kristina &amp; Stina</day>
  <day>Jakob &amp; James</day>
  <day>Jesper &amp; Jessika</day>
  <day>Marta &amp; Moa</day>
  <day>Botvid &amp; Seved</day>
  <day>Olof &amp; Olle</day>
  <day>Algot &amp; Margot</day>
  <day>Elin &amp; Elna</day>
 </month>
 <month>
  <day>Per &amp; Pernilla</day>
  <day>Karin &amp; Kajsa</day>
  <day>Tage &amp; Tanja</day>
  <day>Arne &amp; Arnold</day>
  <day>Ulrik &amp; Alrik</day>
  <day>Sixten &amp; Sölve</day>
  <day>Dennis &amp; Donald</day>
  <day>Silvia &amp; Sylvia</day>
  <day>Roland &amp; Roine</day>
  <day>Lars &amp; Lorentz</day>
  <day>Susanna &amp; Sanna</day>
  <day>Klara &amp; Clary</day>
  <day>Hillevi &amp; Gullvi</day>
  <day>William &amp; Bill</day>
  <day>Stella &amp; Stellan</day>
  <day>Brynolf &amp; Sigyn</day>
  <day>Verner &amp; Veronika</day>
  <day>Helena &amp; Lena</day>
  <day>Magnus &amp; Måns</day>
  <day>Bernhard &amp; Bernt</day>
  <day>Jon &amp; Jonna</day>
  <day>Henrietta &amp; Henny</day>
  <day>Signe &amp; Signhild</day>
  <day>Bartolomeus &amp; Bert</day>
  <day>Lovisa &amp; Louise</day>
  <day>Östen &amp; Ejvind</day>
  <day>Rolf &amp; Rudolf</day>
  <day>Gurli &amp; Gull</day>
  <day>Hans &amp; Hampus</day>
  <day>Albert &amp; Albertina</day>
  <day>Arvid &amp; Vidar</day>
 </month>
 <month>
  <day>Samuel &amp; Sam</day>
  <day>Justus &amp; Justina</day>
  <day>Alfhild &amp; Alfons</day>
  <day>Gisela &amp; Glenn</day>
  <day>Harry &amp; Harriet</day>
  <day>Sakarias &amp; Esaias</day>
  <day>Regina &amp; Roy</day>
  <day>Alma &amp; Ally</day>
  <day>Anita &amp; Anja</day>
  <day>Tord &amp; Tove</day>
  <day>Dagny &amp; Daniela</day>
  <day>Tyra &amp; Åsa</day>
  <day>Sture &amp; Styrbjörn</day>
  <day>Ida &amp; Elida</day>
  <day>Sigrid &amp; Siri</day>
  <day>Dag &amp; Daga</day>
  <day>Hildegard &amp; Magnhild</day>
  <day>Alvar &amp; Orvar</day>
  <day>Fredrika &amp; Carita</day>
  <day>Agda &amp; Agata</day>
  <day>Ellen &amp; Elly</day>
  <day>Maurits &amp; Morgan</day>
  <day>Tekla &amp; Tea</day>
  <day>Gerhard &amp; Gert</day>
  <day>Kåre &amp; Tryggve</day>
  <day>Einar &amp; Enar</day>
  <day>Dagmar &amp; Rigmor</day>
  <day>Lennart &amp; Leonard</day>
  <day>Mikael &amp; Mikaela</day>
  <day>Helge &amp; Helny</day>
 </month>
 <month>
  <day>Ragnar &amp; Ragna</day>
  <day>Ludvig &amp; Louis</day>
  <day>Evald &amp; Osvald</day>
  <day>Frans &amp; Frank</day>
  <day>Bror &amp; Bruno</day>
  <day>Jenny &amp; Jennifer</day>
  <day>Birgitta &amp; Britta</day>
  <day>Nils &amp; Nelly</day>
  <day>Ingrid &amp; Inger</day>
  <day>Helmer &amp; Hadar</day>
  <day>Erling &amp; Jarl</day>
  <day>Valfrid &amp; Ernfrid</day>
  <day>Birgit &amp; Britt</day>
  <day>Manfred &amp; Helfrid</day>
  <day>Hedvig &amp; Hedda</day>
  <day>Fingal &amp; Finn</day>
  <day>Antonia &amp; Annette</day>
  <day>Lukas &amp; Matteus</day>
  <day>Tore &amp; Torleif</day>
  <day>Sibylla &amp; Camilla</day>
  <day>Birger &amp; Börje</day>
  <day>Marika &amp; Marita</day>
  <day>Sören &amp; Severin</day>
  <day>Evert &amp; Eilert</day>
  <day>Inga &amp; Ingvald</day>
  <day>Amanda &amp; My</day>
  <day>Sabina &amp; Ina</day>
  <day>Simon &amp; Simone</day>
  <day>Viola &amp; Vivi</day>
  <day>Elsa &amp; Elsie</day>
  <day>Edit &amp; Edgar</day>
 </month>
 <month>
  <day>André &amp; Andrea</day>
  <day>Tobias &amp; Toini</day>
  <day>Hubert &amp; Diana</day>
  <day>Uno &amp; Unn</day>
  <day>Eugen &amp; Eugenia</day>
  <day>Gustav Adolf</day>
  <day>Ingegerd &amp; Ingela</day>
  <day>Vendela &amp; Vanda</day>
  <day>Teodor &amp; Ted</day>
  <day>Martin &amp; Martina</day>
  <day>Mårten</day>
  <day>Konrad &amp; Kurt</day>
  <day>Kristian &amp; Krister</day>
  <day>Emil &amp; Mildred</day>
  <day>Katja &amp; Nadja</day>
  <day>Edmund &amp; Gudmund</day>
  <day>Naemi &amp; Nancy</day>
  <day>Pierre &amp; Percy</day>
  <day>Elisabet &amp; Lisbet</day>
  <day>Pontus &amp; Pia</day>
  <day>Helga &amp; Olga</day>
  <day>Cecilia &amp; Cornelia</day>
  <day>Klemens &amp; Clarence</day>
  <day>Gudrun &amp; Runar</day>
  <day>Katarina &amp; Carina</day>
  <day>Linus &amp; Love</day>
  <day>Astrid &amp; Asta</day>
  <day>Malte &amp; Malkolm</day>
  <day>Sune &amp; Synnöve</day>
  <day>Anders &amp; Andreas</day>
 </month>
 <month>
  <day>Oskar &amp; Ossian</day>
  <day>Beata &amp; Beatrice</day>
  <day>Lydia &amp; Carola</day>
  <day>Barbro &amp; Barbara</day>
  <day>Sven &amp; Svante</day>
  <day>Nikolaus &amp; Niklas</day>
  <day>Angelika &amp; Angela</day>
  <day>Virginia &amp; Vera</day>
  <day>Anna &amp; Annie</day>
  <day>Malin &amp; Malena</day>
  <day>Daniel &amp; Dan</day>
  <day>Alexander &amp; Alex</day>
  <day>Lucia</day>
  <day>Sten &amp; Stig</day>
  <day>Gottfrid &amp; Gotthard</day>
  <day>Assar &amp; Astor</day>
  <day>Inge &amp; Ingemund</day>
  <day>Abraham &amp; Efraim</day>
  <day>Isak &amp; Rebecka</day>
  <day>Israel &amp; Moses</day>
  <day>Tomas &amp; Tom</day>
  <day>Natanael &amp; Natalia</day>
  <day>Adam</day>
  <day>Eva</day>
  <day>Juldagen</day>
  <day>Stefan &amp; Staffan</day>
  <day>Johannes &amp; Hannes</day>
  <day>Rakel &amp; Benjamin</day>
  <day>Abel &amp; Set</day>
  <day>Gunlög &amp; Åslög</day>
  <day>Sylvester</day>
 </month>
</year>
