<?xml version="1.0"?>

<application name="Shell" icon="xios/icons/development/32x32/console.png" instances="0" xmlns:xlink="http://www.w3.org/1999/xlink" xmlns:atom="http://www.w3.org/2005/Atom" author="Andreas Forsen, Peter Wahlgren" xmlns:l="http://xios3.com/lang" theme="marble">
  <share>false</share>
  <settings>
    <path>xios://</path>
  </settings>
  <about loader="false" version="2.00" revised="2021-07-21" created="2009-02-02"
         author="Andreas Forsen, Martin Nilsson" copyright="Copyright © 2018-2021 XIOS/3 AB. All rights reserved."
         publisher="XIOS/3">
    <description>Shell providing command prompt interaction to operating system</description>
    <license xlink:type="simple" xlink:actuate="onRequest" xlink:href="https://xios3.com/license/xios_1.xml">XIOS.1</license>
    <installed></installed>
  </about>

  <view xlink:actuate="onLoad" name="Shell" mode="plain" title="Shell" l:title="Shell" author="Andreas Forsen" created="2009" revised="2010-01-28" height="450" width="520" minHeight="50" minWidth="145" icon="icon://console">
    <panel name="p" height="100%" width="100%" style="border: 0;">
      <shell name="shell" selectable="true" database="Drive" container="Directory" containershort="Dir" object="File">
        <banner xios="true"/>

        <look name="mono" bgColor="#eed" fontColor="#000" font="Courier"/>
        <look name="c64" bgColor="#4242e7" fontColor="#a5a5ff"/>
        <look name="chrome" bgColor="#000" fontColor="#f2f2f2" error="#f00" progress="#8698b7" confirmation="#72d7ff" info="#8e8e8e" formText="#a5a5a5" formAnswer="#c1c1c1" dirColor="#919191" fileColor="#ae9cbc" divider="#504756" colorXML="true"/>
        <look name="dos" bgColor="#000" fontColor="#a8a8a8" font="Courier"/>
        <look name="green" bgColor="black" fontColor="#0f0"/>
        <look name="mist" bgColor="#2d2c26" fontColor="#d3d3d2" error="#e08183" progress="#02991d" confirmation="#3e8dc2" info="#3e8dc2" formText="#6e6e6c" dirColor="#ec8e01" fileColor="#02991d" divider="#ec8e01" colorXML="true"/>
        <look name="xml" bgColor="#000" fontColor="#0f0" error="#f00" progress="#ff0" confirmation="#fff" info="#8080ff" formText="#ff0" formAnswer="#fff" dirColor="#8080ff" fileColor="#f0f" colorXML="true"/>
        <look name="amiga" bgColor="#05a" fontColor="#fff" error="#f80" progress="#ff0" info="#8080ff" formText="#ff0" dirColor="#f80" fileColor="#f80" divider="#0f0" font="Courier"/>
        <look name="tactical" bgColor="#006" fontColor="#0f0" error="#f00" progress="#ff0" confirmation="#fff" info="#8080ff" formText="#ff0" formAnswer="#fff" dirColor="#8080ff" fileColor="#f0f"/>

        <macro name="xmlpad" description="Opens a document in xmlpad">load "xios/apps/XMLEditor/xmleditorapp.xml" -d $</macro>
        <macro name="cd.." description="Moves one folder level up">cd ..</macro>
        <macro name="del" description="Deletes a document">rm $</macro>
        <macro name="cls" description="Clears the shell">clear</macro>
        <macro name="move" description="Moves a file or folder">mv $</macro>
        <macro name="copy" description="Copy file">cp $</macro>
        <macro name="dir" description="Lists files/folders in a folder">ls $</macro>
        <macro name="!" description="History command">history $</macro>
        <macro name="md" description="Creates a directory">mkdir $</macro>
        <macro name="rd" description="Removes a directory">rmdir $</macro>
        <macro name="ren" description="Renames a file">rename $</macro>
        <macro name="whoami" description="Prints info about current user">echo  User:    $username | echo  User Id: $userid</macro>
        <macro name="hlp" description="Opens the help about Cloud Shell">load xios/apps/help/helpapp.xml -d xios/apps/help/data/ShellHelp.xml</macro>
        <macro name="explorer" description="Open Document Explorer">load xios/apps/system/document.xml</macro>
        <macro name="system" description="Open the System Manager">load xios/apps/system/system.xml</macro>
        <macro name="dev" description="Developer documentation">load xios/apps/help/helpapp.xml -d xios/apps/help/data/DevelopmentPDF.xml</macro>
        <!-- <macro name="cbe" description="CloudBackend Database" hidden="true">load dashboard/dashboard.xml -s loggedIn</macro>-->

        <group name="Shell">

          <!-- CloudShell internal -->
          <command name="history" internal="history">Prints history of commands executed. If an integer is specified as argument that history command is executed</command>
          <command name="echo" internal="echo">Prints a message in the shell</command>
          <command name="set" internal="set">Sets a shell variable (creates the variable if it is not already set) to a value</command>
          <command name="commands" internal="commands">Prints a list of all available commands</command>
          <command name="clear" internal="clear">Clears the shell</command>

          <!-- CA_Shell defined -->
          <command name="bgcolor" internal="bgcolor">Sets the background color of the shell</command>
          <command name="date">Prints current date</command>
          <command name="exit" internal="exit">Closes the Cloud Shell application</command>
          <command name="font" internal="font">Overrides the font of the current look and uses it instead</command>
          <!-- <command name="fullscreen" internal="fullscreen">Opens the shell in a fullscreen window"</command> -->
          <command name="help" internal="help">Prints inforamation about available commands</command>
          <command name="localize" internal="localize">Prints a localized label given a label key</command>
          <command name="look" internal="look">Changes the look of the shell</command>
          <command name="macros" internal="macros">Prints a list of all available macros or lets you import macros from a file</command>
          <command name="time">Prints current time</command>
          <command name="locale">Change current locale</command>
        </group>

        <!-- System group -->
        <group name="System">
          <command name="reboot" internal="reboot">Restarts XIOS/3</command>
          <command name="apps" internal="apps">Prints a list of all active applications</command>
          <command name="views" internal="views">Prints a list of all opened views</command>
          <command name="resize" internal="resize">Resizes a view</command>
          <command name="ps" internal="ps">Prints a list of all active processes</command>
          <command name="channels" internal="channels">Prints the list of all channels you are logged in to</command>
          <command name="pwd" internal="pwd">Prints the working directory</command>
          <command name="logout" internal="logout">Logout current user and restart system.</command>
          <command name="cache" internal="cache">Prints a list of documents in the cache. If 'cache clear' is typed the cache is cleared</command>
          <command name="kill" internal="kill">Kills a process or processes associated with an application</command>
          <command name="version" internal="version">Prints XIOS/3 version and build information</command>
          <command name="close" internal="close">Closes a view or an application</command>
          <command name="publish" internal="publish">Publish a folder</command>
          <command name="about" internal="about">Info about XIOS/3</command>
          <command name="application" internal="application">Info about current application package</command>
          <command name="install" internal="install">Install application</command>
          <command name="uninstall" internal="uninstall">Uninstall application</command>
          <command name="listen" internal="listen">Get events from a document</command>
          <command name="bindings" internal="bindings">Show the component bindings</command>
          <command name="shortcut" internal="shortcut">Creates a shortcut</command>
          <command name="clearwidgets" hidden="true">Removes all the user configured widgets</command>
        </group>

        <!-- File group -->
        <group name="File">
          <command name="upload" internal="upload">Opens an upload dialog that will upload files to specified folder</command>
          <command name="download" internal="download">Opens a window that lets you download specified file</command>
          <command name="dlm" internal="dlm">Download web files directly to CloudBackend</command>
          <command name="ls" internal="ls">Lists the files and folders in a directory</command>
          <command name="cd" internal="cd">Changes working directory</command>
          <command name="type" internal="type">Prints a document in the shell</command>
          <command name="mv" internal="move">Moves a file or folder</command>
          <command name="cp" internal="copy">Copy file</command>
          <command name="rm" internal="delete">Deletes a document</command>
          <command name="mkdir" internal="mkdir">Creates a directory</command>
          <command name="load" internal="load">Loads (executes) applications, processes or views xml files</command>
          <command name="mount" internal="mount">Mounts a group as a virtual drive in CloudBackend (You are logged in to the group).</command>
          <command name="renamedir" internal="renamedir">Renames a directory</command>
          <command name="rmdir" internal="rmdir">Removes a directory</command>
          <command name="rename" internal="rename">Renames a file</command>
          <command name="grep" internal="grep">Searches files globally for lines matching a given regular expression</command>
          <command name="drives" internal="drives">Display list of available drives and the disk usage for each of them</command>
        </group>

				<!-- Database group -->
        <group name="Database">
          <command name="databases" internal="drives">Display list of available databases and the disk usage for each of them</command>
          <command name="create" internal="create">Creates an empty xml document</command>
          <command name="meta" internal="meta">Adds, removes or modifies a meta data field of a file</command>
          <command name="acl" internal="acl">Modifies permissions on a file or folder</command>
					<command name="query" internal="query">Query the database for information</command>
					<command name="desc" internal="desc">Query the database for description of container</command>
					<command name="types" internal="types">Display all registered object types in the database</command>
					<command name="datatype" internal="datatype">Display the specified datatype</command>
					<command name="streams" internal="streams">View any available streams associated to a file</command>
				</group>

				<!-- Sharing group -->
				<group name="Sharing">
					<command name="share" internal="share">Share an object or container with an identity or group</command>
					<command name="unshare" internal="unshare">Revoke sharing of an object or container</command>
					<command name="shares" internal="shares">List all shared objects and containers</command>
				</group>

        <command name="whois" internal="whois" group="User">Prints information about a user</command>

      </shell>
    </panel>
    <menu name="context">
      <item name="mHelp" text="Help Center..." l:text="Help Center..." icon="icon://question" title="Open Help Center" l:title="Open Help Center"/>
    </menu>
  </view>

  <process xlink:actuate="onLoad" step="1" name="Shell" description="XIOS/3 System Shell">
    <trigger view="Shell" component="shell" event="Fullscreen" step="openFullscreen"/>
    <trigger view="Shell" component="shell" event="ContextMenu" step="openContextMenu"/>
    <trigger view="Shell" component="mHelp" event="Select" step="openShellHelp"/>
    <trigger view="Shell" event="Opened" step="Opened"/>

    <trigger view="Shell" component="shell" event="ChangedLook" step="changedLook"/>
    <trigger view="Shell" component="shell" event="ChangedBackground" step="changedBackground"/>
    <trigger view="Shell" component="shell" event="ChangedFont" step="changedFont"/>
    <trigger view="Shell" component="shell" event="Command_date" step="cmdDate"/>
    <trigger view="Shell" component="shell" event="Command_time" step="cmdTime"/>
    <trigger view="Shell" component="shell" event="Command_locale" step="cmdLocale"/>
	  <trigger view="Shell" component="shell" event="Command_clearwidgets" step="cmdClearWidgets"/>

    <step id="1" name="Show Application"/>

    <step id="Opened">
      <alias name="config" value="{$main}://Applications/Data/Shell.xml"/>

      <operation name="decision" value="$config">
        <when exists="true"/>
        <otherwise>
          <operation name="filesystem" value="{$main}://Applications/Data/">
            <create name="Shell.xml" type="file">
              <content type="text/xml"><config/></content>
            </create>
          </operation>
        </otherwise>
      </operation>

      <operation name="callMethod" value="#Shell#shell">
        <method name="setLook">
          <param>{$config#/config/skin}</param>
          <param>{$config#/config/bg}</param>
          <param>{$config#/config/font}</param>
        </method>
      </operation>

      <!-- Add /config/command for compatibility? -->
      <operation name="foreach" value="$config#/config/macro">
        <operation name="callMethod" value="#Shell#shell">
          <method name="addMacro">
            <param>{@name}</param>
            <param>{text()}</param>
            <param>{@description}</param>
          </method>
        </operation>
      </operation>

      <operation name="decision" value="#GroupManager">
        <when exists="true">
          <operation name="callMethod" value="#Shell#shell">
            <method name="registerXML">
              <param type="xml">
                <command name="groups" internal="groups" group="Group">Displays a list of all the groups you are member of</command>
                <command name="members" internal="members" group="Group">Displays the members of a group or role</command>
                <command name="kick" internal="kick" group="Group">Kick user from a group</command>
                <command name="ban" internal="ban" group="Group">Ban user from a group</command>
                <command name="unban" internal="unban" group="Group">Lift ban on user</command>
                <command name="banned" internal="banned" group="Group">Display banned members</command>
                <command name="invite" internal="invite" group="Group">Invite a user to a group</command>
                <command name="invitations" internal="invitations" group="Group">Display invitations in a group</command>
                <command name="applicants" internal="applicants" group="Group">Display applicants in a group</command>
                <command name="join" internal="join" group="Group">Request to join group, also works as accept invitation</command>
                <command name="leave" internal="leave" group="Group">Leave group</command>
                <command name="roles" internal="roles" group="Group">List roles in a group</command>
                <command name="groupacl" internal="groupacl" group="Group">Information about group ACL security</command>
              </param>
            </method>
          </operation>
        </when>
      </operation>
    </step>

    <step id="changedLook">
      <operation name="change" value="$config">
        <store type="replaceText" select="/config/skin">{#Shell#shell.getLook()}</store>
        <delete select="/config/bg"/>
        <delete select="/config/font"/>
      </operation>
      <operation name="save" value="$config"/>
    </step>

    <step id="changedBackground">
      <operation name="change" value="$config">
        <store type="replaceText" select="/config/bg">{#Shell#shell.getBackground()}</store>
      </operation>
      <operation name="save" value="$config"/>
    </step>

    <step id="changedFont">
      <operation name="change" value="$config">
        <store type="replaceText" select="/config/font">{#Shell#shell.getFont()}</store>
      </operation>
      <operation name="save" value="$config"/>
    </step>

    <step id="openFullscreen">
      <operation name="close" value="Shell"/>
      <operation name="open" value="$package#view">
        <window>fullscreen</window>
      </operation>
    </step>

    <step id="openContextMenu">
      <operation name="action" value="#Shell">
        <component name="context" action="open"/>
      </operation>
    </step>

    <step id="openShellHelp">
      <operation name="open" value="xios/apps/help/helpapp.xml">
        <trigger value="xios/apps/help/data/ShellHelp.xml"/>
      </operation>
    </step>

    <step id="cmdDate">
      <alias name="cmd" value="!"/>
      <operation name="callMethod" value="#Shell#shell">
        <method name="println">
          <param> The current date is: {$date}</param>
        </method>
      </operation>
    </step>

    <step id="cmdTime">
      <alias name="cmd" value="!"/>
      <operation name="callMethod" value="#Shell#shell">
        <method name="println">
          <param> The current time is: {formatdate('now','HH:mm:ss')}</param>
        </method>
      </operation>
    </step>

    <step id="cmdLocale">
      <alias name="cmd" value="!"/>
      <operation name="config">
        <setLanguage value="{$cmd#/command/argument[1]}"/>
      </operation>
      <operation name="callMethod" value="#Shell#shell">
        <method name="println">
          <param> The current locale is: {getlabel("$locale")}</param>
        </method>
      </operation>
    </step>

    <step id="cmdClearWidgets">
      <alias name="cmd" value="!"/>
			<operation name="change" value="#SystemConfig">
				<store type="replace" select="/*/widgets/*"><atom:feed/></store>
			</operation>
    </step>
  </process>
</application>
