<?xml version="1.0"?>

<section name="XIOS/3 Development" icon="icon://book?color=red" xmlns:xlink="http://www.w3.org/1999/xlink">
  <!--
  :::::::::::::::::::::::::::::::::::::::::::::::::::::::::::::::::::
  Comments:
  KEYWORDS: When writing keywords make sure to write them in singular i.e. table not tables  if you want them to be found when searching only for table
  SPECIAL- KEYWORDS: c = component, e=event, m=method, a=action, x=extension

  NOTES:
  * Make a search for "note:" to find notes left behind and issues that need to be sorted out.
  * If changing a code example observe that a rows attribute might be present. If you change the number of lines in the code then update that number.
  * Parent chapters should explain the contents of their children.

  LINKS:
    opening applications:
      <ref type="CloudTop" inline="true" href="local://,xios/apps/XMLEditor/xmleditorapp.xml,apps/calculator/calculator.xml,1," >Edit Calculator</ref>
      <ref type="CloudTop" inline="true" href="local://,xios/apps/shell/shell.xml,">Open Console</ref>,

@type="CloudTop"
@inline="(true)|false" if the links is placed inside text
@icon = "(true)|false" if an icon should be displayed (XML editor or Run app)


   Syntax:
   * local://,1,2,3,
   Rule:
    * it must end with a , because the component seems to cut the last char of the link. thus when this is fixed , will become another item-element and the links till continue to work.
  Params:
    (0) = local:// = keeps IE from trying to access http (becase this is a link (<a/>)
    1 = apps/xide.. = the application which we indent to open
    2 = apps/calcul.. = our trigger data
    3 = 1 = the initializing step (1 by default)

      APPLICATION EXAMPLE /  CONTENT TEMPLATE
      * Introduction / Foreword (no heading)
        (including the author of the example)
      * Finished Application (picture and description of functionality)
      * The XML Data
          1. How we intend to use the data
          2. CODE :: XML data document
      * The UI XML
          1. Which functionality we intend to use
          2. CODE
          3. Code Explanation
      * The Process XML
          1. What we need when it comes to logic
          2. CODE
          3. Code Explanation
      * Final Word

    :::::::::::::::::::::::::::::::::::::::::::::::::::::::::::::::::::
    -->
  <text>
    <p>
      If you want to learn about XIOS/3 (the HTML5 Client Application Server behind the CloudTop service) and programming this is the place.
      XIOS/3 allows you to build visually rich applications in a higher abstraction level, with great capabilities of interacting with any server back-end resource or code.
      One way of describing the Client Application Server is as a user interface front-end for a Service Oriented Architecture (SOA).
    </p>
    <p>
      CloudTop is built of many small XIOS/3 apps, this includes the desktop, taskbar, widgets and all application windows. If you use the System Manager application to
      close down all open views, you will end up with only a black screen, were the only thing still running would be the Client Application Server and the System Manager app.
      Having a Client Application Server at your disposal means that most of your application logic can be performed directly on the client, with a minimal amount of server requests as an end result. The applications are executing on the client.
    </p>
    <p>
      If you are familiar with XML, XPath and XSL you might only need to utilize the reference chapters of the application. It is however important to get familiar with the concept of <ref xpath="/section/section[@name='Application Packaging']">Application Packages</ref>.
    </p>
    <header size="4">Enabling Debug</header>
    <p>
      To simplify development, XIOS/3 can be turned in to "debug" mode. This is done by activating debug using the Control Panel
      application, click Development and choose Yes for "Activating Debugging Traces". You may now toggle the debug window by clicking
      on the blue icon in the top right corner. The process operation
      <ref xpath="/section/section[@name='References']/document[@name='Process Operations']/document[@name='debug']">debug</ref> can be
      used to write to the debug window.
    </p>

    <header size="4">Audience</header>
    <p>
      The audience of this document is anyone interested in building XIOS/3 applications. It is easy to learn
      how to create XIOS/3 applications, especially if you are familiar with HTML, Javascript and XML development.
    </p>
    <header size="4">Prerequisites</header>
    <p>
      You will need basic programming knowledge and knowledge of working with markup based languages such as HTML or XML.
      It is recommended that the reader acquire knowledge about the following to become a successful XIOS/3 application developer:
    </p>
    <list type="unordered">
      <item>XML</item>
      <item>XSL (XSLT and XPath)</item>
      <item>HTML</item>
      <item>CSS</item>
    </list>

    <header size="3">What the documentation covers</header>
    <p>
      This documentation is a reference library of all <ref xpath="/section/section[@name='References']/document[@name='Components']">components</ref>
      and functionality available in XIOS. We will also provide examples with these references.
    </p>
    <p>
      The documentaion is divided in to sections of relevance. First is the <ref xpath="/section/section[@name='Application Development']">Application Development</ref>
      section where you are introduced to how basic application development works and example of applications. This section also contains information about
      <ref xpath="/section/section[@name='Application Packages']">application packaging</ref> which a way of making an executable application file that will allow for
      multiple instances of applications.
    </p>
    <p>
      The next three main chapters are the <ref xpath="/section/section[@name='UI Development']">UI Development</ref>, the
      <ref xpath="/section/section[@name='Process Development']">Process Development</ref> finally the
      <ref xpath="/section/section[@name='UI Development']/document[@name='XSLT Extensions']">XSLT Extensions Reference</ref> section (containing information about available
      extensions for XSLT driven components).
    </p>
    <header size="3">Getting started with development</header>
    <p>
      We do recommend that you setup a development folder in CloudTop and then use CloudMe and its WebDAV feature to mount your development folder as a drive (see https://cloudme.com/webdav).
      You can then use any text editor of choice on your computer to edit and build CloudTop apps. As soon as you have saved your changes through WebDAV, open the Console app in CloudTop and clear the cache with this command:
    </p>
    <p>
      <italic>cache clear</italic>
    </p>
    <p>
      With the help of the System Manager application and the Documents tab, you can also clear the cache (you do not need to restart CloudTop). You may also view the source code of any opened application in CloudTop using the System Manager.
      Please note that you may reuse any available XML source code in CloudTop to build your own app. Your apps can be published on any web site that support https and used in CloudTop.
    </p>
    <p>
      To test your app, right click on the desktop, choose New and then Shortcut. If your app is located in the Test folder under Applications, the path would be:
    </p>
    <p>
      <italic>xios://Applications/Test/Test.xml</italic>
    </p>
    <p>
      The above example assumes that you main application, your <ref xpath="/section/section[@name='Application Packaging']">Application Package</ref> is called Test.xml. It is adviseable to always start with an application package when building a CloudTop app.
      Please note that a Shortcut also support references to apps on external web servers, like: https://myserver.com/Test.xml. The icon specified in the application package is the one that will show up on the desktop.
    </p>
    <header size="3">Community and Support</header>
    <p>
      CloudTop and the underlying XIOS/3 are products that is constantly being perfected so we are thankful for any contributions that you are able to make by perhaps finding a bug in CloudTop or
      feel something should be changed or enhanced in the documentation. You can provide your feedback using the Feedback application in the top bar. We want to hear your opinions
      so send us a message.
    </p>
    <p>
      If you have built an application that you want to share with the rest of the world, please email us the source code in a zip-file to support@cloudtop.com, and we will consider it for inclusion in the Marketplace app. Please also note who the publisher is and what copyrights that apply.
      As with all apps on CloudTop, the source code will be available for everyone else to view through the System Manager.
    </p>
    <header size="3">Author</header>
    <p>
      XIOS/3
    </p>
  </text>

  <section name="Application Development" xlink:type="simple" xlink:actuate="onRequest" xlink:href="xios/apps/help/data/dev_App.xml"></section>

  <section name="Application Packaging" open="false" xlink:type="simple" xlink:actuate="onRequest" xlink:href="xios/apps/help/data/dev_Apppack.xml"></section>

  <section name="Extending XIOS/3" open="false" xlink:type="simple" xlink:actuate="onRequest" xlink:href="xios/apps/help/data/dev_Extending.xml"></section>

  <section name="UI Development" lcase="view" xlink:type="simple" xlink:actuate="onRequest" xlink:href="xios/apps/help/data/dev_UI.xml"></section>

  <section name="Process Development" xlink:type="simple" xlink:actuate="onRequest" xlink:href="xios/apps/help/data/dev_Process.xml"></section>

  <section name="Examples" open="false" xlink:type="simple" xlink:actuate="onRequest" xlink:href="xios/apps/help/data/dev_Examples.xml"></section>

  <section name="References" open="false" xlink:type="simple" xlink:actuate="onRequest" xlink:href="xios/apps/help/data/dev_Reference.xml"></section>

  <section name="Dictionary" open="false" xlink:type="simple" xlink:actuate="onRequest" xlink:href="xios/apps/help/data/dev_Dictionary.xml"></section>
</section>
