<?xml version="1.0"?>

<section name="XIOS/3 Development" icon="icon://book?color=red" xmlns:xlink="http://www.w3.org/1999/xlink">

  <text>

    <p>Development and reference manual for XIOS/3. For an easier to digest introduction to XIOS/3 please have a look at the XIOS/3 Tutorial.</p>

    <header size="4">What is XIOS/3?</header>
    <p>
      XIOS/3 is the world's most advanced environment for developing and running web applications. It allows you to use XML as the template language to build visually rich applications in a higher abstraction level, with great capabilities of interacting with any server back-end resource or code. One way of describing XIOS/3 is as a Client Application Server, an Application Server on the client side used as a user interface front-end for a Service Oriented Architecture (SOA).
    </p>
    <p>
      Having a Client Application Server at your disposal means that most of your application logic can be performed directly on the client, with a minimal amount of
server requests as an end result. The applications are executing within the web browser of the client, making XIOS/3 an ideal partner with any server technology. Utilizing resources on the client, with reduced server dependency, drastically reduces the perceived latency in web applications with a better user experience as a result.
	</p>
	<p>
        XIOS/3 is designed to be what HTML would have been, if HTML had been designed for developing and running applications, not text-based content. Using HTML with a JavaScript framework on top only gets you a bit on the way of creating rich applications, but if you want to develop applications with usability close to installed software, XIOS/3 is the most efficient way.
	</p>

    <header size="4">A Complete Client Side Solution</header>
    <p>
      The XIOS/3 technology is entirely located on the client side. It handles everything from the user interface and logic to communication and underlying backend systems. It’s an application environment that provides a complete solution from UI components, through event routing, data flow management and transaction engine, to service abstractions and protocol management. XIOS/3 is self contained with no server components and also makes it possible to integrate to existing systems without requiring any changes to them.
      <picture href="xios/apps/help/images/development/super_high_view.png"
               width="520" height="237" border="0" />
    </p>

    <!--
    <header size="4">The Ideal XIOS/3 Projects</header>
    <p>
    </p>
    <p>
If you are familiar with XML, XPath and XSL you might only need to utilize the reference chapters of the application. It is
however important to get familiar with the concept of Application Packages.
</p>
    -->

    <header size="4">What the Documentation Covers</header>
    <p>
      This documentation is an introduction to XIOS/3 concepts, application development and packaging. In addition it contins a reference section with all the included events, components and expression functions. Finally a collection of small examples.
The first section you are reading now contains basic information on how to quickly set up XIOS/3 for development and production deployment. The following chapter is the Application Development section where you are introduced to how basic application development works and example of applications. This is followed by Application Packaging describing how to create application packages for deployment. Next is the UI Development section, describing the view part of MVC and how components are combined together. This is followed by the Process Development chapter describing the Controller part. Finally is the reference sections of the manual.
    </p>

    <header size="4">Quick Start</header>
    <p>
      To start using XIOS/3, take the zip archive and unzip it in the
      root of a webserver. Then go with your web browser to the
      location of your web server and load the index.html file. Once
      loaded you are now running the XIOS/3 shell application. From
      here you can load any of your own projects, e.g. "load
      demo.xml". Type "help" to see a list of options available in the
      shell application.
    </p>
    <p>
      During development of XIOS/3 applications it may be convenient
      to have a local webserver running on your development
      computer. This can host both XIOS/3 and the application you are
      writing. All of XIOS/3 code is contained within the "xios"
      directory, making it easy to drop XIOS/3 into any existing web
      server without conflict. It is however possible to host the web
      page on one server, XIOS/3 on another server and the application
      on a third.
    </p>
    <p>
      There are many webservers available to chose from, but one easy
      option available everywhere Python is installed, such as MacOS
      and most Linux systems, is to use its built in web server. You
      can start it by opening a command shell in the directory you
      want as the root directory for your web server, and type the
      following to open a web server on http://localhost:8080/
    </p>
    <list type="indent">
      <item>python -m SimpleHTTPServer 8080</item>
    </list>
  </text>

  <document name="Launching XIOS/3">

    <text>
      <p>
        XIOS/3 is loaded and initialized in multiple steps to support
        a distributed and flexible architecture. The first step is an
        HTML file that sets up the initial loading conditions for the
        environment, both in term of fundamentals such as what the
        home domain name should be and if HTTP or HTTPS is used, but
        also to give the developer the final say in how XIOS/3 is
        loaded.
      </p>
      <p>
        In the HTML page the boot parameters for XIOS/3 is defined in
        the JavaScript object "boot". Then, when all deployment
        specific additions are made, XIOS/3 bootloader is loaded into
        the page. It will load and start XIOS/3 according to the boot
        object.
      </p>

      <header size="3">HTML Loading Page</header>
      <p>
        Minimally the HTML loading page only needs to load the boot
        loader, and it will default to load the shell application.
      </p>
      <code heading="Minimal HTML loading page"><![CDATA[<html>
  <head>
    <meta charset="utf-8" />
  </head>
  <body style="overflow: hidden;">
    <script src="xios/boot.js" charset="utf-8"></script>
  </body>
</html>]]></code>
      <p>
        Every deployment of actual code projects requires at least
        that XIOS/3 is given an application to start executing,
        instead of loading the shell application. This is controlled
        by the startup member of the boot object. To load the example
        startup process "xios/config/startup.xml", att the following
        script element to the HTML header.
      </p>
      <code heading="Define boot and load startup"><![CDATA[<script>
var boot = {
  startup : "xios/config/startup.xml"
};
</script>]]></code>
      <p>
        The "xios/config/startup.xml" file accomplish two things. It
        defines a new protocol in XIOS/3 under the name "https" using
        the HTTPS protocol module. This allows you to load data using
        https://-URLS within XIOS/3. Having done that it starts the
        shell application "xios/apps/shell/shell.xml".
      </p>
      <p>
        What should go into the startup document depends on your
        project. If you are making a stand alone application, you can
        point XIOS/3 startup sequence to the main document
        directly. If you want to separate between the XIOS/3
        environment and the applications running within it, it could
        make sense to limit the start script to initialization and
        then hand over to external applications or another loader.
      </p>
      <code heading="startup.xml"><![CDATA[<process>
  <step id="1" name="Start Shell">
    <operation name="channel">
      <name>https</name>
      <title>HTTPS</title>
      <protocol>HTTPS</protocol>
    </operation>
    <operation name="open" value="xios/apps/shell/shell.xml"/>
  </step>
</process>]]></code>
      <p>
        Whenever network activity occurs XIOS/3 will make the DOM
        element "activityLayer" visible. This allows you to design
        overlays that signals load activity.
      </p>
      <code heading="Network activity overlay"><![CDATA[<div id="activityLayer"
  style="position: absolute; right: 50px; bottom: 50px; z-index:9999;">
  <img src="loading.png" style="opacity: 0.7;">
</div>]]></code>
    </text>

  </document>

  <section name="Application Development" xlink:type="simple" xlink:actuate="onRequest" xlink:href="xios/apps/help/data/dev_App.xml"></section>

  <section name="Application Packaging" open="false" xlink:type="simple" xlink:actuate="onRequest" xlink:href="xios/apps/help/data/dev_Apppack.xml"></section>

  <section name="Extending XIOS/3" open="false" xlink:type="simple" xlink:actuate="onRequest" xlink:href="xios/apps/help/data/dev_Extending.xml"></section>

  <section name="UI Development" lcase="view" xlink:type="simple" xlink:actuate="onRequest" xlink:href="xios/apps/help/data/dev_UI.xml"></section>

  <section name="Process Development" xlink:type="simple" xlink:actuate="onRequest" xlink:href="xios/apps/help/data/dev_Process.xml"></section>

  <section name="Examples" open="false" xlink:type="simple" xlink:actuate="onRequest" xlink:href="xios/apps/help/data/dev_Examples.xml"></section>

  <section name="References" open="false" xlink:type="simple" xlink:actuate="onRequest" xlink:href="xios/apps/help/data/dev_Reference.xml"></section>

  <section name="Dictionary" open="false" xlink:type="simple" xlink:actuate="onRequest" xlink:href="xios/apps/help/data/dev_Dictionary.xml"></section>
</section>
