<?xml version="1.0"?>
<section name="Document Explorer" icon="xios/gui/icons/16x16/cloud_drive.png">
  <key>document</key>
  <key>explorer</key>
  <key>my</key>
  <key>CloudTop</key>
  <key>publish</key>
  <text>
    <p>
      The Document Explorer application makes it easy to navigate the hierarchical structure
      of files and folders in your CloudTop filesystem.
    </p>
    <p>
      Using the Document Explorer you can rename, move, copy, and search for files and folders.
    </p>
  </text>

  <document name="Open Document Explorer">
    <key>open</key>
    <key>my</key>
    <key>CloudTop</key>
    <key>document</key>
    <key>explorer</key>
    <key>de</key>
    <text>
      <p>
        You can open Document Explorer in any of the following ways:
      </p>
      <list type="ordered">
        <item>Click on the "<bold>System</bold>" menu item option in the start menu</item>
        <item>Select "<bold>Document Explorer</bold>" (<picture href="xios/gui/icons/16x16/cloud_drive.png" inline="true" border="0" height="16" width="16"/>)</item>
      </list>
      <p>
        -- <bold>or</bold> --
      </p>
      <list type="ordered">
        <item>Double-click on the "<bold>Document Explorer</bold>" icon (<picture href="xios/gui/icons/16x16/cloud_drive.png" inline="true" border="0" height="16" width="16"/>) on the desktop.</item>
      </list>
      <header size="3">Related topics</header>
      <p>
        <ref xpath="/section/document[@name='Close Document Explorer']">Close Document Explorer</ref>
      </p>
    </text>
  </document>

  <document name="Close Document Explorer">
    <key>close</key>
    <key>document</key>
    <key>explorer</key>
    <key>de</key>
    <key>my</key>
    <key>CloudTop</key>
    <text>
      <p>
        You can close Document Explorer in any of the following ways:
      </p>
      <list type="ordered">
        <item>Open the "<bold>File</bold>" menu.</item>
        <item>Select "<bold>Close</bold>".</item>
      </list>
      <p>
        -- <bold>or</bold> --
      </p>
      <list type="ordered">
        <item>Click on the cross in the upper right corner in the titlebar of the application.</item>
      </list>
      <header size="3">Related topics</header>
      <p>
        <ref xpath="/section/document[@name='Open Document Explorer']">Open Document Explorer</ref>
      </p>
    </text>
  </document>

  <section name="Managing Documents" open="false">
    <key>file</key>
    <key>manage</key>
    <key>create</key>
    <key>delete</key>
    <key>rename</key>
    <key>search</key>
    <text>
      <p>
        This section will explain how you can mangage files.
      </p>
      <list type="unordered">
        <item>
          <ref xpath="/section/section[@name='Managing Documents']/document[@name='Create a New Document']">Create a New Document</ref>
        </item>
        <item>
          <ref xpath="/section/section[@name='Managing Documents']/document[@name='Search for a document']">Search for a document</ref>
        </item>
        <item>
          <ref xpath="/section/section[@name='Managing Documents']/document[@name='Open a document']">Open a document</ref>
        </item>
        <item>
          <ref xpath="/section/section[@name='Managing Documents']/document[@name='Rename a document']">Rename a document</ref>
        </item>
        <item>
          <ref xpath="/section/section[@name='Managing Documents']/document[@name='Delete a document']">Delete a document</ref>
        </item>
        <item>
          <ref xpath="/section/section[@name='Managing Documents']/document[@name='Move a document']">Move a document</ref>
        </item>
        <item>
          <ref xpath="/section/section[@name='Managing Documents']/document[@name='Copy a document']">Copy a document</ref>
        </item>
      </list>
    </text>

    <document name="Create a New Document">
      <key>create</key>
      <key>make</key>
      <key>new</key>
      <key>document</key>
      <key>file</key>
      <text>
        <p>
          You can create a new document in any of the following ways:
        </p>
        <p>
          <list type="ordered">
            <item>Open "<bold>Document Explorer</bold>" (<picture href="xios/gui/icons/16x16/cloud_drive.png" inline="true" border="0" height="16" width="16"/>).</item>
            <item>Locate the folder where you want to place your new document.</item>
            <item>Go to the File menu and click <bold>New document</bold>.</item>
            <item>A new document is created with the default name <bold>New Document</bold>.</item>
            <item>
              <ref xpath="/section/section[@name='Managing Documents']/document[@name='Rename a document']">Rename</ref> the document.</item>
          </list>
          <p>
           -- <bold>or</bold> --
          </p>
          <list type="ordered">
            <item>Open "<bold>Document Explorer</bold>" (<picture href="xios/gui/icons/16x16/cloud_drive.png" inline="true" border="0" height="16" width="16"/>).</item>
            <item>Locate the folder where you want to place your new document.</item>
            <item>Right-click inside the browser window (don't right-click while over a file or folder).</item>
            <item>Select "<bold>New...</bold>" in the context menu.</item>
            <item>Select "<bold>New Document</bold>" (<picture href="xios/icons/applications/16x16/document_new.png" inline="true" border="0" height="16" width="16"/>) in the submenu. </item>
          </list>
          <p>
            <header size="3">Related topics</header>
            <ref type="internal" xpath="/section/section[@name='Managing Documents']/document[@name='Delete a document']">Delete a document</ref>,
            <ref type="internal" xpath="/section/section[@name='Managing Documents']/document[@name='Rename a document']">Rename a document</ref>
          </p>
        </p>
      </text>
    </document>

    <document name="Search for a document">
      <key>search</key>
      <key>find</key>
      <key>document</key>
      <key>file</key>
      <text>
        <p>
          You can search for a document in any of the following ways:
        </p>
        <list type="ordered">
          <item>Open "<bold>Document Explorer</bold>".</item>
          <item>Open the "<bold>Edit</bold>" menu in the menubar.</item>
          <item>Select the "<bold>Search</bold>" (<picture href="xios/icons/applications/16x16/view.png" inline="true" border="0" height="16" width="16"/>) menu option in the menu. </item>
        </list>
        <p>
          -- <bold>or</bold> --
        </p>
        <list type="ordered">
          <item>Double-click on the "<bold>Document Explorer</bold>" icon on the desktop.</item>
          <item>Click on the "<bold>Search</bold>" (<picture href="xios/icons/applications/16x16/view.png" inline="true" border="0" height="16" width="16"/>) option in the toolbar. </item>
        </list>
        <p>
          -- <bold>or</bold> --
        </p>
        <list type="ordered">
          <item>Click "<bold>Search</bold>" in the start menu.</item>
        </list>
      </text>
    </document>

    <document name="Open a document">
      <key>open</key>
      <key>document</key>
      <key>file</key>
      <key>folder</key>
      <key>directory</key>
      <key>something</key>
      <text>
        <p>
          Opening a document will open up the file inside default application for handling that specific file type.
        </p>
        <p>
          You can open a document in any of the following ways:
        </p>
        <list type="ordered">
          <item>Open "<bold>Document Explorer</bold>".</item>
          <item>Locate and select the file you want to open.</item>
          <item>Open the "<bold>File</bold>" menu in the menubar.</item>
          <item>Select "<bold>Open...</bold>" (<picture href="xios/icons/applications/16x16/window.png" inline="true" border="0" height="16" width="16"/>). </item>
        </list>
        <p>
          -- <bold>or</bold> --
        </p>
        <list type="ordered">
          <item>Open "<bold>Document Explorer</bold>".</item>
          <item>Locate and right-click on file you want to open.</item>
          <item>Select "<bold>Open...</bold>" (<picture href="xios/icons/applications/16x16/window.png" inline="true" border="0" height="16" width="16"/>) in the context menu. </item>
        </list>
        <header size="3">Related topics</header>
        <p>
          <ref type="internal" inline="false" xpath="/section/section[@name='Managing Documents']/document[@name='Search for a document']">Search for a document</ref>
        </p>
      </text>
    </document>

    <document name="Rename a document">
      <key>rename</key>
      <key>document</key>
      <key>file</key>
      <key>folder</key>
      <key>directory</key>
      <text>
        <p>
            You can rename a document in any of the following ways:
        </p>
        <list type="ordered">
          <item>Open "<bold>Document Explorer</bold>".</item>
          <item>Locate the document you want to rename.</item>
          <item>Open the "<bold>File</bold>" menu in the menubar.</item>
          <item>Select the "<bold>Rename</bold>" (<picture href="xios/gui/icons/16x16/rename.png" inline="true" border="0" height="16" width="16"/>) menu option.</item>
          <item>Rename your document.</item>
        </list>
        <p>
            -- <bold>or</bold> --
        </p>
        <list type="ordered">
          <item>Open "<bold>Document Explorer</bold>".</item>
          <item>Locate the document you want to rename.</item>
          <item>Right-click on the document.</item>
          <item>Select the "<bold>Rename</bold>" (<picture href="xios/gui/icons/16x16/rename.png" inline="true" border="0" height="16" width="16"/>) menu option in the context menu.</item>
          <item>Rename your document.</item>
        </list>
        <p>
            -- <bold>or</bold> --
        </p>
        <p>
          <ref type="internal" inline="false" xpath="/section/section[@name='Managing Documents']/document[@name='Search for a document']">Search for a document</ref>
        </p>
      </text>
    </document>

    <document name="Delete a document">
      <key>delete</key>
      <key>document</key>
      <key>file</key>
      <key>directory</key>
      <key>folder</key>
      <key>directory</key>
      <key>remove</key>
      <text>
        <p>
          You can delete a document in any of the following ways:
        </p>
        <list type="ordered">
          <item>Open "<bold>Document Explorer</bold>".</item>
          <item>Locate the document you want to delete.</item>
          <item>Open the "<bold>Edit</bold>" menu in the menubar.</item>
          <item>Select the "<bold>Delete</bold>" (<picture href="xios/icons/applications/16x16/delete2.png" inline="true" border="0" height="16" width="16"/>) menu option in the menu.</item>
        </list>
        <p>
          -- <bold>or</bold> --
        </p>
        <list type="ordered">
          <item>Open "<bold>Document Explorer</bold>".</item>
          <item>Locate and select the document you want to delete.</item>
          <item>Right-click on the document.</item>
          <item>Select the "<bold>Delete</bold>" (<picture href="xios/icons/applications/16x16/delete2.png" inline="true" border="0" height="16" width="16"/>) menu option in the context menu.</item>
        </list>
        <p>
          -- <bold>or</bold> --
        </p>
        <p>
          <ref type="internal" xpath="/section/section[@name='Managing Documents']/document[@name='Create a New Document']">Create a new document</ref>,
          <ref type="internal" xpath="/section/section[@name='Managing Folders']/document[@name='Create a new folder']">Create a new folder</ref>
        </p>
      </text>
    </document>

    <document name="Move a document">
      <key>move</key>
      <key>document</key>
      <key>file</key>
      <key>folder</key>
      <key>directory</key>
      <text>
        <p>
          You can move a document in any of the following ways:
        </p>
        <list type="ordered">
          <item>Open "<bold>Document Explorer</bold>".</item>
          <item>Locate and select the document you want to move.</item>
          <item>Open the "<bold>File</bold>" menu in the menubar.</item>
          <item>Select the "<bold>Move To Folder...</bold>" (<picture href="xios/icons/applications/16x16/folder_into.png" inline="true" border="0" height="16" width="16"/>) in the menu.</item>
          <item>Select the destination folder in the folder selector.</item>
        </list>
        <p>
          -- <bold>or</bold> --
        </p>
        <list type="ordered">
          <item>Open "<bold>Document Explorer</bold>".</item>
          <item>Locate the document you want to move.</item>
          <item>Right-click on the document.</item>
          <item>Select the "<bold>Move To Folder...</bold>" (<picture href="xios/icons/applications/16x16/folder_into.png" inline="true" border="0" height="16" width="16"/>) in the menu.</item>
          <item>Select the destination folder in the folder selector.</item>
        </list>
        <header size="3">Related topics</header>
        <p>
          <ref type="internal" inline="false" xpath="/section/section[@name='Managing Documents']/document[@name='Copy a document']">Copy a document</ref>
        </p>
      </text>
    </document>

    <document name="Copy a document">
      <key>copy</key>
      <key>document</key>
      <key>file</key>
      <key>folder</key>
      <key>directory</key>
      <text>
        <p>
          You can copy a document in any of the following documents:
        </p>
        <list type="ordered">
          <item>Open "<bold>Document Explorer</bold>".</item>
          <item>Locate and select the document you want to move.</item>
          <item>Open the "<bold>File</bold>" menu in the menubar.</item>
          <item>Select the "<bold>Copy To Folder...</bold>" (<picture href="xios/icons/applications/16x16/folder_add.png" inline="true" border="0" height="16" width="16"/>) menu option in the menu.</item>
          <item>Select the destination folder in the folder selector.</item>
        </list>
        <p>
          -- <bold>or</bold> --
        </p>
        <list type="ordered">
          <item>Open "<bold>Document Explorer</bold>".</item>
          <item>Locate the document you want to move.</item>
          <item>Right-click on the document.</item>
          <item>Select the "<bold>Copy To Folder...</bold>" (<picture href="xios/icons/applications/16x16/folder_add.png" inline="true" border="0" height="16" width="16"/>) menu option in the menu.</item>
          <item>Select the destination folder in the folder selector.</item>
        </list>
        <header size="3">Related topics</header>
        <p>
          <ref type="internal" inline="false" xpath="/section/section[@name='Managing Documents']/document[@name='Move a document']">Move a document</ref>
        </p>
      </text>
    </document>
  </section>

  <section name="Managing Folders" open="false">
    <key>folder</key>
    <key>manage</key>
    <key>create</key>
    <key>delete</key>
    <key>rename</key>
    <key>search</key>
    <text>
      <p>
      This section will explain how you can manage folders.
      </p>
      <list type="unordered">
        <item>
          <ref xpath="/section/section[@name='Managing Folders']/document[@name='Create a new folder']">Create a new folder</ref>
        </item>
        <item>
          <ref xpath="/section/section[@name='Managing Folders']/document[@name='Open a folder']">Open a folder</ref>
        </item>
        <item>
          <ref xpath="/section/section[@name='Managing Folders']/document[@name='Rename a folder']">Rename a folder</ref>
        </item>
        <item>
          <ref xpath="/section/section[@name='Managing Folders']/document[@name='Delete a folder']">Delete a folder</ref>
        </item>
        <item>
          <ref xpath="/section/section[@name='Managing Folders']/document[@name='Move a folder']">Move a folder</ref>
        </item>
        <item>
          <ref xpath="/section/section[@name='Managing Folders']/document[@name='Copy a folder']">Copy a folder</ref>
        </item>
      </list>
    </text>

    <document name="Create a new folder">
      <key>create</key>
      <key>make</key>
      <key>new</key>
      <key>folder</key>
      <key>directory</key>
      <text>
        <p>
          You can create a folder in any of the following ways:
        </p>
        <list type="ordered">
          <item>Open "<bold>Document Explorer</bold>".</item>
          <item>Locate the folder where you want to create your new folder.</item>
          <item>Open the "<bold>File</bold>" menu in the menubar.</item>
          <item>Select the "<bold>New Folder</bold>" (<picture href="xios/icons/applications/16x16/folder_new.png" inline="true" border="0" height="16" width="16"/>) menu option in the menu.</item>
        </list>
        <p>
          -- <bold>or</bold> --
        </p>
        <list type="ordered">
          <item>Open "<bold>Document Explorer</bold>".</item>
          <item>Locate the folder where you want to create your new folder.</item>
          <item>Right-click inside the folder.</item>
          <item>Open the "<bold>New...</bold>" submenu.</item>
          <item>Select the "<bold>New Folder</bold>" (<picture href="xios/icons/applications/16x16/folder_new.png" inline="true" border="0" height="16" width="16"/>) menu option in the context menu.</item>
        </list>
        <p>
          -- <bold>or</bold> --
        </p>
        <list type="ordered">
          <item>Open "<bold>Document Explorer</bold>".</item>
          <item>Locate the folder where you want to create your new folder in the folder structure.</item>
          <item>Right-click on the folder that you want to add a folder to.</item>
          <item>Select the "<bold>New Folder</bold>" (<picture href="xios/icons/applications/16x16/folder_new.png" inline="true" border="0" height="16" width="16"/>) menu option in the context menu.</item>
        </list>
        <header size="3">Related topics</header>
        <p>
          <ref type="internal" inline="false" xpath="/section/section[@name='Managing Folders']/document[@name='Delete a folder']">Delete a folder</ref>
        </p>
      </text>
    </document>

    <document name="Open a folder">
      <key>open</key>
      <key>document</key>
      <key>file</key>
      <key>folder</key>
      <key>directory</key>
      <text>
        <p>
          You can open a folder in any of the following ways:
        </p>
        <list type="ordered">
          <item>Open "<bold>Document Explorer</bold>".</item>
          <item>Locate the folder that you want to open.</item>
          <item>Double-click on the folder.</item>
        </list>
        <p>
          -- <bold>or</bold> --
        </p>
        <list type="ordered">
          <item>Open "<bold>Document Explorer</bold>".</item>
          <item>Locate the folder that you want to open.</item>
          <item>Right-click on the folder.</item>
          <item>Select the "<bold>Open</bold>" menu option in the context menu.</item>
        </list>
        <header size="3">Related topics</header>
        <p>
          <ref xpath="/section/section[@name='Managing Documents']/document[@name='Search for a document']">Search for a document</ref>
        </p>
      </text>
    </document>

    <document name="Rename a folder">
      <key>rename</key>
      <key>document</key>
      <key>file</key>
      <key>folder</key>
      <key>directory</key>
      <text>
        <p>
          You can rename a folder in any of the following ways:
        </p>
        <list type="ordered">
          <item>Open "<bold>Document Explorer</bold>".</item>
          <item>Locate and select the folder that you want to rename.</item>
          <item>Open the "<bold>File</bold>" menu in the menubar.</item>
          <item>Select the "<bold>Rename</bold>" (<picture href="xios/gui/icons/16x16/rename.png" inline="true" border="0" height="16" width="16"/>) menu option in the menu.</item>
        </list>
        <p>
          -- <bold>or</bold> --
        </p>
        <list type="ordered">
          <item>Open "<bold>Document Explorer</bold>".</item>
          <item>Locate the folder that you want to rename.</item>
          <item>Right-click on the folder.</item>
          <item>Select the "<bold>Rename</bold>" (<picture href="xios/gui/icons/16x16/rename.png" inline="true" border="0" height="16" width="16"/>) menu option in the context menu.</item>
        </list>
        <p>
          -- <bold>or</bold> --
        </p>
        <list type="ordered">
          <item>Open "<bold>Document Explorer</bold>".</item>
          <item>Locate the folder that you want to rename in the tree structure.</item>
          <item>Right-click on the folder.</item>
          <item>Select the "<bold>Rename</bold>" (<picture href="xios/gui/icons/16x16/rename.png" inline="true" border="0" height="16" width="16"/>) menu option in the context menu.</item>
        </list>

        <header size="3">Related topics</header>
        <p>
          <ref xpath="/section/section[@name='Managing Documents']/document[@name='Search for a document']">Search for a document</ref>
        </p>
      </text>
    </document>

    <document name="Delete a folder">
      <key>delete</key>
      <key>document</key>
      <key>file</key>
      <key>directory</key>
      <key>folder</key>
      <key>directory</key>
      <key>remove</key>
      <text>
        <p>
          You can rename a folder in any of the following ways:
        </p>
        <list type="ordered">
          <item>Open "<bold>Document Explorer</bold>".</item>
          <item>Locate and select the folder that you want to delete.</item>
          <item>Open the "<bold>File</bold>" menu in the menubar.</item>
          <item>Select the "<bold>Delete</bold>" (<picture href="xios/icons/applications/16x16/delete2.png" inline="true" border="0" height="16" width="16"/>) menu option in the menu.</item>
        </list>
        <p>
          -- <bold>or</bold> --
        </p>
        <list type="ordered">
          <item>Open "<bold>Document Explorer</bold>".</item>
          <item>Locate the folder that you want to delete.</item>
          <item>Right-click on the folder.</item>
          <item>Select the "<bold>Delete</bold>" (<picture href="xios/icons/applications/16x16/delete2.png" inline="true" border="0" height="16" width="16"/>) menu option in the context menu.</item>
        </list>
        <header size="3">Related topics</header>
        <p>
          <ref xpath="/section/section[@name='Managing Documents']/document[@name='Create a New Document']">Create a new document</ref>,
          <ref xpath="/section/section[@name='Managing Folders']/document[@name='Create a new folder']">Create a new folder</ref>
        </p>
      </text>
    </document>

    <document name="Move a folder">
      <key>move</key>
      <key>document</key>
      <key>file</key>
      <key>folder</key>
      <key>directory</key>
      <text>
        <p>
        Currently we do not support moving folders and their contents. You can only copy documents.
        </p>
        <header size="3">Related topics</header>
        <p>
          <ref xpath="/section/section[@name='Managing Folders']/document[@name='Copy a folder']">Copy a folder</ref>
        </p>
      </text>
    </document>

    <document name="Copy a folder">
      <key>copy</key>
      <key>document</key>
      <key>file</key>
      <key>folder</key>
      <key>directory</key>
      <text>
        <p>
        Currently we do not copying folders and their contains. You can only move documents.
        </p>
        <header size="3">Related topics</header>
        <p>
          <ref xpath="/section/section[@name='Managing Folders']/document[@name='Move a folder']">Move a folder</ref>
        </p>
      </text>
    </document>

  </section>
</section>
