<?xml version="1.0"?>
<section name="Application Designer" icon="gui/icons/16x16/ide.png">
  <key>ide</key>
  <key>start</key>
  <key>home</key>
  <key>application</key>
  <key>designer</key>
  <key>understand</key>
  <key>understanding</key>
  <key>basics</key>
  <text>
    <p>
      This document aims to help the user understand the Application Designer application and learn how to use it to your advantage.
    </p>
    <p>
      We begin by explaining the different parts that make up the application in the
      <ref xpath="/section/section[@name='Orientation']">Orientation</ref> section. We then move on to explain the use
      of <ref xpath="/section/section[@name='Projects']">Projects</ref>,
      <ref xpath="/section/section[@name='Application Packages']">Application Packages</ref> and then basic
      <ref xpath="/section/section[@name='Development']">Development</ref>.
      Finally we also provide you with a simple tutorial how to build your own
      <ref xpath="/section/section[@name='Application: Internet Browser']">Internet Browser</ref>.
    </p>
    <p>
      If you want to be hands on with the coding we recommend using the
      <ref type="CloudTop" inline="true" href="local://,apps/help/helpapp.xml,apps/help/data/Development.xml,1," icon="false">XIOS/3 Developer Documentation</ref>,
      which contains complete references of components, process operations and the filesystem.
    </p>
      <header size="4">First time users</header>
      <p>
        The purpose of the Application Designer application is to offer a fast way of developing applications for CloudTop. This application
        will be improved and new features will be added in time. While designing an application using the Application Designer is very simple,
        the Process XML requires you to learn some basic
        programming logic so that your application actually might do something once an end-user clicks on a button.
      </p>
  </text>

  <section name="Orientation" open="false">
    <key>start</key>
    <key>home</key>
    <key>orientation</key>
    <text>
      <p>
        This section will help you to better understand the Application Designer from a visual perspective, with a focus on working with the
        different parts of an application such as View, Process and Data.
      </p>
      <p>
        After reading this section you should have a basic understanding of the various tabs, panes and modes.
      </p>
      <p>
        The first view is the <bold>Start</bold> tab, which allows you to create new application packages to add to your project or
        to run your application project.
      </p>
      <p>
        To the left is the <bold>Project tree</bold> which provides an overview of the files and resources used in the project. These are ordered
        by first project, then application projects and finally views, processes and resources.
      </p>
      <picture href="gui/img/help/IDE/start.jpg" inline="true" border="0" height="295" width="450"/>
    </text>

    <document name="Tabs">
      <key>tabs</key>
      <key>ui</key>
      <key>process</key>
      <key>resource</key>
      <text>
        <p>The workspace consists of three types of tabs: <ref xpath="/section/section[@name='Orientation']/document[@name='Tabs']/document[@name='View']">View</ref>,
        <ref xpath="/section/section[@name='Orientation']/document[@name='Tabs']/document[@name='Process']">Process</ref> and
        <ref xpath="/section/section[@name='Orientation']/document[@name='Tabs']/document[@name='Resource']">Resource</ref>, which can be identified via their distinct icons in the tab. </p>
        <p>Furthermore the process and resouce tabs use the Code Editor view while the View tab will use the visual editor.</p>
      </text>
      <document name="View">
        <key>ui</key>
        <key>tab</key>
        <text>
          <p>
            The workspace for UIs uses a visual designer which makes it possible to work with visual elements directly instead
            of using UI XML. The Code Editor is however still available by clicking "XML Mode" in the toolbar. You can switch
            back using "Design Mode".
          </p>
          <p>
            The main focus in the View tab when using the Design Mode is the visual workspace and the <bold>View</bold> pane to the right of it.
            Here the visual workspace correctly displays the user interface as it is being built in real-time. This enables you to
            drag components from the <bold>Components</bold> pane (to the left of the visual workspace) and drop them on the component which will
            hold the new one. The view tree displays the parent-child relation of components - upon which you can also drop components
            from the Components pane.
          </p>
          <p>
            Directly below the visual workspace is an information and option area. This will inform you of the name of the selected component
            and which type of component it is. When selecting a panel component, which are crutial for layout, it will also offer
            options regarding how the components within that panel should be positioned and also options to split the panel into columns
            or rows.
          </p>
          <p>
            Below the View pane is a <bold>Properites</bold> pane, which contains a list of available properites and values of the component
            selected in the View pane. Using this you can edit the name, the look, the width and much more of any component and
            even the View window itself.
          </p>
          <p>
            Below the Properties pane is the <bold>Events</bold> pane, which contains a list of the events currently setup for the selected
            component. These might be "Select" for a click-event, "Init" for first-time-initionation event and so on...
          </p>
          <p>
            By double-clicking on a component you will access the Event Editor which enables you to get an instantly overview of the events
            bound to the specific component. This window also allows you to edit the the event type, the process in which the event-listener
            is located and which step will be executed when the event is fired.
          </p>
          <picture href="gui/img/help/IDE/view.jpg" inline="true" border="0" height="295" width="450"/>
        </text>
      </document>
      <document name="Process">
        <key>process</key>
        <key>tab</key>
        <text>
          <p>
            When working with Process files, which is the business logic part of an XIOS/3 application, you will be editing the information
            using a Code Editor. The business logic is written in a XML language called Process XML, which uses "trigger"-elements (event listeners)
            and "step"-elements (functions containing code).
          </p>
          <p>
            The step elements contain elements called "operation" which are logical operations. These in turn can affect XML data, control
            components, fetch selected data from components and more. Variable handling is also available using "alias" elements, which are
            child elements of "step" and are accessed using "$aliasname".
          </p>
          <p>
            The most important pane available when working with process files is the <bold>Operations</bold> pane, which contains a list of all logic
            operations available, such as "Decision", "Bind" and "Create Folder". These can be dragged and dropped into a "step" element and
            example code will be generated.
          </p>
          <p>
            To the right of the Code Editor is the <bold>View</bold> pane. By dragging components from this pane onto a relevant process operation such as
            "debug" you will generate a component reference such as "#notepad#textarea" which is used to identify components in process XML.
          </p>
          <p>
            Also featured is the <bold>Data</bold> pane which lists all available aliases, folders and application package resources. Below it you find the
            <bold>Triggers and Steps</bold> pane which contains a list of all available triggers and steps in the process file which you are currently
            working with.
          </p>
          <picture href="gui/img/help/IDE/process.jpg" inline="true" border="0" height="295" width="450"/>
        </text>
      </document>
      <document name="Resource">
        <key>resource</key>
        <key>tab</key>
        <key>xml</key>
        <key>xsl</key>
        <key>xslt</key>
        <key>css</key>
        <key>stylesheet</key>
        <text>
          <p>
            When working with resources in the Application Designer you will be working with the Code Editor. The application designer can
            handle several different file types such as XML, XSL and CSS.
          </p>
          <p>
            XML based resources (XML Documents, Folder listings, XSLT etc) have a advantage since the Code Editor is optimized for this type of
            data and will notify the user if the document is not well formed (not correct XML) and will also indicate the XPath of the selection
            which crutial know-how when using the process language, and traversing the an XML data document.
          </p>
          <picture href="gui/img/help/IDE/xml.jpg" inline="true" border="0" height="295" width="450"/>
        </text>
      </document>
    </document>
  </section>

  <section name="Projects" open="false">
    <key>projects</key>
    <key>application</key>
    <text>
      <p>
        New versions of the Application Designer have introduced the concept of working with Projects.
        This enables you to work with your applications more easily, and to have a better overview of the files used in the process
        of building an application.
      </p>
      <p>
        When the Application Designer is launched you can select which application project to work on or create a new.
      </p>
      <p>
        When creating a new project you must also create a application package, which is your actual application. You can have several application
        packages within a application project. The application packages in turn can contain seeveral views, processes, XML documents and other resources.
      </p>
      <p>
        The main focus of working with projects is the <bold>Project</bold> pane, located to the left of you workspace. This displays your project, application
        packages and resources/views/processes associated with each of the application packages, all in the form of a tree. You can drag resources and files from
        one application packge to another.
      </p>
      <p>
        Within a project you may also create and edit new filetypes which are associated with you project. A full copy of the filetype template is
        stored in your project file, which is located at the root folder of your project.
      </p>
      <p>
        The "Start Page"-tab offers a quick action overview. From this tab you can create new application packages, or add existing ones to your project.
      </p>
      <p>
        <bold>Benefits of working with projects</bold>
      </p>
      <list type="ordered">
        <item>You can drag and drop files between application packages.</item>
        <item>You can create and store data types in the project file.</item>
        <item>Makes it easier to work with multiple application packages at once.</item>
      </list>
    </text>
  </section>

  <section name="Application Packages" open="false">
    <key>apps</key>
    <key>application</key>
    <key>applications</key>
    <key>packages</key>
    <key>new</key>
    <key>create</key>
    <text>
      <p>
        Application packages are essentally XIOS/3 applications. They are a container for View and Process files and will allow them to run as
        an application and in multiple instances where view and process files would otherwise only run in a single instance.
      </p>
      <p>
        The application file can be viewed as a manifest file containing references to included files or the actual view or process
        files if you like to write them inline, thereby making your application start faster.
      </p>
      <p>
        There is a perferred folder structure to use if you are not using inline view and process files. See the subsections to find
        out more about application packages.
      </p>
    </text>

    <document name="Folder Structure">
      <key>folder</key>
      <key>structure</key>
      <text>
        <p>
          When a regular (default) application package is created then three different files are automatically created and with them a specific
          folder structure and the files will get the same name as the application.
        </p>
        <p><bold>Folder Structure</bold></p>
        <list type="indent">
          <item>/applicationName</item>
          <item>/applicationName/views</item>
          <item>/applicationName/processes</item>
        </list>
        <p>
          In the "ApplicationName" folder an application package file is created. This file is not visible from the Application Designer
          itself, however it can be changed using <bold>The Application Properties</bold> window.
        </p>
        <p>
          One process file is created in the processes folder and one view file is created in the views folder. These are given the the same name as the chosen
          application name and contain the bare minimum code for the application to function.
        </p>
      </text>
    </document>

    <document name="Application Properites">
      <key>application</key>
      <key>properties</key>
      <text>
        <p>
          The Application Designer allows you to edit the properties of your application package using the Properties window.
          Note that the window has several different tabs which allow you to edit different content areas of the application package.
        </p>
        <p>
          In this section we also explain the different tabs in the Applications properties window;
          <ref xpath="/section/section[@name='Creating Applications']/document/document[@name='General']">General</ref>,
          <ref xpath="/section/section[@name='Creating Applications']/document/document[@name='Publishing']">Publishing</ref>,
          <ref xpath="/section/section[@name='Creating Applications']/document/document[@name='Runtime']">Runtime</ref> and
          <ref xpath="/section/section[@name='Creating Applications']/document/document [@name='Resources']">Resources</ref>.
        </p>
      </text>

      <document name="General">
        <key>information</key>
        <key>application</key>
        <key>change</key>
        <key>properties</key>
        <key>name</key>
        <key>icon</key>
        <key>description</key>
        <key>author</key>
        <key>publisher</key>
        <key>copyright</key>
        <key>version</key>
        <key>created</key>
        <key>revised</key>
        <text>
          <p>
            This part of the Properties window allows you to change some important descriptive information about your application package.
            It also allows you to define the "Path".  The Path is defined as the location of your application.
            Note that the information edited here is visible directly to the end-user, which means that you can't
            <ref xpath="/section/section[@name='Understanding the Application Designer']/document[@name='Working with UI XML']/document[@name='Changing the title of your application']">change the title</ref> of
            a window using these input fields.
          </p>
          <p>
            The information provided here will later be used when you are offering your application in Xcerion application marketplace.
          </p>
        </text>
      </document>
      <document name="Publishing">
        <key>application</key>
        <key>publishing</key>
        <key>settings</key>
        <key>path</key>
        <key>home</key>
        <key>instance</key>
        <key>no</key>
        <key>preloader</key>
        <key>copyright</key>
        <text>
          <!-- <p>
            This part of the Properties window allows you to define the "Path" and "Home". The Path is defined as the
            location of your application and the Home is an optional field where you define the home folder
            of your application data. Observe that the value of "Home" is available as the $home system alias
            in the Process language.
          </p> -->
          <p>
            This part of the Properties window allows you to change some publishing information about your application package (i.e. author, publisher, version and etc.).
            The information provided here will later be used when you are offering your application in Xcerion application marketplace.
          </p>
          <!-- <p>
            In settings you can also change the number of instances of the application that can be active simultaneously.
            This value is predefined as 1, which means that you can only have one application running at any given time. If
            you set this value to 0 then you can have an unlimited number of applications active at the same time. Observe that
            this limit is for the current end-user using the application. As an example the MediaPlayer/3 application can
            only be opened in 1 instance.
          </p>
          <p>
            Here you can also define if you want a loader to be started for your application. This value is pre checked, however
            if your application is small then the loader might appear because of the fast load time. The loader is a very good
            function from an end-user perspective because it indicates that something is actually happening. You as a developer
            can change the information and logo in the loader.
          </p> -->
        </text>
      </document>
      <document name="Runtime">
        <key>license</key>
        <key>application</key>
        <key>settings</key>
        <key>gpl</key>
        <key>xcerion</key>
        <key>creative</key>
        <key>commons</key>
        <key>attribute</key>
        <key>public</key>
        <key>domain</key>
        <key>cc</key>
        <key>some</key>
        <key>rights</key>
        <key>reserved</key>
        <key>number</key>
        <key>of</key>
        <key>loader</key>
        <text>
          <p>
            This part of the Properties window allows you to change the number of instances of the application that can be active simultaneously.
            This value is predefined as 1, which means that you can only have one application running at any given time. If
            you set this value to 0 then you can have an unlimited number of applications active at the same time. Observe that
            this limit is for the current end-user using the application. As an example the MediaPlayer/3 application can
            only be opened in 1 instance.
          </p>
          <p>
            Here you can also define if you want a loader to be started for your application. This value is pre checked, however
            if your application is small then the loader might appear because of the fast load time. The loader is a very good
            function from an end-user perspective because it indicates that something is actually happening. You as a developer
            can change the information and logo in the loader.
          </p>
        </text>
      </document>

      <document name="Resources">
        <key>resource</key>
        <key>view</key>
        <key>process</key>
        <key>processes</key>
        <key>type</key>
        <key>name</key>
        <key>change</key>
        <key>edit</key>
        <text>
          <p>
            This part of the Properties window allows you to edit your resources. In the table/grid you can select any of your
            resources and once you have done then input fields will appear below the table containing relevant information
            about the resource.
          </p>
          <p>
            You will note that there are three types of resources in this table. There are view files, process files and finally
            item resources. Selecting a view resource allows you to define the name and URL of the file, along with link type and how the link
            will be actuated which is either "onLoad" or "onRequest". When you select a process file an additional field will appear labeled "step"
            which allows you to define the starting step that will be executed once the process file is loaded by the application package.
          </p>
          <p>
            When editing items you can only edit the name and link information using the Properties window, other changes are made directly to the
            item file by selecting that items tab.
          </p>
        </text>
      </document>
    </document>

    <document name="Views">
      <key>view</key>
      <key>file</key>
      <key>ui</key>
      <key>xml</key>
      <text>
        <p>
          This section of the documentation will explain how to handle view files in your application package.
        </p>
        <p>
          You can read about how
          to <ref xpath="/section/section[@name='Creating Applications']/document[@name='View files']/document[@name='Adding view files']">add view files</ref>, how to
          <ref xpath="/section/section[@name='Creating Applications']/document[@name='View files']/document[@name='Removing view files']">remove view files</ref> and how to
          <ref xpath="/section/section[@name='Creating Applications']/document[@name='View files']/document[@name='Editing view files']">edit view files</ref>.
        </p>
      </text>
      <document name="Adding view files">
        <key>add</key>
        <key>adding</key>
        <key>view</key>
        <key>file</key>
        <key>ui</key>
        <key>xml</key>
        <text>
          <p>
            View files are added by:
          </p>
          <list type="ordered">
            <item>Select the <bold>File</bold> menu.</item>
            <item>Select the <bold>Add view</bold> (<picture href="xios/icons/applications/16x16/document_new.png" inline="true" border="0" height="16" width="16"/>) menu option.</item>
            <item>In the window that appears add the URL of your view file.</item>
          </list>
        </text>
      </document>
      <document name="Removing view files">
        <key>remove</key>
        <key>removing</key>
        <key>view</key>
        <key>delete</key>
        <key>file</key>
        <key>ui</key>
        <key>xml</key>
        <text>
          <p>
            View files are deleted by:
          </p>
          <list type="ordered">
            <item><bold>Right-click</bold> on a view (<picture href="xios/icons/development/16x16/components.png" inline="true" border="0" height="16" width="16"/>) tab.</item>
            <item>In the context menu select <bold>Delete from application</bold> (<picture href="xios/icons/applications/16x16/delete2.png" inline="true" border="0" height="16" width="16"/>).</item>
          </list>
        </text>
      </document>
      <document name="Editing view files">
        <key>edit</key>
        <key>view</key>
        <key>editing</key>
        <key>file</key>
        <key>ui</key>
        <key>xml</key>
        <text>
          <p>
            View files can be edited in two separated modes, the Design mode
            (<picture href="xios/icons/objects/16x16/monitor_brush.png" inline="true" border="0" height="16" width="16"/>) and the XML editor mode
            (<picture href="xios/icons/development/16x16/text_code.png" inline="true" border="0" height="16" width="16"/>).
          </p>
          <p>
            To learn how to edit view files check out the
            <ref xpath="/section/section[@name='Understanding the Application Designer']">Understanding the Application Designer</ref> section of this help.
          </p>
        </text>
      </document>
    </document>

    <document name="Processes">
      <key>process</key>
      <key>file</key>
      <key>xml</key>
      <text>
        <p>
          This section of the documentation will explain how to handle process files in your application package.
        </p>
        <p>
          You can read about how
          to <ref xpath="/section/section[@name='Creating Applications']/document[@name='Process files']/document[@name='Adding process files']">add process files</ref>, how to
          <ref xpath="/section/section[@name='Creating Applications']/document[@name='Process files']/document[@name='Removing process files']">remove process files</ref> and how to
          <ref xpath="/section/section[@name='Creating Applications']/document[@name='Process files']/document[@name='Editing process files']">edit process files</ref>.
        </p>
      </text>
      <document name="Adding process files">
        <key>add</key>
        <key>adding</key>
        <key>process</key>
        <key>file</key>
        <key>xml</key>
        <text>
          <p>
            Process files are added by:
          </p>
          <list type="ordered">
            <item>Select the <bold>File</bold> menu.</item>
            <item>Select the <bold>Add process</bold> (<picture href="xios/icons/applications/16x16/document_new.png" inline="true" border="0" height="16" width="16"/>) menu option.</item>
            <item>In the window that appears add the URL of your view file.</item>
          </list>
        </text>
      </document>
      <document name="Removing process files">
        <key>remove</key>
        <key>removing</key>
        <key>process</key>
        <key>delete</key>
        <key>file</key>
        <key>xml</key>
        <text>
          <p>
            Process files are deleted by:
          </p>
          <list type="ordered">
            <item><bold>Right-click</bold> on a process (<picture href="xios/icons/development/16x16/branch_element.png" inline="true" border="0" height="16" width="16"/>) tab.</item>
            <item>In the context menu select <bold>Delete from application</bold> (<picture href="xios/icons/applications/16x16/delete2.png" inline="true" border="0" height="16" width="16"/>).</item>
          </list>
        </text>
      </document>
      <document name="Editing process files">
        <key>edit</key>
        <key>process</key>
        <key>editing</key>
        <key>file</key>
        <key>xml</key>
        <text>
          <p>
            Process files can only be edited in XML editor mode(<picture href="xios/icons/development/16x16/text_code.png" inline="true" border="0" height="16" width="16"/>).
          </p>
          <p>
            To learn how edit process files check out the
            <ref xpath="/section/section[@name='Understanding the Application Designer']">Understanding the Application Designer</ref> section of this help.
          </p>
        </text>
      </document>
    </document>

    <document name="Resources">
      <key>resource</key>
      <key>file</key>
      <key>item</key>
      <key>xsl</key>
      <key>xslt</key>
      <key>image</key>
      <key>download</key>
      <key>offline</key>
      <key>xml</key>
      <text>
        <p>
          This section of the documentation will explain how to handle resource files in your application package.
        </p>
        <p>
          You can read about how
          to <ref xpath="/section/section[@name='Creating Applications']/document[@name='Resources']/document[@name='Adding resource files']">add resource files</ref>, how to
          <ref xpath="/section/section[@name='Creating Applications']/document[@name='Resources']/document[@name='Removing resource files']">remove resource files</ref> and how to
          <ref xpath="/section/section[@name='Creating Applications']/document[@name='Resources']/document[@name='Editing resource files']">edit resource files</ref>.
        </p>
      </text>
      <document name="Adding resource files">
        <key>add</key>
        <key>adding</key>
        <key>resource</key>
        <key>file</key>
        <key>xml</key>
        <text>
          <p>
            Resource files are added by:
          </p>
          <list type="ordered">
            <item>Select the <bold>File</bold> menu.</item>
            <item>Select the <bold>Add resource</bold> (<picture href="xios/icons/applications/16x16/document_new.png" inline="true" border="0" height="16" width="16"/>) menu option.</item>
            <item>In the window that appears add the URL of your view file.</item>
          </list>
        </text>
      </document>
      <document name="Removing resource files">
        <key>remove</key>
        <key>removing</key>
        <key>resource</key>
        <key>delete</key>
        <key>file</key>
        <key>xml</key>
        <text>
          <p>
            Resource files are deleted by:
          </p>
          <list type="ordered">
            <item><bold>Right-click</bold> on a resource (<picture href="gui/icons/16x16/document_xml.png" inline="true" border="0" height="16" width="16"/>) tab.</item>
            <item>In the context menu select <bold>Delete from application</bold> (<picture href="xios/icons/applications/16x16/delete2.png" inline="true" border="0" height="16" width="16"/>).</item>
          </list>
        </text>
      </document>
      <document name="Editing resource files">
        <key>edit</key>
        <key>resource</key>
        <key>editing</key>
        <key>file</key>
        <key>xml</key>
        <text>
          <p>
            Currently only XML files can be added as resources, allowing them to be edited in XML editor mode (<picture href="gui/icons/16x16/document_xml.png" inline="true" border="0" height="16" width="16"/>).
          </p>
        </text>
      </document>
    </document>
  </section>

  <section name="Development" open="false">
    <key>development</key>
    <key>code</key>
    <text>
      <p>
        This section covers the MVC (Model-View-Controller) design pattern used when developing applications
        and the subsets of each of those areas within a XIOS/3 context.
      </p>
      <p>
        You can also find information regarding access to data from your application, such as
        using the filesystem as a database and connecting to third party services.
      </p>
    </text>
    <document name="User Interface">
      <key>ui</key>
      <key>user</key>
      <key>interface</key>
      <text>
        <p>
          This section covers the "View" part of the MVC design pattern. This is the user interface or GUI part
          of an application. Within the IDE these are referenced as View(s).
        </p>
        <p>
          Here you will get familiar with all the important parts of the IDE when working with View files.
          From the visual workspace, which allows you to drag and drop components to create on-the-fly apps,
          to the Icon browser which allows you access our standard library.
        </p>
      </text>

      <document name="Workspace">
        <key>workspace</key>
        <key>understand</key>
        <key>the</key>
        <key>what</key>
        <key>is</key>
        <key>how</key>
        <key>space</key>
        <key>work</key>
        <key>component</key>
        <key>drag</key>
        <key>work</key>
        <key>working</key>
        <key>with</key>
        <key>ui</key>
        <key>xml</key>
        <key>view</key>
        <key>accordion</key>
        <key>browser</key>
        <key>button</key>
        <key>buttonbox</key>
        <key>box</key>
        <key>calendar</key>
        <key>calender</key>
        <key>checkbox</key>
        <key>check</key>
        <key>clock</key>
        <key>color</key>
        <key>combobox</key>
        <key>combo</key>
        <key>console</key>
        <key>shell</key>
        <key>container</key>
        <key>item</key>
        <key>data</key>
        <key>date</key>
        <key>expander</key>
        <key>expanderitem</key>
        <key>expandermenu</key>
        <key>form</key>
        <key>grid</key>
        <key>group</key>
        <key>image</key>
        <key>info</key>
        <key>input</key>
        <key>item</key>
        <key>label</key>
        <key>list</key>
        <key>listview</key>
        <key>menu</key>
        <key>menubar</key>
        <key>panel</key>
        <key>plate</key>
        <key>radio</key>
        <key>render</key>
        <key>richtext</key>
        <key>rich</key>
        <key>text</key>
        <key>slider</key>
        <key>slide</key>
        <key>tabstrip</key>
        <key>tab</key>
        <key>strip</key>
        <key>textarea</key>
        <key>area</key>
        <key>toolbar</key>
        <key>tool</key>
        <key>bar</key>
        <key>tree</key>
        <key>widgetpane</key>
        <key>widget</key>
        <key>pane</key>
        <key>xmleditor</key>
        <key>editor</key>
        <text>
          <p>
            The visual workspace is the most effective way to work with user interfaces. You can simply drag and drop components from the
            list of components offered in XIOS/3. These are then rendered directly in the visual workspace. By selecting a component
            in the workspace a list of attribute options is presented in the <bold>Properties</bold> frame.
          </p>
          <p>
            When components are dragged from the component list, you are given the option to drop the file either "before", "inside" or
            "after" the component you are currently hovering. Dropping it will insert it in the UI XML code accordingly.
          </p>
          <p>
            The code generated, or presented, by the visual workspace can be viewed in by selected "XML Mode" and is called "UI XML".
            Any changes made in the code are instantly made in the visual workspace. Be careful however, since if the code written is
            in correct then the visual workspace will not be able to render the view correctly.
          </p>
          <p>
            You can also easily copy, paste and delete components using context menus or the action options provided.
          </p>
          <p>
            You can read more about the details of components and examples in the XIOS/3 Developer Documentation.
          </p>
          <picture href="gui/img/help/IDE/view.jpg" inline="true" border="0" height="295" width="450"/>
        </text>
      </document>

      <document name="Frames">
        <key>frame</key>
        <key>window</key>
        <key>properties</key>
        <key>property</key>
        <key>event</key>
        <key>help</key>
        <key>action</key>
        <key>structure</key>
        <text>
          <p>
            This part of the help is to help you understand the different frames that are visible when using the Application Designer.
          </p>
          <header size="4">Structure</header>
          <p>
            The Structure frame shows all components in your application. This frame allows you to easy select components
            that might not be visible in the workspace, such as the plate component.
          </p>
          <p>
            Right-clicking on a component is this frame will display a context menu that allows you to copy, cut and paste information.
            It also allows you to remove the selected component or all the children of a component leaving only the selected component.
            Some menu options are similar to the menu options visible in the Actions frame.
          </p>
          <p>
            Observe that a selection made on a component in this frame will display all the relevant information in the Properties
            frame, the Events frame, the Help frame and also select the component inside the workspace making it visible by adding a
            red line around the component.
          </p>
          <header size="4">Properties</header>
          <p>
            The properties frame shows all available attributes that can be changed for the selected component. Depending on the attribute,
            you can either fill in the value directly, select one of a limited values using a dropdown or toggle a checkbox to switch between
            true or false.
          </p>
          <header size="4">Events</header>
          <p>
            The Events frame shows all trigger elements that are listening for events made from the selected component. The information provided here
            displays the name of the expected Event, in which process file the trigger element is located and which step is to be executed when it occurs.
          </p>
          <picture href="gui/img/help/IDE/event_frame.jpg" inline="true" border="0" height="126" width="242"/>
          <header size="4">Help</header>
          <p>
            The Help frame shows a section from the XIOS/3 Developer Documentation about the component.
          </p>
          <header size="4">Actions</header>
          <p>
            The actions frame shows available actions for the selected component.
          </p>
        </text>
      </document>

      <document name="Components">
        <key>component</key>
        <key>list</key>
        <key>available</key>
        <key>all</key>
        <key>xcerion</key>
        <key>CloudTop</key>
        <key>ui</key>
        <key>xml</key>
        <text>
          <p>
            When you are working with UI XML and are in Design mode (<picture href="xios/icons/objects/16x16/monitor_brush.png" inline="true" border="0" height="16" width="16"/>) you can
            see a component list to the left of the workspace. This list shows all available components that can be added to your application and are organized according to
            logical groups.
          </p>
          <p>
            Each of these component is explained in the
            <ref type="CloudTop" inline="true" href="local://,apps/help/helpapp.xml,apps/help/data/Development.xml,1," icon="false">XIOS/3 Developer Documentation</ref> where they are always up to
            date, so they won't be described further here.
          </p>
          <p>
            While hovering the workspace with a component you will see see icons and tool-tip text indicating where the drop will occur.
          </p>
          <p>
            (<picture href="xios/icons/applications/16x16/add2.png" inline="true" border="0" height="16" width="16"/>) - Add component <bold>inside</bold> the component you are hovering.
          </p>
          <p>
            (<picture href="xios/icons/applications/16x16/arrow_left_green.png" inline="true" border="0" height="16" width="16"/>) - Add component <bold>before</bold> the component you are hovering.
          </p>
          <p>
            (<picture href="xios/icons/applications/16x16/arrow_right_green.png" inline="true" border="0" height="16" width="16"/>) - Add component <bold>after</bold> the component you are hovering.
          </p>
        </text>
      </document>

      <document name="Menu Wizard">
        <key>menu</key>
        <key>wizard</key>
        <key>add</key>
        <key>menu</key>
        <key>how</key>
        <key>to</key>
        <key>howto</key>
        <key>menubar</key>
        <key>dataitem</key>
        <key>divider</key>
        <key>menuitem</key>
        <key>item</key>
        <text>
          <p>
            The Menu Wizard allows you to easily create and edit menus (menu, menuitem, dataitem and divider components).
          </p>
          <p>
            In this section we will cover how you open the menu wizard, explain what the menu wizard is used for and also how to handle menu components and child components that
            can be placed inside menu components.
          </p>
        </text>
        <document name="Opening the Menu Wizard">
          <key>open</key>
          <key>menu</key>
          <key>wizard</key>
          <key>edit</key>
          <key>dataitem</key>
          <text>
            <list type="ordered">
              <item>Open Application Designer.</item>
              <item>Open an application.</item>
              <item><bold>Select</bold> a menuBar component.</item>
              <item>In the Actions frame, select "<bold>Edit Layout...</bold>" (<picture href="xios/icons/applications/16x16/magic-wand.png" inline="true" border="0" height="16" width="16"/>).</item>
            </list>
            <p>
              -- <bold>or</bold> --
            </p>
            <list type="ordered">
              <item>Open Application Designer.</item>
              <item>Open an application.</item>
              <item>Create a menubar component, if one already does not exist.</item>
              <item>Right-click on the menubar component.</item>
              <item>Select <bold>Edit menubar</bold> (<picture href="xios/icons/applications/16x16/magic-wand.png" inline="true" border="0" height="16" width="16"/>) in the context menu.</item>
            </list>
            <p>
              -- <bold>or</bold> --
            </p>
            <list type="ordered">
              <item>Open Application Designer.</item>
              <item>Open an application.</item>
              <item>Right-click on a menuplate.</item>
              <item>Select "<bold>Edit Menu...</bold>" (<picture href="xios/icons/applications/16x16/magic-wand.png" inline="true" border="0" height="16" width="16"/>) in the context menu.</item>
            </list>
            <p>
              -- <bold>or</bold> --
            </p>
            <list type="ordered">
              <item>Open Application Designer.</item>
              <item>Open an application.</item>
              <item>Select the <bold>Tools</bold> menu.</item>
              <item>Select the <bold>Layout Wizard</bold> (<picture href="xios/icons/applications/16x16/magic-wand.png" inline="true" border="0" height="16" width="16"/>) menu option</item>
            </list>
          </text>
        </document>

        <document name="Understanding the Menu Wizard">
          <key>menu</key>
          <key>wizard</key>
          <key>interface</key>
          <key>gui</key>
          <text>
            <p>
              The Menu Wizard features a toolbar menu for add and remove menus, add and remove menu items and also to has buttons that control the selection of menu items in a menu when it is
              visible in the "Menu Editor".
            </p>
            <p>
              The left part of the Wizard window is for selecting and editing Menu components. A list of all components available in the view, which is currently selected in your workspace,
              are available here as well as the possibility to edit the caption of the menu and more.
            </p>
            <p>
              The right part of the Wizard window is divided into two parts. The upper part is very similar to your visual workspace, it allows you to edit a menu component
              by dragging menu items, dataitems and dividers to the menu workspace.
            </p>
            <p>
              The lower part is used to editing information about the selected component in the "Menu Editor". Here you can change any information regarding menu items, and also
              toggle between Dynamic (dataItem) and Static menu items (normal menu items).
            </p>
            <picture href="gui/img/help/IDE/menu_wizard.jpg" inline="true" border="0" height="403" width="515"/>
          </text>
        </document>
        <document name="Handling Menus">
          <key>handle</key>
          <key>menu</key>
          <key>edit</key>
          <text>
            <p>This section describes how to create, edit and delete menus</p>
            <header size="4">Creating menus</header>
            <list type="ordered">
              <item>Open Application Designer.</item>
              <item>Open an application.</item>
              <item>Right-click on a <bold>MenuBar</bold> component.</item>
              <item>Select "<bold>Add Menu</bold>" (<picture href="xios/icons/development/16x16/component_add.png" inline="true" border="0" height="16" width="16"/>) in the context menu.</item>
            </list>
            <p>
              -- <bold>or</bold> --
            </p>
            <list type="ordered">
              <item>Open Application Designer.</item>
              <item>Open an application.</item>
              <item>Select the "<bold>Tools</bold>" menu.</item>
              <item>Select the "<bold>Menu Wizard</bold>" (<picture href="xios/icons/applications/16x16/magic-wand.png" inline="true" border="0" height="16" width="16"/>) menu option.</item>
              <item>Select the "<bold>New Menu</bold>" (<picture href="xide/img/NewMenuPlate.png" inline="true" border="0" height="16" width="16"/>) in the toolbar.</item>
            </list>
            <p>
              -- <bold>or</bold> --
            </p>
            <list type="ordered">
              <item>Open Application Designer.</item>
              <item>Open an application.</item>
              <item>Select a menubar or menu component.</item>
              <item>Select "<bold>Edit Menubar...</bold>" (<picture href="xios/icons/applications/16x16/magic-wand.png" inline="true" border="0" height="16" width="16"/>) or "<bold>Edit Menu</bold>" (<picture href="xios/icons/applications/16x16/magic-wand.png" inline="true" border="0" height="16" width="16"/>) in the "Actions" frame.</item>
            </list>
            <p>
              -- <bold>or</bold> --
            </p>
            <list type="ordered">
              <item>Open Application Designer.</item>
              <item>Open an application.</item>
              <item>Select <bold>XML Editor mode</bold> (<picture href="xios/icons/development/16x16/text_code.png" inline="true" border="0" height="16" width="16"/>).</item>
              <item>Add relevant XML to your application source code.</item>
            </list>
            <header size="4">Editing menus</header>
            <list type="ordered">
              <item>Open Application Designer.</item>
              <item>Open an application.</item>
              <item>Select the "<bold>Tools</bold>" menu.</item>
              <item>Select the "<bold>Menu Wizard</bold>" (<picture href="xios/icons/applications/16x16/magic-wand.png" inline="true" border="0" height="16" width="16"/>) menu option.</item>
              <item>Select a menu component in the "Menu Plates" list.</item>
              <item>Edit relevant information in the input fields below the list.</item>
            </list>
            <p>
              -- <bold>or</bold> --
            </p>
            <list type="ordered">
              <item>Open Application Designer.</item>
              <item>Open an application.</item>
              <item>Select a menubar or menu component.</item>
              <item>Select "<bold>Edit Menubar...</bold>" (<picture href="xios/icons/applications/16x16/magic-wand.png" inline="true" border="0" height="16" width="16"/>) or "<bold>Edit Menu</bold>" (<picture href="xios/icons/applications/16x16/magic-wand.png" inline="true" border="0" height="16" width="16"/>) in the "Actions" frame.</item>
              <item>Edit relevant information in the input fields below the list.</item>
            </list>
            <p>
              -- <bold>or</bold> --
            </p>
            <list type="ordered">
              <item>Open Application Designer.</item>
              <item>Open an application.</item>
              <item>Select <bold>XML Editor mode</bold> (<picture href="xios/icons/development/16x16/text_code.png" inline="true" border="0" height="16" width="16"/>).</item>
              <item>Change relevant XML in your application source code.</item>
            </list>
            <header size="4">Deleting menus</header>
            <list type="ordered">
              <item>Open Application Designer.</item>
              <item>Open an application.</item>
              <item>Select the "<bold>Tools</bold>" menu.</item>
              <item>Select the "<bold>Menu Wizard</bold>" (<picture href="xios/icons/applications/16x16/magic-wand.png" inline="true" border="0" height="16" width="16"/>) menu option.</item>
              <item>Select a menu component in the "Menu Plates" list.</item>
              <item>Select "<bold>Delete Menu</bold>" (<picture href="xios/icons/applications/16x16/delete2.png" inline="true" border="0" height="16" width="16"/>) in the toolbar.</item>
            </list>
            <p>
              -- <bold>or</bold> --
            </p>
            <list type="ordered">
              <item>Open Application Designer.</item>
              <item>Open an application.</item>
              <item>Select a menubar or menu component.</item>
              <item>Select "<bold>Edit Menubar...</bold>" (<picture href="xios/icons/applications/16x16/magic-wand.png" inline="true" border="0" height="16" width="16"/>) or "<bold>Edit Menu</bold>" (<picture href="xios/icons/applications/16x16/magic-wand.png" inline="true" border="0" height="16" width="16"/>) in the "Actions" frame.</item>
              <item>Select "<bold>Delete Menu</bold>" (<picture href="xios/icons/applications/16x16/delete2.png" inline="true" border="0" height="16" width="16"/>) in the toolbar.</item>
            </list>
            <p>
              -- <bold>or</bold> --
            </p>
            <list type="ordered">
              <item>Open Application Designer.</item>
              <item>Open an application.</item>
              <item>Select <bold>XML Editor mode</bold> (<picture href="xios/icons/development/16x16/text_code.png" inline="true" border="0" height="16" width="16"/>) in the toolbar.</item>
              <item>Delete relevant XML in your application source code.</item>
            </list>
          </text>
        </document>
        <document name="Handling menu items">
          <key>handle</key>
          <key>menu</key>
          <key>item</key>
          <key>option</key>
          <text>
            <p>This section describes how to create, edit and delete menu items.</p>
            <header size="4">Creating menu items</header>
            <list type="ordered">
              <item>Open Application Designer.</item>
              <item>Open an application.</item>
              <item>Select the "<bold>Tools</bold>" menu.</item>
              <item>Select the "<bold>Menu Wizard</bold>" (<picture href="xios/icons/applications/16x16/magic-wand.png" inline="true" border="0" height="16" width="16"/>) menu option.</item>
              <item>Select a Menu component in the "Menu Plates" list to which to add a menu item.</item>
              <item>Select "<bold>New Item</bold>" (<picture href="xide/img/NewMenuItem.png" inline="true" border="0" height="16" width="16"/>) in the toolbar.</item>
            </list>
            <p>
              -- <bold>or</bold> --
            </p>
            <list type="ordered">
              <item>Open Application Designer.</item>
              <item>Open an application.</item>
              <item>Select a menubar or menu component.</item>
              <item>Select "<bold>Edit Menubar...</bold>" (<picture href="xios/icons/applications/16x16/magic-wand.png" inline="true" border="0" height="16" width="16"/>) or "<bold>Edit Menu</bold>" (<picture href="xios/icons/applications/16x16/magic-wand.png" inline="true" border="0" height="16" width="16"/>) in the "Actions" frame.</item>
              <item>Select "<bold>New Item</bold>" (<picture href="xide/img/NewMenuItem.png" inline="true" border="0" height="16" width="16"/>) in the toolbar.</item>
            </list>
            <p>
              -- <bold>or</bold> --
            </p>
            <list type="ordered">
              <item>Open Application Designer.</item>
              <item>Open an application.</item>
              <item>Select <bold>XML Editor mode</bold> (<picture href="xios/icons/development/16x16/text_code.png" inline="true" border="0" height="16" width="16"/>).</item>
              <item>Add relevant XML to your application source code.</item>
            </list>
            <header size="4">Editing menu items</header>
            <list type="ordered">
              <item>Open Application Designer.</item>
              <item>Open an application.</item>
              <item>Select the "<bold>Tools</bold>" menu.</item>
              <item>Select the "<bold>Menu Wizard</bold>" (<picture href="xios/icons/applications/16x16/magic-wand.png" inline="true" border="0" height="16" width="16"/>) menu option.</item>
              <item>Select a menu component in the "Menu Plates" list.</item>
              <item>Select a menu item in the "Menu Editor".</item>
              <item>Edit relevant information in the input fields below the "Menu Editor".</item>
            </list>
            <p>
              -- <bold>or</bold> --
            </p>
            <list type="ordered">
              <item>Open Application Designer.</item>
              <item>Open an application.</item>
              <item>Select a menubar or menu component.</item>
              <item>Select "<bold>Edit Menubar...</bold>" (<picture href="xios/icons/applications/16x16/magic-wand.png" inline="true" border="0" height="16" width="16"/>) or "<bold>Edit Menu</bold>" (<picture href="xios/icons/applications/16x16/magic-wand.png" inline="true" border="0" height="16" width="16"/>) in the "Actions" frame.</item>
              <item>Edit relevant information in the input fields below the list.</item>
            </list>
            <p>
              -- <bold>or</bold> --
            </p>
            <list type="ordered">
              <item>Open Application Designer.</item>
              <item>Open an application.</item>
              <item>Select <bold>XML Editor mode</bold> (<picture href="xios/icons/development/16x16/text_code.png" inline="true" border="0" height="16" width="16"/>).</item>
              <item>Change relevant XML in your application source code.</item>
            </list>
            <header size="4">Deleting menu items</header>
            <list type="ordered">
              <item>Open Application Designer.</item>
              <item>Open an application.</item>
              <item>Select the "<bold>Tools</bold>" menu.</item>
              <item>Select the "<bold>Menu Wizard</bold>" (<picture href="xios/icons/applications/16x16/magic-wand.png" inline="true" border="0" height="16" width="16"/>) menu option.</item>
              <item>Select a menu component in the "Menu Plates" list.</item>
              <item>Select a menu item in the Menu Editor.</item>
              <item>Select "<bold>Delete Item</bold>" (<picture href="xios/icons/applications/16x16/delete2.png" inline="true" border="0" height="16" width="16"/>) in the toolbar.</item>
            </list>
            <p>
              -- <bold>or</bold> --
            </p>
            <list type="ordered">
              <item>Open Application Designer.</item>
              <item>Open an application.</item>
              <item>Select a menubar or menu component.</item>
              <item>Select "<bold>Edit Menubar...</bold>" (<picture href="xios/icons/applications/16x16/magic-wand.png" inline="true" border="0" height="16" width="16"/>) or "<bold>Edit Menu</bold>" (<picture href="xios/icons/applications/16x16/magic-wand.png" inline="true" border="0" height="16" width="16"/>) in the "Actions" frame.</item>
              <item>Select a menu item in the Menu Editor.</item>
              <item>Select "<bold>Delete Item</bold>" (<picture href="xios/icons/applications/16x16/delete2.png" inline="true" border="0" height="16" width="16"/>) in the toolbar.</item>
            </list>
            <p>
              -- <bold>or</bold> --
            </p>
            <list type="ordered">
              <item>Open Application Designer.</item>
              <item>Open an application.</item>
              <item>Select <bold>XML Editor mode</bold> (<picture href="xios/icons/development/16x16/text_code.png" inline="true" border="0" height="16" width="16"/>) in the toolbar.</item>
              <item>Delete relevant XML in your application source code.</item>
            </list>
          </text>
        </document>
      </document>

      <document name="Layout Wizard">
        <key>layout</key>
        <key>wizard</key>
        <key>add</key>
        <key>change</key>
        <key>template</key>
        <key>panel</key>
        <key>column</key>
        <key>row</key>
        <key>flow</key>
        <text>
          <p>
            The Layout Wizard is a tool for easily creating a desirable layout for your application. Observe that the Layout wizard applies the selected layout
            only on panels.
          </p>
          <header size="4">Opening the Layout Wizard</header>
          <list type="ordered">
            <item>Open Application Designer.</item>
            <item>Open an application.</item>
            <item><bold>Select</bold> a panel, such as the root panel.</item>
            <item>In the Actions frame, select "<bold>Insert Layout...</bold>" (<picture href="xios/icons/applications/16x16/magic-wand.png" inline="true" border="0" height="16" width="16"/>).</item>
          </list>
          <p>
            -- <bold>or</bold> --
          </p>
          <list type="ordered">
            <item>Open Application Designer.</item>
            <item>Open an application.</item>
            <item>Select the "<bold>Tools</bold>" menu.</item>
            <item>Select the "<bold>Layout Wizard</bold>" (<picture href="xios/icons/applications/16x16/magic-wand.png" inline="true" border="0" height="16" width="16"/>) menu option.</item>
          </list>
          <p>
            -- <bold>or</bold> --
          </p>
          <list type="ordered">
            <item>Open Application Designer.</item>
            <item>Open an application.</item>
            <item>Right-click on a panel.</item>
            <item>Select "<bold>Insert Layout...</bold>" (<picture href="xios/icons/applications/16x16/magic-wand.png" inline="true" border="0" height="16" width="16"/>) menu option.</item>
          </list>
          <picture href="gui/img/help/IDE/layout_wizard.jpg" inline="true" border="0" height="403" width="392"/>
        </text>
      </document>

      <document name="Event Editor">
        <key>event</key>
        <key>editor</key>
        <key>component</key>
        <key>element</key>
        <text>
          <p>
            The Event Editor is a certain application within the IDE that allows you to edit events for
            a specific component or the actual view itself. It allows you to edit event triggers in
            the process files within the application package. You can set the event type, the step to
            execute when triggered and in what process file it is located. Observe that the steps are
            directly related to the process file selected.
          </p>
          <p>
            Any changes made are NOT instant, but instead only when you click the OK button.
          </p>
          <p>
            You can read more about specific parts of the Event Editor in the subsections.
          </p>
        </text>
        <document name="Opening the Event Editor">
          <key>open</key>
          <key>opening</key>
          <key>event</key>
          <key>editor</key>
          <text>
            <p>
              You can open the Event Editor in any of the following ways:
            </p>
            <list type="ordered">
              <item>Open Application Designer.</item>
              <item>Open an application.</item>
              <item>Select a component in the workspace.</item>
              <item>Select "<bold>Edit Component Events</bold>..." (<picture href="xios/icons/applications/16x16/magic-wand.png" inline="true" border="0" height="16" width="16"/>) in the Actions frame.</item>
            </list>
            <p>
              -- <bold>or</bold> --
            </p>
            <list type="ordered">
              <item>Open Application Designer.</item>
              <item>Open an application.</item>
              <item>Right-click on a component in the workspace.</item>
              <item>Select the "<bold>Edit Component Events</bold>..." (<picture href="xios/icons/applications/16x16/magic-wand.png" inline="true" border="0" height="16" width="16"/>) menu option in the context menu.</item>
            </list>
            <p>
              -- <bold>or</bold> --
            </p>
            <list type="ordered">
              <item>Open Application Designer.</item>
              <item>Open an application.</item>
              <item>Double-click on an event in the Events frame.</item>
            </list>
          </text>
        </document>
        <document name="Adding Events">
          <key>add</key>
          <key>adding</key>
          <key>event</key>
          <text>
            <p>You can add event in the Event Editor in any of the following ways:</p>
            <list type="ordered">
              <item>Open Application Designer.</item>
              <item>Open an application.</item>
              <item>Right-click on a component in the workspace.</item>
              <item>Select the "<bold>Edit Component Events</bold>..." (<picture href="xios/icons/applications/16x16/magic-wand.png" inline="true" border="0" height="16" width="16"/>) menu option in the context menu.</item>
              <item>Select "<bold>Add a new event</bold>" (<picture href="xios/icons/development/16x16/element_add.png" inline="true" border="0" height="16" width="16"/>) in the Actions menu in the "Event Editor" window.</item>
            </list>
          </text>
        </document>
        <document name="Editing Events">
          <key>edit</key>
          <key>event</key>
          <key>editor</key>
          <text>
            <p>
              To start editing an event, select it in the grid. Proceed to change the values in the dropdown boxes below the grid.
            </p>
          </text>
        </document>
        <document name="Deleting Events">
          <key>delete</key>
          <key>remove</key>
          <key>event</key>
          <text>
            <p>You can delete events in the Event Editor in any of the following ways:</p>
            <list type="ordered">
              <item>Open Application Designer.</item>
              <item>Open an application.</item>
              <item>Right-click on a component in the workspace.</item>
              <item>Select the "<bold>Edit Component Events</bold>..." (<picture href="xios/icons/applications/16x16/magic-wand.png" inline="true" border="0" height="16" width="16"/>) menu option in the context menu.</item>
              <item>Select "<bold>Delete selected event</bold>" (<picture href="xios/icons/development/16x16/element_delete.png" inline="true" border="0" height="16" width="16"/>) in the Actions menu in the "Event Editor".</item>
            </list>
          </text>
        </document>
      </document>

      <document name="Icon Browser">
        <key>icon</key>
        <key>browser</key>
        <key>icons</key>
        <text>
          <p>
            The icon browser is an application that allows you to browse the default icon library
            offered by CloudTop to be able to use them within your CloudTop application.
          </p>
          <p>
            It works by primary category, in which you can search for a specific icon. Furthermore
            you can select a size, after which a relative URL is generated. By using a URL that us
            relative in your application it makes it possible to utilize the CloudTop CDN service for
            faster access to your application icons across the world.
          </p>
        </text>
      </document>
    </document>

    <document name="Business Logic">
      <key>business</key>
      <key>logic</key>
      <key>work</key>
      <key>working</key>
      <key>with</key>
      <key>process</key>
      <key>xml</key>
      <key>operation</key>
      <key>action</key>
      <key>bind</key>
      <key>call</key>
      <key>callmethod</key>
      <key>method</key>
      <key>callservice</key>
      <key>service</key>
      <key>change</key>
      <key>close</key>
      <key>create</key>
      <key>channel</key>
      <key>debug</key>
      <key>decision</key>
      <key>login</key>
      <key>nagivate</key>
      <key>open</key>
      <key>rollback</key>
      <key>roll</key>
      <key>back</key>
      <key>alert</key>
      <key>setselection</key>
      <key>set</key>
      <key>selection</key>
      <key>save</key>
      <key>save</key>
      <key>about</key>
      <text>
        <p>
          In this section we cover how to work with the Application Designer while working with Process files, which are made up of Process XML code.
        </p>
        <header size="4">What's NOT covered in this section</header>
        <p>
          We have avoided to give details about operations and larger examples of applications, the reason is that there already is a
          <ref type="CloudTop" inline="true" href="local://,apps/help/helpapp.xml,apps/help/data/Development.xml,1," icon="false">XIOS/3 Developer Documentation</ref> where
          all components, process operations are explained in detail.
        </p>
        <p>
          When you are working with Process XML you will be able to see a frame labeled <bold>Actions</bold>. This frame contains commands
          that allow you to <bold>Insert Trigger's</bold> (<picture href="xios/icons/development/16x16/branch_add.png" inline="true" border="0" height="16" width="16"/>)
          and to <bold>Insert Step's</bold> (<picture href="xios/icons/development/16x16/step_add.png" inline="true" border="0" height="16" width="16"/>).
        </p>
        <p>
          There commands will add code snippets at the correct part of your process file. New triggers are added at the top of the file, while new steps are added at
          the bottom of the page.
        </p>
      </text>
      <document name="Operations">
        <key>the</key>
        <key>operation</key>
        <key>list</key>
        <key>action</key>
        <key>bind</key>
        <key>call</key>
        <key>callmethod</key>
        <key>method</key>
        <key>callservice</key>
        <key>service</key>
        <key>change</key>
        <key>close</key>
        <key>create</key>
        <key>channel</key>
        <key>debug</key>
        <key>decision</key>
        <key>login</key>
        <key>nagivate</key>
        <key>open</key>
        <key>rollback</key>
        <key>roll</key>
        <key>back</key>
        <key>alert</key>
        <key>setselection</key>
        <key>set</key>
        <key>selection</key>
        <key>save</key>
        <key>split</key>
        <text>
          <p>
            This list contains all available operations that can be used when developing applications.
            By dragging the operations to the XML editor area you can create snippets. If you have problems
            placing the operations, look for the cursor when placing your operation.
          </p>
          <p>
            When a new operation is available it will also be available in this list, so it will always be up to date.
          </p>
        </text>
      </document>

      <document name="Triggers and Steps">
        <key>trigger</key>
        <key>step</key>
        <key>list</key>
        <key>function</key>
        <key>operation</key>
        <text>
          <p>
            When working with Process XML you should get familiar with the <bold>Triggers and Steps</bold> list. This list displays all your triggers elements including
            the name of the component that is making the event as well as the name of the event.
          </p>
          <p>
            This list also displays all steps that are in use in your applications.
          </p>
          <picture href="gui/img/help/IDE/new_application_process_frame.jpg" inline="true" border="0" height="165" width="242"/>
        </text>
      </document>

    </document>

    <document name="Data">
      <key>process</key>
      <key>business</key>
      <key>logic</key>
      <text>
        <p>
          The XIOS/3 filesystem is highly focused on XML. It provides filelistings in XML
          and XML files in general benefit from the way applications work.
        </p>
        <p>
          Besides the fact that the UI and Business Logic is XML, it is also the primary
          way to store information and create interesting applications.
        </p>
      </text>

      <document name="FaaD - Filesystem as a Database">
        <key>faad</key>
        <key>filesystem</key>
        <key>database</key>
        <text>
          <p>
             The filesystem in XIOS/3 can be used as a database. Using folders as database tables,
             and files as table-rows, which can both store data but also contain meta data which you
             can perform queries on.
          </p>
          <p>
            It is fully integrated in the process operations (business logic) which allows you to simply
            create folders, files and modify the data.
          </p>
          <p>
            As a developer you decide if the meta data is indexed, and thereby searchable when you
            create you own XML filetype. These are separated by "dc" for searchable and "ni" for not
            searchable. There are also the default atom-standard elements which are searchable such as
            "atom:title", "atom:summary" Learn More
          </p>
          <p>
            You can read more about using the filesystem in the Developer Documentation.
          </p>
        </text>
      </document>

      <document name="XML Data">
        <key>faad</key>
        <key>filesystem</key>
        <key>database</key>
        <text>
          <p>
            In your application you can access XML data from either static files, which can be packaged with
            your app or XML files which your application has generated in the filesystem.
          </p>
          <p>
            Most of the components and the process operations are depening on XML information in one way
            or another. Therefore it would be appropriate to store your information in the filesystem as
            XML files.
          </p>
        </text>
      </document>

<!--      <document name="Templates">
        <key>faad</key>
        <key>filesystem</key>
        <key>database</key>
        <text>
          <p></p>
        </text>
      </document>-->

      <document name="Filelistings">
        <key>faad</key>
        <key>filesystem</key>
        <key>database</key>
        <text>
          <p>
            Filelistings in XIOS/3 are provided as a XML document. It is an atom:feed containing the
            files and subfolders of the requested folder. Each subfolder is identified as a "fs:folder"
            element and each file is a "atom:entry" element.
          </p>
          <p>
            Within each file you can find meta data which further provides information about the file.
            There are default data such as atom:title that contains the filename of the document.
          </p>
        </text>
      </document>

      <!--<document name="External Services">
        <key>faad</key>
        <key>filesystem</key>
        <key>database</key>
        <text>
          <p></p>
        </text>
      </document>-->

      <document name="Data Types">
        <key>faad</key>
        <key>filesystem</key>
        <key>database</key>
        <text>
          <p>
            When working with XML documents you can create you own XML Data Types using the IDE.
            This will enable your users to identify your files in their filesystem as belonging to
            your application, and make sure your application is started once the users trys to open
            the XML file.
          </p>
          <p>
            A data type can be created by opening "File" in the menubar and selecting "Create data type",
            and providing a new of the new data type. This will create a node called "Data Types" in the tree
            and will contain your newly created XML data type.
          </p>
          <p>
            In the data type tab, you can edit the name, file icon, file type description and more.
          </p>
        </text>
      </document>
    </document>
  </section>

  <section name="Application: Internet Browser" open="false">
    <key>application</key>
    <key>internet</key>
    <key>browser</key>
    <key>example</key>
    <key>help</key>
    <key>howto</key>
    <key>guide</key>
    <text>
      <p>
        Here we offer an short guide on how to create an application using the IDE, or using an XML Editor.
      </p>
      <p>
        The application that we will attempt to create is an Internet Browser, with a addressbar and buttons.
        It will, when completed, be a functioning webb browser.
      </p>
      <p>
        Begin with The GUI section and follow the instructions. Once finished start with The Logic section which
        provides the application with business logic, connecting the components.
      </p>
    </text>
    <document name="The GUI" open="false">
      <key>example</key>
      <key>text</key>
      <key>ui</key>
      <key>xml</key>
      <key>xcerion</key>
      <key>guide</key>
      <key>tutorial</key>
      <text>
        <p>
          Here we aim to explain how you can create a simple browser UI using the Application Designer application. Observe that Process XML is not covered here, instead you
          can continue this guide in the <ref xpath="/section/section[@name='Understanding the Application Designer']/document[@name='Working with Process XML']/document[@name='Creating a simple browser (Process)']">Process XML section</ref>.
        </p>
        <p>
          <bold>Observe</bold> that to use this browser you must add a "http://" and that we will not go into error handling to deal with URLs that are missing http://.
        </p>
        <header size="3">Creating a new application</header>
        <p>
          Open the Application Designer application, and select <bold>Create</bold> in the "Open Application" window that appears.
        </p>
        <p>
          In the new window fill in the application name, such as <bold>myBrowser</bold> and click on the <bold>create</bold> button.
        </p>
        <p>
          Wait until the Application Designer application has loaded. Observe that two files are open in the tab menu, the view file which is currently selected and the process file
          which handles all the application logic.
        </p>
        <header size="3">Adding the menubar</header>
        <p>
          Now we being to add the desired components to our workspace. First we need a menubar so we drag one from the components list and drop it on the workspace.
        </p>
        <picture href="gui/img/help/IDE/new_application_menuBar.jpg" inline="true" border="0" height="117" width="143"/>
        <p/>
        <picture href="gui/img/help/IDE/new_application_menuBarDrop.jpg" inline="true" border="0" height="50" width="162"/>
        <p>
          This is how it should look once you have added the menuBar component to your application.
        </p>
        <picture href="gui/img/help/IDE/new_application_menuBarAdded.jpg" inline="true" border="0" height="48" width="522"/>
        <header size="3">Adding the toolbar</header>
        <p>
          Select a toolbar component in the components list and add it to the workspace.
        </p>
        <picture href="gui/img/help/IDE/new_application_toolbarAdded.jpg" inline="true" border="0" height="105" width="508"/>
        <header size="3">Changing the contents of a buttonbox</header>
        <p>
          Select the buttonBox to starting editing the icon and text of the buttonBox.
        </p>
        <picture href="gui/img/help/IDE/new_application_buttonBoxSelected.jpg" inline="true" border="0" height="92" width="143"/>
        <p>
          In the Properties we now <bold>remove</bold> the text and <bold>change</bold> the icon for the buttonbox.
        </p>
        <p>
          URL to icon used: xios/icons/applications/24x24/arrow_left_green.png
        </p>
        <picture href="gui/img/help/IDE/new_application_buttonBoxProperties.jpg" inline="true" border="0" height="223" width="242"/>
        <p>
          Add another buttonbox and repeat the procedure to get an arrow pointing to the right. Observe that there is a different between a buttonbox and a button and that
          a regular button component can't be placed inside a toolbar.
        </p>
        <p>
          URL to icon used: xios/icons/applications/24x24/arrow_right_green.png
        </p>
        <p>
          Now we proceed to add an input field where the user will input the URL of the webpage that he wants to visit. <bold>Change</bold> the name of this component
          to <bold>URL</bold>, and set the width to 200 in the <bold>Properties frame</bold> while having the input component selected.
        </p>
        <p>
          We also want to add another buttonbox which we will <bold>rename</bold> to <bold>VisitButton</bold> and we will change the icon to this: xios/icons/applications/24x24/bullet_triangle_green.png.
        </p>
        <p>
          Finally place a <bold>Browser component</bold> in the root panel, rename it to <bold>Browser</bold> and set the <bold>href</bold> to http://www.xcerion.com.
        </p>
        <p>
          Run (<picture href="xios/icons/applications/16x16/media_play_green.png" inline="true" border="0" height="16" width="16"/>) the application and it should look something like this:
        </p>
        <picture href="gui/img/help/IDE/new_application_browser_ui_complete.jpg" inline="true" border="0" height="411" width="511"/>
        <header size="3">Renaming your application</header>
        <p>
         <ref xpath="/section/section[@name='Understanding the Application Designer']/document[@name='Working with UI XML']/document[@name='Changing the title of your application']">Click here</ref> to learn how to rename your application window.
        </p>

        <header size="3">Continuing</header>
        <p>
          To make your application work you will need to apply some logic. Next you apply some business logic, called "Process Code".
        </p>
        <p>
          <bold>Icons used in this example:</bold>
        </p>
        <list type="indent">
          <item><bold>Left arrow: </bold>xios/icons/applications/24x24/arrow_left_green.png</item>
          <item><bold>Right arrow: </bold>xios/icons/applications/24x24/arrow_right_green.png</item>
          <item><bold>Go button: </bold>xios/icons/applications/24x24/bullet_triangle_green.png</item>
        </list>
      </text>
    </document>

    <document name="The Logic">
        <key>create</key>
        <key>a</key>
        <key>simple</key>
        <key>browser</key>
        <key>application</key>
        <key>example</key>
        <key>tutorial</key>
        <key>guide</key>
        <key>walkthrough</key>
        <key>process</key>
        <text>
          <p>
            The example below continues on the subject explained in UI XML section in the Working with UI XML section.
            We recommend that you read that section and complete the design before starting to read this section.
          </p>
          <p>
            Select the process file in your tab menu. Your code should look like this.
          </p>
          <picture href="gui/img/help/IDE/new_application_process.jpg" inline="true" border="0" height="132" width="205"/>
          <header size="3">Defining our needs</header>
          <p>
            Next we need to understand what our needs are:
          </p>
          <list type="unordered">
            <item>Listen for the <bold>Select</bold> event, for when the user clicks on the go button</item>
            <item>Listen for the <bold>Return</bold> event, for when the user hits the Enter button whiel still having focus on the input field</item>
            <item>Make the browser change the webpage once any of these events occur</item>
          </list>
          <p>
            The above means that we need two trigger elements; one to listen for the <bold>Select</bold> event from our buttonBox,
            and one to listen for the <bold>Return</bold> event from the input component. We will also need to add a step element which
            will be executed when one of the events occur, and place our operation in it.
          </p>
          <header size="3">Adding trigger elements</header>
          <p>
            To add a trigger element, select the <bold>Insert trigger</bold> (<picture href="xios/icons/development/16x16/branch_add.png" inline="true" border="0" height="16" width="16"/>) in the Actions menu.
            This will add a XML snippet that looks like this:
          </p>
          <code><![CDATA[<trigger view="NewApp" component="aComp" event="Select" step=""></trigger>]]></code>
          <p>
            Now we change the attributes to fit our needs:
          </p>
          <code><![CDATA[<trigger view="myBrowser" component="URL" event="Return" step="2"></trigger>]]></code>
          <p>
            Add another trigger element, and change it to listen for the select event from our buttonbox.
          </p>
          <code><![CDATA[<trigger view="myBrowser" component="VisitButton" event="Select" step="2"></trigger>]]></code>
          <header size="4">Important to remember</header>
          <p>
            It is very important that you refer to the correct component. Editing the name of a component is
            done by selecting the component and changing the value in the Properties frame.
          </p>
          <header size="3">Adding step elements</header>
          <p>
            Next we add a step which should change the information in the browser component so that it changes the webpage, this
            is done by selecting the "<bold>Insert step</bold>" (<picture href="xios/icons/development/16x16/step_add.png" inline="true" border="0" height="16" width="16"/>).
          </p>
          <p>
            After we have added a new step, we set the id attribute to <bold>2</bold> which is the step that we refer to in out trigger elements. , we proceed to
            add a callMethod operation that will change the webpage in the browser.
          </p>
          <p>
            Proceed to drag-and-drop a <bold>callMethod</bold> operation inside the new step element.
          </p>
          <picture href="gui/img/help/IDE/new_application_process_callmethod.jpg" inline="true" border="0" height="99" width="141"/>
          <p>
            The added callMethod will looks something like this:
          </p>
          <code><![CDATA[<operation name="callMethod" value="#view1#component1">
  <method name="setValue">
    <param type="string">value</param>
  </method>
</operation>]]></code>
          <p>
            Change the values as such: In the value attribute of the operation element we determine which component is to be effected by this operation.
            This is done by an expression which refers to a specific component inside a specific view. Our view file is called <bold>myBrowser</bold> so we first
            add #myBrowser, next the component is our browser component <bold>Browser</bold>. The expression is thus; <bold>#myBrowser#Browser</bold>.
          </p>
          <p>
            The method that we will use is the setValue method; so make sure that the name attribute of the method element is <bold>setValue</bold>. This method
            has only one parameter, which is the URL of the webpage that we want to visit.
          </p>
          <p>
            The param element has a type attribute which should be set to string. Finally between the opening and closing param element we add yet another expression which
            refers to the input component that contains the URL of the webpage. Again a reference to the view file <bold>#myBrowser</bold>, and then a reference to the input field <bold>#URL</bold>.
            Observe that this expression is placed between two curley brackets. This is done so that the system will evaluate your expression into text. Note that the value attribute
            on the operation element did not have curley brackets; this is partly because we are only making a reference to the component so we dont want the value and part because
            the value attribute evaluates text by itself if it needs to.
          </p>
          <code><![CDATA[<operation name="callMethod" value="#myBrowser#Browser">
  <method name="setValue">
    <param type="string">{#myBrowser#URL}</param>
  </method>
</operation>]]></code>
           <header size="3">Full process code</header>
           <code><![CDATA[<?xml version="1.0"?>
<process author="Application Designer" created="2019-03-20" description="Application made with Application Designer" name="myBrowser" revised="2019-03-20">
  <trigger view="myBrowser" component="URL" event="Return" step="2"></trigger>
  <trigger view="myBrowser" component="VisitButton" event="Select" step="2"></trigger>
  <step id="1">
    <operation name="open" value="xios://Applications/myBrowser/views/myBrowser"></operation>
  </step>
  <step id="2" name="Open URL">
    <operation name="callMethod" value="#myBrowser#Browser">
      <method name="setValue">
        <param type="string">{#myBrowser#URL}</param>
      </method>
    </operation>
  </step>
</process>]]></code>
        <header size="3">The final code</header>
        <p>
          <ref type="CloudTop" inline="false" icon="true" href="local://,examples/applications/myBrowser.xml,,1,">myBrowser.xml</ref>
          <ref type="CloudTop" inline="false" icon="true" href="local://,xios/apps/XMLEditor/xmleditorapp.xml,examples/applications/myBrowser.xml,1,">myBrowser.xml</ref>
          <ref type="CloudTop" inline="false" icon="true" href="local://,xide/ide/ide.xml,examples/applications/myBrowser.xml,1,">myBrowser.xml</ref>
        </p>
        </text>
      </document>
  </section>

</section>
