<?xml version="1.0"?>
<section name="Cloud Shell" icon="icon://console">
  <key>console</key>
  <key>shell</key>
  <key>home</key>
  <key>start</key>
  <text>
    <p>
      The <bold>Cloud Shell</bold> application is a simple command
      line interface that allows advanced users to interact with
      mounted file systems, running applications and XIOS/3
      itself. Working with the Cloud Shell will feel natural to anyone
      who has ever used a command line interface before, where you
      type various commands, optional flags and arguments, and press
      enter to have them executed. Control-C aborts the currently
      running command. You can use left and right arrows, home and
      end, delete and backspace to edit the current line, and use up
      and down arrows to navigate the history of commands.
    </p>
    <picture href="xios/apps/help/images/shell/shell.png"/>
  </text>

  <section name="Tab Completion">
    <key>tab</key>
    <key>completion</key>
    <text>
      <p>
        Cloud Shell supports tab completion of command names, file names and folder names. To use the feature, start typing the name, then press the Tab key to let the shell automatically fill in the rest of the name.
      </p>
      <p>
      If there are more then one match, the first match is displayed to change to the next match press Tab again.
      </p>
      <p>
        If there are no matches when Tab is pressed nothing will happen.
      </p>
      <header size="3">Example</header>
      <p>Say you want to delete the file documentListVersion1.xml. You type "rm do" and then press Tab. If there are no files or folder other than "documentListVersion1.xml" that starts with "do" the shell will fill in the filename "documentListVersion1.xml". If there are more than one match you can press Tab repeatedly to cycle through the different options until "documentListVersion1.xml" is shown.</p>
    </text>
  </section>

  <section name="Wildcards">
    <key>wildcards</key>
    <key>glob</key>
    <key>globbing</key>
    <text>
      <p>
        When executing commands in the shell wildcards, or global expressions, can be used in filenames to perform the command on all matching files. The wildcard asterisk character can be inserted at the beginning, the middle, or at the end of a file name pattern and will much any number of characters, including 0. The wildcard character question mark will much one and only one character.
      </p>
      <header size="3">Example</header>
      <p>Move all files in the current folder that has the file ending "jpg" to a subfolder named "Pictures":</p>
      <code><![CDATA[mv *.jpg Pictures]]></code>
      <p>Delete all files in the subfolder Documents that begins with "ver":</p>
      <code><![CDATA[rm Documents/ver*]]></code>
      <p>Delete all files with index number below 100.:</p>
      <code><![CDATA[rm File-000??.txt]]></code>
    </text>
  </section>

  <section name="Command Overview">
    <key>command</key>
    <key>document</key>
    <key>overview</key>
    <text>
      <p>
        The Cloud Shell application contains the following commands which can be reached from the Cloud Shell application using the
        <ref xpath="/section/section[@name='Shell Commands']/document[@name='Show help']">Help</ref> command.
      </p>
      <table>
        <data>
          <theader> <bold>Command</bold> </theader>
          <theader> </theader>
        </data>
        <data>
          <cell> <ref xpath="/section/section[@name='Shell Commands']/document[@name='About XIOS/3']"> about </ref> </cell>
          <cell> About XIOS/3 </cell>
        </data>
        <data>
          <cell> <ref xpath="/section/section[@name='Database Commands']/document[@name='Access Control List']"> acl </ref> </cell>
          <cell> Access Control List </cell>
        </data>
        <data>
          <cell> <ref xpath="/section/section[@name='Group Commands']/document[@name='Group applicants']"> applicants </ref> </cell>
          <cell> Group applicants </cell>
        </data>
        <data>
          <cell> <ref xpath="/section/section[@name='Shell Commands']/document[@name='Active applications']"> apps </ref> </cell>
          <cell> Active applications </cell>
        </data>
        <data>
          <cell> <ref xpath="/section/section[@name='Group Commands']/document[@name='Ban group member']"> ban </ref> </cell>
          <cell> Ban group member </cell>
        </data>
        <data>
          <cell> <ref xpath="/section/section[@name='Group Commands']/document[@name='Banned members']"> banned </ref> </cell>
          <cell> Banned members </cell>
        </data>
        <data>
          <cell> <ref xpath="/section/section[@name='Shell Commands']/document[@name='Document cache']"> cache </ref> </cell>
          <cell> Document cache </cell>
        </data>
        <data>
          <cell> <ref xpath="/section/section[@name='Shell Commands']/document[@name='Change directory']"> cd </ref> </cell>
          <cell> Change directory </cell>
        </data>
        <data>
          <cell> <ref xpath="/section/section[@name='Shell Commands']/document[@name='Available channels']"> channels </ref> </cell>
          <cell> Available channels </cell>
        </data>
        <data>
          <cell> <ref xpath="/section/section[@name='Shell Commands']/document[@name='Clear screen']"> clear </ref> </cell>
          <cell> Clear screen </cell>
        </data>
        <data>
          <cell> <ref xpath="/section/section[@name='Shell Commands']/document[@name='Close application']"> close </ref> </cell>
          <cell> Close application </cell>
        </data>
        <data>
          <cell> <ref xpath="/section/section[@name='Shell Commands']/document[@name='Available commands']"> commands </ref> </cell>
          <cell> Available commands </cell>
        </data>
        <data>
          <cell> <ref xpath="/section/section[@name='Shell Commands']/document[@name='Copy file']"> cp </ref> </cell>
          <cell> Copy file </cell>
        </data>
        <data>
          <cell> <ref xpath="/section/section[@name='Shell Commands']/document[@name='Create empty document']"> create </ref> </cell>
          <cell> Create empty document </cell>
        </data>
        <data>
          <cell> <ref xpath="/section/section[@name='Shell Commands']/document[@name='Current date']"> date </ref> </cell>
          <cell> Current date </cell>
        </data>
        <data>
          <cell> <ref xpath="/section/section[@name='Shell Commands']/document[@name='Download file']"> download </ref> </cell>
          <cell> Download file </cell>
        </data>
        <data>
          <cell> <ref xpath="/section/section[@name='Shell Commands']/document[@name='Available databases']"> databases </ref> </cell>
          <cell> Availables databases </cell>
        </data>
        <data>
          <cell> <ref xpath="/section/section[@name='Database Commands']/document[@name='Display streams']"> streams </ref> </cell>
          <cell> Display streams </cell>
        </data>
        <data>
          <cell> <ref xpath="/section/section[@name='Database Commands']/document[@name='View datatype']"> datatype </ref> </cell>
          <cell> View datatype </cell>
        </data>
        <data>
          <cell> <ref xpath="/section/section[@name='Shell Commands']/document[@name='Available drives']"> drives </ref> </cell>
          <cell> Availables drives </cell>
        </data>
        <data>
          <cell> <ref xpath="/section/section[@name='Shell Commands']/document[@name='Print text']"> echo </ref> </cell>
          <cell> Print text </cell>
        </data>
        <data>
          <cell> <ref xpath="/section/section[@name='Shell Commands']/document[@name='Exit Cloud Shell']"> exit </ref> </cell>
          <cell> Exit Cloud Shell </cell>
        </data>
        <data>
          <cell> <ref xpath="/section/section[@name='Shell Commands']/document[@name='Handle fonts']"> font </ref> </cell>
          <cell> Handle fonts </cell>
        </data>
<!--        <data>
          <cell> <ref xpath="/section/section[@name='Shell Commands']/document[@name='Display font sizes']"> fontsizes </ref> </cell>
          <cell> Display font sizes </cell>
        </data>-->
        <data>
          <cell> <ref xpath="/section/section[@name='Shell Commands']/document[@name='Fullscreen window']"> fullscreen </ref> </cell>
          <cell> Fullscreen window </cell>
        </data>
        <data>
          <cell> <ref xpath="/section/section[@name='Shell Commands']/document[@name='Grep']"> grep </ref> </cell>
          <cell> Grep </cell>
        </data>
        <data>
          <cell> <ref xpath="/section/section[@name='Group Commands']/document[@name='Group ACL security information']"> groupacl </ref> </cell>
          <cell> Group ACL security information </cell>
        </data>
        <data>
          <cell> <ref xpath="/section/section[@name='Group Commands']/document[@name='Show groups']"> groups </ref> </cell>
          <cell> Show groups </cell>
        </data>
        <data>
          <cell> <ref xpath="/section/section[@name='Shell Commands']/document[@name='Show help']"> help </ref> </cell>
          <cell> Show help </cell>
        </data>
        <data>
          <cell> <ref xpath="/section/section[@name='Shell Commands']/document[@name='Command history']"> history </ref> </cell>
          <cell> Command history </cell>
        </data>
        <data>
          <cell> <ref xpath="/section/section[@name='Group Commands']/document[@name='Invitations to group']"> invitations </ref> </cell>
          <cell> Invitations to group </cell>
        </data>
        <data>
          <cell> <ref xpath="/section/section[@name='Group Commands']/document[@name='Invite to group']"> invite </ref> </cell>
          <cell> Invite to group </cell>
        </data>
        <data>
          <cell> <ref xpath="/section/section[@name='Group Commands']/document[@name='Join Group']"> join </ref> </cell>
          <cell> Join Group </cell>
        </data>
        <data>
          <cell> <ref xpath="/section/section[@name='Group Commands']/document[@name='Kick from group']"> kick </ref> </cell>
          <cell> Kick from group </cell>
        </data>
        <data>
          <cell> <ref xpath="/section/section[@name='Shell Commands']/document[@name='Kill process']"> kill </ref> </cell>
          <cell> Kill process </cell>
        </data>
        <data>
          <cell> <ref xpath="/section/section[@name='Group Commands']/document[@name='Leave group']"> leave </ref> </cell>
          <cell> Leave group </cell>
        </data>
        <data>
          <cell> <ref xpath="/section/section[@name='Shell Commands']/document[@name='Load application']"> load </ref> </cell>
          <cell> Load application </cell>
        </data>
        <data>
          <cell> <ref xpath="/section/section[@name='Shell Commands']/document[@name='Localize string']"> localize </ref> </cell>
          <cell> Localize string </cell>
        </data>
        <data>
          <cell> <ref xpath="/section/section[@name='Shell Commands']/document[@name='List Structure']"> ls </ref> </cell>
          <cell> List Structure </cell>
        </data>
        <data>
          <cell> <ref xpath="/section/section[@name='Shell Commands']/document[@name='Handle Macro']"> macro </ref> </cell>
          <cell> Handle Macro </cell>
        </data>
        <data>
          <cell> <ref xpath="/section/section[@name='Shell Commands']/document[@name='Available macros']"> macros </ref> </cell>
          <cell> Available macros </cell>
        </data>
        <data>
          <cell> <ref xpath="/section/section[@name='Group Commands']/document[@name='Group Members']"> members </ref> </cell>
          <cell> Group Members </cell>
        </data>
        <data>
          <cell> <ref xpath="/section/section[@name='Database Commands']/document[@name='Meta data']"> meta </ref> </cell>
          <cell> Meta data </cell>
        </data>
        <data>
          <cell> <ref xpath="/section/section[@name='Database Commands']/document[@name='Query database']"> query </ref> </cell>
          <cell> Result set list </cell>
        </data>
        <data>
          <cell> <ref xpath="/section/section[@name='Database Commands']/document[@name='Container description']"> desc </ref> </cell>
          <cell> Container column description </cell>
        </data>
        <data>
          <cell> <ref xpath="/section/section[@name='Database Commands']/document[@name='Datatypes']"> types </ref> </cell>
          <cell> Show all registered datatypes </cell>
        </data>
        <data>
          <cell> <ref xpath="/section/section[@name='Shell Commands']/document[@name='Create directory']"> mkdir </ref> </cell>
          <cell> Create directory </cell>
        </data>
        <data>
          <cell> <ref xpath="/section/section[@name='Shell Commands']/document[@name='Mount Drive']"> mount </ref> </cell>
          <cell> Mount Drive </cell>
        </data>
        <data>
          <cell> <ref xpath="/section/section[@name='Shell Commands']/document[@name='Move file or folder']"> mv </ref> </cell>
          <cell> Move file or folder </cell>
        </data>
        <data>
          <cell> <ref xpath="/section/section[@name='Shell Commands']/document[@name='Active processes']"> ps </ref> </cell>
          <cell> Active processes </cell>
        </data>
        <data>
          <cell> <ref xpath="/section/section[@name='Shell Commands']/document[@name='Publish folder']"> publish </ref> </cell>
          <cell> Publish folder </cell>
        </data>
        <data>
          <cell> <ref xpath="/section/section[@name='Shell Commands']/document[@name='Print working directory']"> pwd </ref> </cell>
          <cell> Print working directory </cell>
        </data>
        <data>
          <cell> <ref xpath="/section/section[@name='Shell Commands']/document[@name='System reboot']"> reboot </ref> </cell>
          <cell> System reboot </cell>
        </data>
        <data>
          <cell> <ref xpath="/section/section[@name='Shell Commands']/document[@name='Rename file']"> rename </ref> </cell>
          <cell> Rename file </cell>
        </data>
        <data>
          <cell> <ref xpath="/section/section[@name='Shell Commands']/document[@name='Rename directory']"> renamedir </ref> </cell>
          <cell> Rename directory </cell>
        </data>
        <data>
          <cell> <ref xpath="/section/section[@name='Shell Commands']/document[@name='Remove Document']"> rm </ref> </cell>
          <cell> Remove Document </cell>
        </data>
        <data>
          <cell> <ref xpath="/section/section[@name='Shell Commands']/document[@name='Remove Directory']"> rmdir </ref> </cell>
          <cell> Remove Directory </cell>
        </data>
        <data>
          <cell> <ref xpath="/section/section[@name='Group Commands']/document[@name='Group Roles']"> roles </ref> </cell>
          <cell> Group Roles </cell>
        </data>
        <data>
          <cell> <ref xpath="/section/section[@name='Shell Commands']/document[@name='Set Variable']"> set </ref> </cell>
          <cell> Set Variable </cell>
        </data>
        <data>
          <cell> <ref xpath="/section/section[@name='Shell Commands']/document[@name='Shell skins']"> skin </ref> </cell>
          <cell> Shell skins </cell>
        </data>
        <data>
          <cell> <ref xpath="/section/section[@name='Shell Commands']/document[@name='Current time']"> time </ref> </cell>
          <cell> Current time </cell>
        </data>
        <data>
          <cell> <ref xpath="/section/section[@name='Shell Commands']/document[@name='Print in shell']"> type </ref> </cell>
          <cell> Output document </cell>
        </data>
        <data>
          <cell> <ref xpath="/section/section[@name='Group Commands']/document[@name='Lift ban']"> unban </ref> </cell>
          <cell> Lift ban </cell>
        </data>
        <data>
          <cell> <ref xpath="/section/section[@name='Shell Commands']/document[@name='Upload documents']"> upload </ref> </cell>
          <cell> Upload documents </cell>
        </data>
        <data>
          <cell> <ref xpath="/section/section[@name='Shell Commands']/document[@name='Active views']"> views </ref> </cell>
          <cell> Active views </cell>
        </data>
        <data>
          <cell> <ref xpath="/section/section[@name='Shell Commands']/document[@name='User information']"> whois </ref> </cell>
          <cell> User information </cell>
        </data>
      </table>
    </text>
  </section>

  <section name="Shell Commands">
    <key>console</key>
    <key>command</key>
    <key>shell</key>
    <text>
      <p>The Cloud Shell application.</p>
    </text>


    <document name="About XIOS/3">
      <text>
        <p>Prints version and copyright information about XIOS/3.</p>
        <header size="3">Syntax</header>
        <code><![CDATA[about [no parameters]]]></code>
      </text>
    </document>

    <document name="Active applications">
      <key>active</key>
      <key>open</key>
      <key>application</key>
      <key>list</key>
      <text>
        <p>Displays a list of the applications currently active.</p>
        <header size="3">Syntax</header>
        <code><![CDATA[apps [no parameters]]]></code>
        <picture href="xios/apps/help/images/shell/apps.png" height="240" width="415"/>
        <header size="3">Related topics</header>
        <p>
          <ref xpath="/section/section[@name='Shell Commands']/document[@name='Active views']"> Active views</ref>
          <ref xpath="/section/section[@name='Shell Commands']/document[@name='Active processes']"> Active processes</ref>
        </p>
      </text>
    </document>

    <document name="Active views">
      <key>active</key>
      <key>view</key>
      <text>
        <p>Displays a list of active views.</p>
        <header size="3">Syntax</header>
        <code><![CDATA[views [no parameters]]]></code>
      </text>
    </document>

    <document name="Active processes">
      <key>active</key>
      <key>process</key>
      <key>kill</key>
      <key>end</key>
      <key>list</key>
      <text>
        <p>Displays a list of active processes.</p>
        <header size="3">Syntax</header>
        <code><![CDATA[ps [no parameters]]]></code>
        <picture href="xios/apps/help/images/shell/ps.png" height="245" width="412"/>
      </text>
    </document>

    <document name="Available commands">
      <key>commands</key>
      <key>shell</key>
      <key>list</key>
      <text>
        <p>Displays a list of all available commands.</p>
        <header size="3">Syntax</header>
        <code><![CDATA[commands [no parameters]]]></code>
      </text>
    </document>

    <document name="Available databases">
      <key>drive</key>
      <key>database</key>
      <key>quota</key>
      <key>storage</key>
      <text>
        <p>Displays a list of all available databases and the disk usage for each of them.</p>
        <header size="3">Syntax</header>
        <code><![CDATA[databases [-a]]]></code>
        <p>When the -a flag is set hidden databases are shown as well</p>
      </text>
    </document>

    <document name="Availables drives">
      <key>drive</key>
      <key>disk</key>
      <key>quota</key>
      <key>storage</key>
      <text>
        <p>Displays a list of all available file system drives and the disk usage for each of them.</p>
        <header size="3">Syntax</header>
        <code><![CDATA[drives [-a]]]></code>
        <p>When the -a flag is set hidden drives are shown as well</p>
      </text>
    </document>

    <document name="Available macros">
      <key>macro</key>
      <key>alias</key>
      <text>
        <p>Displays a list of all available macros. Can also be used to import macros from a file.</p>
        <header size="3">Syntax</header>
        <code><![CDATA[macros [-u] [macro file]]]></code>
        <header size="3">Examples</header>
        <p>List all available macros:</p>
        <code><![CDATA[macros]]></code>
        <p>Register all macros in the file macros.xml:</p>
        <code><![CDATA[macros -u macros.xml]]></code>
        <p>Example file demonstrating the format of macro files:</p>
        <code>
          <![CDATA[<shell>
  <command name="datetime" help="Show date and time">date | time</command>
  <command name="u" help="Show user id">echo $userid</command>
</shell>]]>
        </code>
      </text>
    </document>

    <document name="Change directory">
      <key>change</key>
      <key>current</key>
      <key>directory</key>
      <key>folder</key>
      <text>
        <p>Changes current directory to directory specified as parameter.</p>
        <header size="3">Syntax</header>
        <code><![CDATA[cd [path/directory name]]]></code>
        <header size="3">Examples</header>
        <p>Change from a subdirectory to its parent directory:</p>
        <code><![CDATA[cd ..]]></code>
        <p>Change current directory to a subdirectory named "Pictures":</p>
        <code><![CDATA[cd Pictures]]></code>
        <p>Change current directory to subdirectory "templates/advanced":</p>
        <code><![CDATA[cd templates/advanced]]></code>
        <picture href="xios/apps/help/images/shell/cd.png" height="176" width="412"/>
        <header size="3">Related topics</header>
        <p>
          <ref xpath="/section/section[@name='Shell Commands']/document[@name='Create directory']"> Create directory</ref>,
          <ref xpath="/section/section[@name='Shell Commands']/document[@name='Rename directory']"> Rename directory</ref>,
          <ref xpath="/section/section[@name='Shell Commands']/document[@name='Remove directory']"> Remove Directory</ref>
        </p>
      </text>
    </document>

    <document name="Channels">
      <key>list</key>
      <key>channel</key>
      <key>available</key>
      <text>
        <p>Displays a list of currently available channels.</p>
        <header size="3">Syntax</header>
        <code><![CDATA[channels [no parameter]]]></code>
        <picture href="xios/apps/help/images/shell/channels.png" height="224" width="412"/>
      </text>
    </document>

    <document name="Clear screen">
      <key>clear</key>
      <key>screen</key>
      <key>window</key>
      <key>console</key>
      <text>
        <p>Clears the Cloud Shell application window.</p>
        <header size="3">Syntax</header>
        <code><![CDATA[clear [no parameters]]]></code>
      </text>
    </document>

    <document name="Close application">
      <key>close</key>
      <key>application</key>
      <key>load</key>
      <text>
        <p>Close application specified as a parameter.</p>
        <header size="3">Syntax</header>
        <code><![CDATA[close [application name]]]></code>
        <list type="ordered" heading="How to find out the name of the active applications:">
          <item>Use command <ref xpath="/section/section[@name='Shell Commands']/document[@name='Active applications']">apps</ref>.</item>
          <item>Application name can be found first on each row.</item>
          <item>Close application: close [application name].</item>
        </list>
        <header size="3">Related topics</header>
        <p>
          <ref xpath="/section/section[@name='Shell Commands']/document[@name='Load application']"> Load application</ref>,
          <ref xpath="/section/section[@name='Shell Commands']/document[@name='Exit Cloud Shell']"> Exit Cloud Shell</ref>,
          <ref xpath="/section/section[@name='Shell Commands']/document[@name='Kill process']"> Kill process</ref>
        </p>
      </text>
    </document>

    <document name="Command history">
      <key>history</key>
      <key>commands</key>
      <key>execute</key>
      <text>
        <p>Shows previously executed commands and let you execute them again.</p>
        <header size="3">Syntax</header>
        <code><![CDATA[history [history number]]]></code>
        <header size="3">Examples</header>
        <p>Show list of all previously executed commands:</p>
        <code><![CDATA[history]]></code>
        <p>Execute history command 3:</p>
        <code><![CDATA[history 3]]></code>
      </text>
    </document>

    <document name="Copy">
      <key>copy</key>
      <key>file</key>
      <text>
        <p>
          Copy a file to a destination folder.
        </p>
        <header size="3">Syntax</header>
        <code><![CDATA[cp [source path] [destination path]]]></code>
      </text>
    </document>

    <document name="Create directory">
      <key>new</key>
      <key>create</key>
      <key>directory</key>
      <key>folder</key>
      <text>
        <p>Creates a new directory.</p>
        <header size="3">Syntax</header>
        <code><![CDATA[mkdir [directory path]]]></code>
        <header size="3">Related topics</header>
        <p>
          <ref xpath="/section/section[@name='Shell Commands']/document[@name='Change directory']"> Change directory</ref>,
          <ref xpath="/section/section[@name='Shell Commands']/document[@name='Rename directory']"> Rename directory</ref>,
          <ref xpath="/section/section[@name='Shell Commands']/document[@name='Remove directory']"> Remove directory</ref>
        </p>
      </text>
    </document>

    <document name="Create empty document">
      <key>create</key>
      <key>document</key>
      <text>
        <p>Creates an empty XML document.</p>
        <header size="3">Syntax</header>
        <code><![CDATA[create [path/file name]]]></code>
        <header size="3">Examples</header>
        <p>Create a document named 'myDoc.xml' in the subfolder 'Documents':</p>
        <code><![CDATA[create Documents/myDoc.xml]]></code>
      </text>
    </document>

    <document name="Current date">
      <key>date</key>
      <key>get</key>
      <key>current</key>
      <text>
        <p>Returns the currents date.</p>
        <header size="3">Syntax</header>
        <code><![CDATA[date [no parameters]]]></code>
        <header size="3">Related topics</header>
        <p>
          <ref xpath="/section/section[@name='Shell Commands']/document[@name='Current time']"> Current time</ref>
        </p>
      </text>
    </document>

    <document name="Current time">
      <key>time</key>
      <key>clock</key>
      <key>get</key>
      <key>current</key>
      <text>
        <p>Displays the current time.</p>
        <header size="3">Syntax</header>
        <code><![CDATA[time [no parameter]]]></code>
        <header size="3">Related topics</header>
        <p>
          <ref xpath="/section/section[@name='Shell Commands']/document[@name='Current date']"> Current date</ref>
        </p>
      </text>
    </document>

    <!--
    <document name="Display font sizes">
      <key>font</key>
      <key>size</key>
      <text>
        <p>Displays all font sizes that can be used in skins.</p>
        <header size="3">Syntax</header>
        <code><![CDATA[fontsizes [no parameters]]]></code>
        <header size="3">Related topics</header>
        <p>
          <ref xpath="/section/section[@name='Shell Commands']/document[@name='Shell skins']"> Shell skins</ref>,
          <ref xpath="/section/section[@name='Shell Commands']/document[@name='Handle fonts']"> Handle fonts</ref>
        </p>
      </text>
    </document>-->

    <document name="Delete file">
      <key>delete</key>
      <key>remove</key>
      <key>rm</key>
      <key>file</key>
      <key>document</key>
      <text>
        <p>Deletes the file specified as parameter.</p>
        <header size="3">Syntax</header>
        <code><![CDATA[rm [file path]]]></code>
        <header size="3">Related topics</header>
        <p>
          <ref xpath="/section/section[@name='Shell Commands']/document[@name='Rename file']"> Rename a file</ref>
        </p>
      </text>
    </document>

    <document name="Document cache">
      <key>cache</key>
      <key>filecache</key>
      <key>list</key>
      <key>output</key>
      <text>
        <p>Displays a list of the document cache contents. Also used to clear the cache.</p>
        <header size="3">Syntax</header>
        <code><![CDATA[cache [clear] [-f]]]></code>
        <header size="3">Examples</header>
        <p>Display list of cached documents:</p>
        <code><![CDATA[cache]]></code>
        <p>Display list of cached documents including temporary documents:</p>
        <code><![CDATA[cache -f]]></code>
        <p>Clear cache:</p>
        <code><![CDATA[cache clear]]></code>
        <picture href="xios/apps/help/images/shell/cache.png" height="257" width="414"/>
      </text>
    </document>

    <document name="Download file">
      <key>download</key>
      <key>dl</key>
      <key>get</key>
      <text>
        <p>Download the requested file to your local filesystem.</p>
        <header size="3">Syntax</header>
        <code><![CDATA[download [file path]]]></code>
      </text>
    </document>

    <document name="Exit Cloud Shell">
      <key>console</key>
      <key>exit</key>
      <key>close</key>
      <key>end</key>
      <key>shell</key>
      <text>
        <p>Close the Cloud Shell application window.</p>
        <header size="3">Syntax</header>
        <code><![CDATA[exit [no parameters]]]></code>
        <header size="3">Related topics</header>
        <p>
          <ref xpath="/section/section[@name='Shell Commands']/document[@name='Close application']"> Close application</ref>,
          <ref xpath="/section/section[@name='Shell Commands']/document[@name='Kill process']"> Kill process</ref>
        </p>
      </text>
    </document>

    <document name="Fullscreen window">
      <key>screen</key>
      <key>full</key>
      <key>console</key>
      <key>maximize</key>
      <key>window</key>
      <key>shell</key>
      <text>
        <p>Opens the Cloud Shell application in fullscreen mode.</p>
        <header size="3">Syntax</header>
        <code><![CDATA[fullscreen [no parameters]]]></code>
      </text>
    </document>

    <document name="Grep">
      <key>grep</key>
      <key>search</key>
      <key>match</key>
      <key>regexp</key>
      <key>regular</key>
      <key>expression</key>
      <text>
        <p>Searches files for lines matching a given search string (regular expression).</p>
        <header size="3">Syntax</header>
        <code><![CDATA[grep [search string] [files<s>] [-i]]]></code>
        <p>When the -i flag is set the search is not case sensitive (ignore case)</p>
        <p>The search string is an instance of a regular expression</p>
        <header size="3">Examples</header>
        <p>Find all lines in text documents in the current folder that contains the string "hello":</p>
        <code><![CDATA[grep hello *.txt]]></code>
        <p>Find all lines in the document story.txt that begins with the string "that is" (The ^ character denotes the start of a line in regular expressions). Also ignore case when performing the search:</p>
        <code><![CDATA[grep "^that is" story.txt -i]]></code>
      </text>
    </document>

    <document name="Handle fonts">
      <key>font</key>
      <key>style</key>
      <text>
        <p>Change the font used in Cloud Shell or displays all fonts that can be used.</p>
        <header size="3">Syntax</header>
        <code><![CDATA[font [font name]]]></code>
        <code><![CDATA[font [-a]]]></code>
        <header size="3">Examples</header>
        <p>List all available fonts:</p>
        <code><![CDATA[font -a]]></code>
        <p>Set the font to LucidaConsole:</p>
        <code><![CDATA[font LucidaConsole]]></code>
        <header size="3">Related topics</header>
        <p>
          <ref xpath="/section/section[@name='Shell Commands']/document[@name='Shell skins']"> Shell skins</ref>
          <!--<ref xpath="/section/section[@name='Shell Commands']/document[@name='Display font sizes']"> Display font sizes</ref>-->
        </p>
      </text>
    </document>

    <document name="Handle Macro">
      <key>macro</key>
      <key>alias</key>
      <text>
        <p>Create or delete a macro</p>
        <header size="3">Syntax</header>
        <code><![CDATA[macro [name] -c [Macro Value] -h [help text] -d [deletes macro]]]></code>
        <header size="3">Examples</header>
        <p>Create a macro named 'info' that outputs the current date and time(Note that the | (pipe) character must be escaped):</p>
        <code><![CDATA[macro info -c "date \| time" -h "Display current date and time"]]></code>
        <p>Delete a macro named 'info':</p>
        <code><![CDATA[macro info -d]]></code>
      </text>
    </document>

    <document name="Kill process">
      <key>kill</key>
      <key>end</key>
      <key>active</key>
      <key>process</key>
      <key>current</key>
      <key>terminate</key>
      <text>
        <p>Close down process specified as parameter. If an application is specified all processes associated with that application is killed.</p>
        <header size="3">Syntax</header>
        <code><![CDATA[kill [process name | application name]]]></code>
        <list type="ordered" heading="How to find out the name of the active processes:">
          <item>Use command <ref xpath="/section/section[@name='Shell Commands']/document[@name='Active processes']">ps</ref>.</item>
          <item>A list of active processes is displayed.</item>
          <item>Kill process: kill [process name].</item>
        </list>
        <header size="3">Related topics</header>
        <p>
          <ref xpath="/section/section[@name='Shell Commands']/document[@name='Exit Cloud Shell']"> Exit Cloud Shell</ref>,
          <ref xpath="/section/section[@name='Shell Commands']/document[@name='Close application']"> Close application</ref>,
          <ref xpath="/section/section[@name='Shell Commands']/document[@name='Active processes']"> Active processes</ref>
        </p>
      </text>
    </document>

    <document name="List Structure">
      <key>list</key>
      <key>current</key>
      <key>directory</key>
      <key>folder</key>
      <key>dir</key>
      <key>ls</key>
      <text>
        <p>Displays a list of subdirectories and directory's file names. Dir also displays the last modified date for each file. If no folder path is specified the current folder is listed.</p>
        <header size="3">Syntax</header>
        <code><![CDATA[ls [folder path]]]></code>
      </text>
    </document>

    <document name="Load application">
      <key>application</key>
      <key>load</key>
      <key>close</key>
      <text>
        <p>Start an application, view or process.</p>
        <header size="4">Usage</header>
        <p>Use the command "load" followed by the complete path to the process file. The default step id to start is 1, however you can select a specific step by using the -s flag followed by the step id. </p>
        <header size="3">Syntax</header>
        <code><![CDATA[load [path/filename.xml] -s [step id]]]></code>
        <header size="3">Example</header>
        <code><![CDATA[load template/templates.xml -s 131]]></code>
        <header size="3">Related topics</header>
        <p>
          <ref xpath="/section/section[@name='Shell Commands']/document[@name='Exit Cloud Shell']"> Close application</ref>
        </p>
      </text>
    </document>

    <document name="Localize string">
      <key>localize</key>
      <key>i18n</key>
      <text>
        <p>Translates a label id from the language files to a localized string.</p>
        <header size="3">Syntax</header>
        <code><![CDATA[localize [label id]]]></code>
        <header size="3">Example</header>
        <code><![CDATA[localize Undo]]></code>
      </text>
    </document>

    <document name="Mount Drive">
      <key>mount</key>
      <key>filesystem</key>
      <key>drive</key>
      <text>
        <p>Mount group drive. You must be member of the group to be able to mount it.</p>
        <header size="3">Syntax</header>
        <code><![CDATA[mount [mount name] [group name] [friendly drive name]]]></code>
        <header size="3">Examples</header>
        <p>Mount the group XideZone as zzz:</p>
        <code><![CDATA[mount zzz ZideZone ZzZ]]></code>
      </text>
    </document>

    <document name="Move file or folder">
      <key>move</key>
      <key>file</key>
      <key>folder</key>
      <text>
        <p>
          Move a file or folder to a destination folder.
        </p>
        <header size="3">Syntax</header>
        <code><![CDATA[move [source path] [destination path]]]></code>
      </text>
    </document>

    <document name="Output document">
      <key>display</key>
      <key>echo</key>
      <key>type</key>
      <key>print</key>
      <key>output</key>
      <key>put</key>
      <text>
        <p>Displays the content of a file in the shell, if possible. For XML documents a seonds XPath argument can be given to only print a selection of the document.</p>
        <header size="3">Syntax</header>
        <code><![CDATA[type [file path] [xpath]]]></code>
      </text>
    </document>

    <document name="Print text">
      <key>print</key>
      <key>output</key>
      <key>text</key>
      <text>
        <p>Prints text in the shell.</p>
        <header size="3">Syntax</header>
        <code><![CDATA[echo [string]]]></code>
        <header size="3">Examples</header>
        <p>Print a string containing your username:</p>
        <code><![CDATA[echo My username is $username]]></code>
        <header size="3">Related topics</header>
        <p>
          <ref xpath="/section/section[@name='Shell Commands']/document[@name='Create directory']"> Output document</ref>
        </p>
      </text>
    </document>

    <document name="Print working directory">
      <key>working</key>
      <key>current</key>
      <key>directory</key>
      <key>pwd</key>
      <text>
        <p>Displays the path to the current directory.</p>
        <header size="3">Syntax</header>
        <code><![CDATA[pwd [no parameters]]]></code>
      </text>
    </document>

    <document name="Publish folder">
      <key>publish</key>
      <key>www</key>
      <key>share</key>
      <text>
        <p>Publishes a folder making it accessible outside CloudTop. If no folder path is provided the current working directory is published.</p>
        <header size="3">Syntax</header>
        <code><![CDATA[publish [folder path]]]></code>
      </text>
    </document>

    <document name="Remove directory">
      <key>remove</key>
      <key>delete</key>
      <key>directory</key>
      <key>subdirectory</key>
      <key>folder</key>
      <text>
        <p>Removes a directory.</p>
        <header size="4">Usage</header>
        <p>It is important to notice that when removing a directory, subdirectories and files are also removed.</p>
        <header size="3">Syntax</header>
        <code><![CDATA[rmdir [directory path]]]></code>
        <header size="3">Example</header>
        <code><![CDATA[rmdir testfolder]]></code>
        <header size="3">Related topics</header>
        <p>
          <ref xpath="/section/section[@name='Shell Commands']/document[@name='Create directory']"> Create directory</ref>,
          <ref xpath="/section/section[@name='Shell Commands']/document[@name='Rename directory']"> Rename directory</ref>,
          <ref xpath="/section/section[@name='Shell Commands']/document[@name='Change directory']"> Change directory</ref>,
          <ref xpath="/section/section[@name='Shell Commands']/document[@name='Delete file']"> Delete file</ref>
        </p>
      </text>
    </document>

    <document name="Rename directory">
      <key>rename</key>
      <key>directory</key>
      <key>folder</key>
      <text>
        <p>Renames a directory. This is different from the command to rename a file or move a directory, as these functions are not always the same in all file systems.</p>
        <header size="3">Syntax</header>
        <code><![CDATA[renamedir [directory path] [new directory name]]]></code>
        <header size="3">Example</header>
        <code><![CDATA[renamedir Documents "My Documents"]]></code>
        <header size="3">Related topics</header>
        <p>
          <ref xpath="/section/section[@name='Shell Commands']/document[@name='Create directory']"> Create directory</ref>,
          <ref xpath="/section/section[@name='Shell Commands']/document[@name='Change directory']"> Change directory</ref>,
          <ref xpath="/section/section[@name='Shell Commands']/document[@name='Remove directory']"> Remove directory</ref>
        </p>
      </text>
    </document>

    <document name="Rename file">
      <key>rename</key>
      <key>file</key>
      <key>document</key>
      <text>
        <p>Renames a file. This is different from the command to move a file, as that is not always the same function in all filesystems.</p>
        <header size="3">Syntax</header>
        <code><![CDATA[rename [file path] [new file name]]]></code>
        <header size="3">Example</header>
        <p>Rename the document 'pic1.jpg' in 'Pictures' to 'pic2.jpg':</p>
        <code><![CDATA[rename Pictures/pic1.jpg pic2.jpg]]></code>
        <header size="3">Related topics</header>
        <p>
          <ref xpath="/section/section[@name='Shell Commands']/document[@name='Delete file']"> Delete a file</ref>
        </p>
      </text>
    </document>

    <document name="Set Variable">
      <key>set</key>
      <key>variable</key>
      <key>alias</key>
      <key>macro</key>
      <text>
        <p>Sets a Shell variable or display set variables. Set variables can later be used in commands.</p>
        <header size="3">Syntax</header>
        <code><![CDATA[set [variable name] [variable value]]]></code>
        <header size="3">Example</header>
        <p>Set a variable 'age':</p>
        <code><![CDATA[set age 23]]></code>
        <p>Use the set variable in the echo command:</p>
        <code><![CDATA[echo I'm $age years old]]></code>
      </text>
    </document>

    <document name="Shell skins">
      <key>skin</key>
      <key>color</key>
      <key>font</key>
      <key>size</key>
      <key>theme</key>
      <text>
        <p>Change skin of Cloud Shell. If no skin is specified all available skins are listed.</p>
        <header size="3">Syntax</header>
        <code><![CDATA[skins [skin name]]]></code>
      </text>
    </document>

    <document name="Show help">
      <key>help</key>
      <key>about</key>
      <key>commands</key>
      <text>
        <p>Show help on how to use the shell.</p>
        <header size="3">Syntax</header>
        <code><![CDATA[help [-a] [command name]]]></code>
        <header size="3">Examples</header>
        <p>Show help overview:</p>
        <code><![CDATA[help]]></code>
        <p>Show list of all commands with a short description of each:</p>
        <code><![CDATA[help -a]]></code>
        <p>Show help for the cd command:</p>
        <code><![CDATA[help cd]]></code>
      </text>
    </document>

    <document name="System reboot">
      <key>reboot</key>
      <key>system</key>
      <key>restart</key>
      <text>
        <p>System reboot.</p>
        <header size="3">Syntax</header>
        <code><![CDATA[reboot [no parameters]]]></code>
      </text>
    </document>

    <document name="Upload documents">
      <key>upload</key>
      <key>store</key>
      <text>
        <p>Upload documents to specified folder. If no folder is specified the documents are uploaded to the current folder.</p>
        <header size="3">Syntax</header>
        <code><![CDATA[upload [directory path]]]></code>
      </text>
    </document>

    <document name="User information">
      <key>user</key>
      <text>
        <p>Displays information about a user.</p>
        <header size="3">Syntax</header>
        <code><![CDATA[whois [username]]]></code>
      </text>
    </document>
  </section>

  <section name="Group Commands">
    <text>
      <p>The Cloud Shell group commands are only available when there is a group manager active in XIOS/3. With these commands it is possible to manage groups with actions like inviting and kicking out members, as well as managing your own group memberships by joining and leaving groups.</p>
    </text>

    <document name="Group applicants">
      <key>group</key>
      <key>applicants</key>
      <key>request</key>
      <key>requests</key>
      <key>join</key>
      <text>
        <p>Displays applicants in a group.</p>
        <header size="3">Syntax</header>
        <code><![CDATA[applicants [group name]]]></code>
        <header size="3">Related topics</header>
        <p>
          <ref xpath="/section/section[@name='Group Commands']/document[@name='Invitations to group']"> Invitations to group</ref>
          <ref xpath="/section/section[@name='Group Commands']/document[@name='Join Group']"> Join Group</ref>
        </p>
      </text>
    </document>

    <document name="Ban group member">
      <key>ban</key>
      <key>group</key>
      <text>
        <p>Ban user from a group.</p>
        <header size="3">Syntax</header>
        <code><![CDATA[ban [username] [group name] [comment]]]></code>
        <header size="3">Examples</header>
        <p>Ban john from the group 'myGroup':</p>
        <code><![CDATA[ban john myGroup "Posted spam in the forum!"]]></code>
        <header size="3">Related topics</header>
        <p>
          <ref xpath="/section/section[@name='Group Commands']/document[@name='Kick from group']"> Kick from group</ref>,
          <ref xpath="/section/section[@name='Group Commands']/document[@name='Banned members']"> Banned members</ref>,
          <ref xpath="/section/section[@name='Group Commands']/document[@name='Lift ban']"> Lift ban</ref>
        </p>
      </text>
    </document>

    <document name="Banned members">
      <key>ban</key>
      <key>group</key>
      <key>member</key>
      <text>
        <p>Displays users banned from a group.</p>
        <header size="3">Syntax</header>
        <code><![CDATA[banned [group name]]]></code>
        <header size="3">Related topics</header>
        <p>
          <ref xpath="/section/section[@name='Group Commands']/document[@name='Lift ban']"> Lift ban</ref>,
          <ref xpath="/section/section[@name='Group Commands']/document[@name='Ban group member']"> Ban group member</ref>
        </p>
      </text>
    </document>

    <document name="Group ACL security information">
      <key>group</key>
      <key>access</key>
      <key>acl</key>
      <text>
        <p>Displays Access Control Lists (ACL) associated with a group.</p>
        <header size="3">Syntax</header>
        <code><![CDATA[groupacl [group name]]]></code>
        <header size="3">Related topics</header>
        <p>
          <ref xpath="/section/section[@name='Group Commands']/document[@name='Show groups']"> Show groups</ref>,
          <ref xpath="/section/section[@name='Database Commands']/document[@name='Access Control List']"> Access Control List</ref>
        </p>
      </text>
    </document>

    <document name="Group Members">
      <key>group</key>
      <key>member</key>
      <text>
        <p>Displays a list of the members of a group or role.</p>
        <header size="3">Syntax</header>
        <code><![CDATA[members [group name]]]></code>
      </text>
    </document>

    <document name="Group Roles">
      <key>group</key>
      <key>role</key>
      <text>
        <p>Displays a list of roles in a group.</p>
        <header size="3">Syntax</header>
        <code><![CDATA[roles [group name]]]></code>
      </text>
    </document>

    <document name="Invite to group">
      <key>invitation</key>
      <key>invite</key>
      <key>group</key>
      <text>
        <p>Invite a user to a group.</p>
        <header size="3">Syntax</header>
        <code><![CDATA[invite [username] [group name]]]></code>
        <header size="3">Related topics</header>
        <p>
          <ref xpath="/section/section[@name='Group Commands']/document[@name='Invitations to group']"> Invitations to group</ref>
        </p>
      </text>
    </document>

    <document name="Invitations to group">
      <key>invitation</key>
      <key>invite</key>
      <key>group</key>
      <text>
        <p>Displays invitations to a group.</p>
        <header size="3">Syntax</header>
        <code><![CDATA[invitations [group name]]]></code>
        <header size="3">Related topics</header>
        <p>
          <ref xpath="/section/section[@name='Group Commands']/document[@name='Invite to group']"> Invite to group</ref>
        </p>
      </text>
    </document>

    <document name="Join Group">
      <key>invitation</key>
      <key>invite</key>
      <key>group</key>
      <key>join</key>
      <text>
        <p>Request to join group, also works as accept invitation.</p>
        <header size="3">Syntax</header>
        <code><![CDATA[join [group name] [alias]]]></code>
        <header size="3">Examples</header>
        <p>Join the group ZideZone with the alias Jane:</p>
        <code><![CDATA[join XideZone Jane]]></code>
        <header size="3">Related topics</header>
        <p>
          <ref xpath="/section/section[@name='Group Commands']/document[@name='Invitations to group']"> Invitations to group</ref>,
          <ref xpath="/section/section[@name='Group Commands']/document[@name='Invite to group']"> Invite to group</ref>
        </p>
      </text>
    </document>

    <document name="Kick from group">
      <key>ban</key>
      <key>group</key>
      <key>leave</key>
      <text>
        <p>Kicks user from group.</p>
        <header size="3">Syntax</header>
        <code><![CDATA[kick [username] [group name] [comment]]]></code>
        <header size="3">Examples</header>
        <p>Kick 'John' from the group ZideZone:</p>
        <code><![CDATA[kick John XideZone]]></code>
        <header size="3">Related topics</header>
        <p>
          <ref xpath="/section/section[@name='Group Commands']/document[@name='Ban group member']"> Ban group member</ref>,
          <ref xpath="/section/section[@name='Group Commands']/document[@name='Invite to group']"> Invite to group</ref>
        </p>
      </text>
    </document>

    <document name="Leave group">
      <key>leave</key>
      <key>group</key>
      <text>
        <p>Leave a group.</p>
        <header size="3">Syntax</header>
        <code><![CDATA[leave [group name]]]></code>
        <header size="3">Related topics</header>
        <p>
          <ref xpath="/section/section[@name='Group Commands']/document[@name='Join Group']"> Join Group</ref>
        </p>
      </text>
    </document>

    <document name="Lift ban">
      <key>lift</key>
      <key>ban</key>
      <key>unban</key>
      <text>
        <p>Lift ban on user.</p>
        <header size="3">Syntax</header>
        <code><![CDATA[unban [username] [group name] [comment]]]></code>
      </text>
    </document>

    <document name="Show groups">
      <key>group</key>
      <key>member</key>
      <text>
        <p>Displays a list of all the groups you are member of.</p>
        <header size="3">Syntax</header>
        <code><![CDATA[groups [no parameters]]]></code>
        <header size="3">Related topics</header>
        <p>
          <ref xpath="/section/section[@name='Group Commands']/document[@name='Group ACL security information']"> Group ACL security information</ref>
        </p>
      </text>
    </document>

  </section>

  <section name="Database Commands">

    <document name="Available databases">
      <key>drive</key>
      <key>database</key>
      <key>quota</key>
      <key>storage</key>
      <text>
        <p>Displays a list of all available databases and the disk usage for each of them.</p>
        <header size="3">Syntax</header>
        <code><![CDATA[databases [-a]]]></code>
        <p>When the -a flag is set hidden databases are shown as well</p>
      </text>
    </document>

    <document name="Display streams">
      <key>stream</key>
      <key>streams</key>
      <key>database</key>
      <key>file</key>
      <key>storage</key>
      <text>
        <p>Displays a list of all available streams for a file.</p>
        <header size="3">Syntax</header>
        <code><![CDATA[streams [file]]]></code>
      </text>
    </document>

    <document name="Access Control List">
      <key>access</key>
      <key>acl</key>
      <key>permission</key>
      <key>permissions</key>
      <text>
        <p>Modifies permissions on a file or folder in filesystems with permission list support.</p>
        <header size="3">Syntax</header>
        <code><![CDATA[acl [file/directory path] [+ | -][modes] -g [group path] -u [username] -r [role name] -f [friend category]]]></code>
        <p>Available modes are r(read), w(write), d(delete) and a(ACL editing).</p>
        <p>If no friend category is specified after the -f flag it means 'all friends'</p>
        <header size="3">Examples</header>
        <p>Remove write access on xios://Documents/myDoc.xml for the user 'john':</p>
        <code><![CDATA[acl xios://Documents/myDoc.xml -w -u john]]></code>
        <p>Add read and write access on xios://tasks.txt for the group 'Holiday':</p>
        <code><![CDATA[acl xios://tasks.txt +rw -g Holiday]]></code>
        <p>Show the acl for xios://tasks.txt</p>
        <code><![CDATA[acl xios://tasks.txt]]></code>
        <header size="3">Related topics</header>
        <p>
          <ref xpath="/section/section[@name='Group Commands']/document[@name='Group information']"> Group information</ref>
        </p>
      </text>
    </document>

    <document name="Meta data">
      <key>meta</key>
      <key>file</key>
      <key>data</key>
      <key>index</key>
      <text>
        <p>Displays the meta data of a file or modifies the meta data.</p>
        <p>Use this command with the path alone to display meta data about the file.</p>
        <header size="3">Syntax</header>
        <code><![CDATA[meta [file] -[a|r|m] -k [key name] -v [key value] -ni]]></code>
        <header size="3">Examples</header>
        <p>Shows meta data of the file 'xios://myobject.xml':</p>
        <code><![CDATA[meta xios://myobject.xml]]></code>
        <p>Add indexed meta data field 'read' with the value 'true' to the object 'xios://Mail/hello.xml':</p>
        <code><![CDATA[meta xios://Mail/hello.xml -a -k read -v true]]></code>
      </text>
    </document>

    <document name="Query database">
      <key>query</key>
      <key>filter</key>
      <key>select</key>
      <text>
        <p>Query the database of specified directory (container) using optional condition.</p>
        <header size="3">Syntax</header>
        <code><![CDATA[query [path] -s [selection] [-w] [condition] [-l] [limit] -o [order by] -asc -desc -e [export csv]]]></code>
        <p>Example</p>
        <code><![CDATA[query . -s "title(40), updated" -w "+title:invoice +pubyear:2021 +pubmonth:7 +type:text/xml" -l 500]]></code>
        <code><![CDATA[query . -s "directory,**" -l 500
]]></code>
        <p>Parameters</p>
        <p> [path] - full path to a directory or name of a sub-directory to current directory</p>
        <p> -s [selection] - put query within "", unless * or a single column, separate columns with ","</p>
        <p>    use paranthesis directly after column name to specify width of column instead of default width 20, example; title(40),href(100)</p>
        <p>    * alone means all columns, whereas ** is the default columns and can be combined with additional columns</p>
        <p> -w [condition] - put the where condition (filter/query) within ""</p>
        <p> -l [limit] - default set to limit number of entries to 100</p>
        <p> -o [order by] - default set to title as the column to order by</p>
        <p> -asc - ascending order (default)</p>
        <p> -desc - descending order</p>
        <p> -e - export the table as csv (; delimiter)</p>
        <p>Query condition language documentation: <a href="https://cloudbackend.com/docs/QUERYug.html">https://cloudbackend.com/docs/QUERYug.html</a></p>
      </text>
    </document>

    <document name="Container description">
      <key>desc</key>
      <key>description</key>
      <key>database</key>
      <text>
        <p>Asks the database for the description of specified container.</p>
        <header size="3">Syntax</header>
        <code><![CDATA[desc [container]]]></code>
        <p>Example</p>
        <code><![CDATA[desc .]]></code>
        <p>Parameters</p>
        <p> [container] - name of a sub-container to current container</p>
      </text>
    </document>

    <document name="Datatypes">
      <key>types</key>
      <key>datatypes</key>
      <key>data types</key>
      <key>mime</key>
      <text>
        <p>Displays all registered datatypes.</p>
        <header size="3">Syntax</header>
        <code><![CDATA[types]]></code>
      </text>
    </document>

    <document name="View datatype">
      <key>types</key>
      <key>datatypes</key>
      <key>data types</key>
      <key>mime</key>
      <text>
        <p>View configuration for specified datatype.</p>
        <header size="3">Syntax</header>
        <code><![CDATA[datatype [datatype name] -l [show list configuration]]]></code>
        <p>View configuration for specified datatype (use types command to view list of all datatypes).</p>
      </text>
    </document>
  </section>

</section>
