<section name="Notepad">
  <text>Here you can find information on how to use XIOS.</text>
  <text>Use the tree structure to the left to navigate to desired help section. If you do not find the answers here try using our support forum: www.forum.xcerion.com/DP</text>

  <section name="Overview">
    <text>An introduction to the Notepad application.
    </text>

    <document name="Introduction Notepad">
      <text>

        <p>
           Text Editor is designed for basic text editing and is suitable for creating simple documents.

          Text Editor is a useful text editor designed to provide the most important features for easy software development.
          A easy-to-use tool for editing your web pages, or a programming in the XIOS/3 environment.
        </p>

        <p>
          In addition to the usual cut and paste facilities Text Editor also lets you find and replace,
           and any change can be undone or redone, which makes it easy for both beginners and experienced users.
        </p>

      </text>
    </document>

    <document name="Find specific words or characters">
      <text>
        To find specific characters or words in the document:
        <list type="ordered">
          <item>Go to the <bold>Edit</bold> menu.</item>
          <item>Click <bold>Find</bold>.</item>
           <picture href="gui/img/help/notepad/find.jpg" border="1" height="321" width="286"/>
          <item>Write the word you would like to find in the <bold>Find and Replace window.</bold></item>
          <item>To look for more than one occurance of a word or part of a word, click <bold>Find Next</bold>.</item>
        </list>

        <picture href="gui/img/help/notepad/findandreplace.jpg" border="1" height="242" width="453"/>

        <note>
          <item>To find only text with uppercase and lowercase characters, as specified in Search for, select <bold>Match Case</bold>. </item>
          <item>If the word you are looking for cannot be part of another word, select <bold>Match whole words only</bold>.</item>
        </note>
      </text>
    </document>


    <document name="Find and replace specific words or characters">
      <text>
        To find and replace specific characters or words in the document:
        <list type="ordered">
          <item>Go to the <bold>Edit</bold> menu.</item>
          <item>Click <bold>Replace</bold>.</item>
          <item>To replace more than one occurance of the word, click <bold>Replace next</bold>.</item>
        </list>

        <picture href="gui/img/help/notepad/replace.jpg" border="1" height="323" width="285"/>
      </text>
    </document>


    <document name="Copy, cut and paste text">
      <text>
         <header size="3">Copy</header>
          To copy text to another location in the document, simply select the text and then click <bold>Copy</bold> on the Edit menu.


         <header size="3">Cut</header>
           To move text to another location in the document, simply select the text and then click <bold>Cut</bold> on the Edit menu.

         <header size="3">Paste</header>
           To paste the text you have cut or copied, place the cursor in the document where you want to paste the text, then click <bold>Paste</bold> on the Edit menu.


        <picture href="gui/img/help/notepad/edit.jpg" border="1" height="320" width="284"/>
      </text>
    </document>

    <document name="Change font">
      <text>
        <list type="ordered">
          <item>Go to the <bold>Format</bold> menu.</item>
          <item>Click <bold>Font</bold>.</item>
        </list>

        <picture href="gui/img/help/notepad/font.jpg" border="1" height="231" width="340"/>
      </text>
    </document>


    <document name="Word wrap">
      <text>

        <list type="ordered">
          <item><bold>On</bold> - text is displayed with word-wrapping and submitted with returns and line feeds.</item>
          <item><bold>Off</bold> - Word-wrapping is disabled. The lines appear exactly as typed.</item>
        </list>

      </text>
    </document>

    <document name="Undo/Redo">
      <text>
       <header size="3">To cancel the last edit:</header>

       Choose <bold>Undo</bold> from the Edit Menu

       <header size="3">To cancel the last undo:</header>
       Choose <bold>Redo</bold> from the Edit Menu.

      </text>
    </document>


 </section>

<!--<document name="Console tranparency">

      <text>
        The Console application has got 4 different transparency modes - 25%, 50%, 60%, 80% and none.

        <p>To adjust transparency:</p>

        1. Right-click in the upper left corner of the Console application.

        <picture href="gui/img/help/console/transparency1.jpg" height="285" width="375"/>

        <p></p>
        <p>2. Click <bold>transparency</bold>.</p>

        <picture href="gui/img/help/console/transparency2.jpg" height="285" width="375"/>

        <p></p>
        <p>3. Transparency can be set 25%, 50%, 60%, 80% or none.</p>

        <picture href="gui/img/help/console/transparency3.jpg" height="285" width="375"/>

        <p>4.Console application window is now partly see through.</p>

        <picture href="gui/img/help/console/transparency4.jpg" height="285" width="375"/>
        <p>
          <bold>Related topics</bold>
          <ref type="internal" xpath="/section/section[2]/document[@name='Full screen console']"> Full screen console </ref>
        </p>
      </text>
    </document> -->






<!--
  <section name="Transparency">
     <text>
     </text>

    <document name="tranparency ">

      <text>The Console application has got 4 different transparency modes - 25%, 50%, 60%, 80% and none.

      <p>To adjust transparency:</p>

      1. Right-click in the upper left corner of the Console application.

      <picture href="gui/img/help/console/transparency1.jpg" height="285" width="375"/>

      <p></p>
      <p>2. Click <bold>transparency</bold>.</p>

      <picture href="gui/img/help/console/transparency2.jpg" height="285" width="375"/>

      <p></p>
      <p>3. Transparency can be set 25%, 50%, 60%, 80% or none.</p>

      <picture href="gui/img/help/console/transparency3.jpg" height="285" width="375"/>

      <p>4.Console application window is now partly see through.</p>

      <picture href="gui/img/help/console/transparency4.jpg" height="285" width="375"/>



        <bold>The Calendar of Dayplan.</bold>Dayplan.

        <list type="ordered">
          <item>In <bold>Internet Explorer</bold>, click the <italic>Tools button</italic>, and then click Internet Options.</item>
          <item>Click the Privacy tab, and then move the slider to the level of privacy you prefer.</item>
           <item>In <bold>Internet Explorer</bold>,click the Tools button <ref type="external" href="http://www.xcerion.se" target="_blank"><bold><italic>Xcerion</italic></bold></ref> , and then click Internet Options.</item>
          <item>Click the Privacy tab, and then move the slider to the level of privacy you prefer, and then move the slider to the level of privacy.</item>
        </list>

        Click the Privacy tab, and then move the slider to the level <ref type="external" href="http://www.xcerion.se" target="_blank"><bold><italic>Xcerion</italic></bold></ref> of privacy you prefer, and then move the slider to the level of privacy.
        Click the Privacy tab, and then move the slider to the level of privacy you prefer, and then move the slider to the level of privacy.
        The level of privacy you prefer, and then move the slider to the level of privacy.


        <list type="unordered">
          <item>Go to the webpage that has the feed to which you want to subscribe.</item>
          <item>Click the to discover <ref type="external" href="http://www.xcerion.se" target="_blank"><bold><italic>Xcerion</italic></bold></ref> feeds on the webpage.</item>
          <item>In Internet Explorer, click the Tools button, and then click Internet Options.</item>
          <item>Click the Privacy tab, to the level of privacy you prefer.</item>
        </list>

        Click the Privacy tab, and then move the slider to the <icon href="icons/applications/16x16/replace2.jpg"/> level of privacy
        you prefer, and then move the slider to the level of privacy.

        <note>
          <item>
            Task functionality is used to remember things.
          </item>
          <item>
            An application designed to help you plan your day.
          </item>
        </note>

        Click the Privacy tab, and then move the slider to the level of privacy you prefer, and then move the slider
        to <icon href="icons/applications/16x16/replace2.jpg"/> the level of privacy.

        <important>
          <item>
            Task functionality is used to remember things.
          </item>
          <item>
            An application designed to help you plan your day.
          </item>
        </important>

        Privacy tab, <icon href="icons/applications/16x16/replace2.jpg"/> and then move the slider to the level of privacy you prefer.

        <table>
          <data>
            <theader> <bold>Extension</bold> </theader>
            <theader> File type  </theader>
          </data>
          <data>
            <cell> .exe </cell>
            <cell> Program  </cell>
          </data>
          <data>
            <cell> .com </cell>
            <cell> MS-DOS program </cell>
          </data>
          <data>
            <cell> .pif </cell>
            <cell> Shortcut to MS-DOS </cell>
          </data>
          <data>
            <cell> .bat </cell>
            <cell> Batch file </cell>
          </data>
          <data>
            <cell> .scr </cell>
            <cell> Screen saver file </cell>
          </data>
        </table>


        <p>
          Then move the slider to the level of privacy you prefer.
          Then move the slider to the level of privacy you prefer. Then move the slider to the level of privacy you prefer.
          Privacy you prefer. Then move the slider to the level of privacy you prefer. Privacy you prefer. Then move the slider to
          the level of privacy you prefer. Privacy you prefer. Then move the slider to the level of privacy you prefer.
        </p>


        <p>
          Then move the slider to the level of privacy you prefer. Then move the slider to the level of privacy you prefer.
          Privacy you prefer. Then move the slider to the level of privacy you prefer.
        </p>

        <picture href="apps/help/data/4people.jpg" height="75" width="105"/>

        <code>
             <![CDATA[<operation name="bind" value="#help#helpTree">
  <component view="help" name="helpView" type="focus"/>
</operation>

<operation name="decision" value="#help#helpTree">
  <when test="'{$type}' = 'click'" step="4"/>
  <when test="'{$type}' = 'back'" step="5"/>
  <when test="'{$type}' = 'forward'" step="6"/>
 </operation>]]></code>


      Then move the slider to the level of privacy you prefer. Then move the slider to the level of privacy you prefer
      <ref type="external" href="http://www.xcerion.se" target="_blank"><bold><italic>Xcerion</italic></bold></ref> then move the slider to the level of privacy you prefer.


        <p>
          Then move the slider to the level of privacy you prefer.
          Then move the slider to the level of privacy you prefer. Then move the slider to the level of privacy you prefer.
          Privacy you prefer. Then move the slider to the level of privacy you prefer. Privacy you prefer. Then move the slider to
          the level of privacy you prefer. Privacy you prefer. Then move the slider to the level of privacy you prefer.
        </p>


        <p>
          Then move the slider to the level of privacy you prefer. Then move the slider to the level of privacy you prefer.
          Privacy you prefer. Then move the slider to the level of privacy you prefer.
          Then move the slider to the level of privacy you prefer.
          Then move the slider to the level of privacy you prefer. Then move the slider to the level of privacy you prefer.
          Privacy you prefer. Then move the slider to the level of privacy you prefer. Privacy you prefer. Then move the slider to
          the level of privacy you prefer. Privacy you prefer. Then move the slider to the level of privacy you prefer.
        </p>

        <table>
          <data>
            <theader> <bold>Extension</bold> </theader>
            <theader> File type  </theader>
          </data>
          <data>
            <cell> .exe </cell>
            <cell> Program  </cell>
          </data>
          <data>
            <cell> .com </cell>
            <cell> MS-DOS program </cell>
          </data>
          <data>
            <cell> .pif </cell>
            <cell> Shortcut to MS-DOS </cell>
          </data>
          <data>
            <cell> .bat </cell>
            <cell> Batch file </cell>
          </data>
          <data>
            <cell> .scr </cell>
            <cell> Screen saver file </cell>
          </data>
        </table>

        <p>
            <header size="3">Related topics</header>

            <ref type="internal" xpath="//document[@name='Recycle Bin']"> Recycle Bin </ref>
            <ref type="internal" xpath="//document[@name='Calendar']"> Calendar </ref>
            <ref type="internal" xpath="//document[@name='XML Editor']"> XML Editor </ref>
        </p>

      </text>
    </document>

  </section> -->



</section>
