<?xml version="1.0"?>
<section name="WidgetBox" icon="xios/gui/icons/16x16/widgetbox.png">
  <key>widgets</key>
  <key>widgetbox</key>
  <key>games</key>
  <text>
    <p>
      The WidgetBox is a great tool when browsing widgets on CloudTop.
    </p>
    <p>
      This section aims to explain the features offered in WidgetBox.
    </p>
    <p>
      WidgetBox allows you to
      <ref xpath="/section/document[@name='Browse By Tag, Find Widget']">Browse By Tag, Find Widget</ref>,
      <ref xpath="/section/document[@name='Showing Widget Information']">Show Widget Information</ref>,
      <ref xpath="/section/document[@name='Installing a Widget']">Install Widgets</ref>,
      <ref xpath="/section/document[@name='Deleting Widgets']">Delet Widgets</ref>,
      <ref xpath="/section/document[@name='Running a Widget']">Run Widgets</ref>
    </p>
    <picture href="gui/img/help/apps/widgetBox.jpg" width="806" height="487"/>
  </text>

  <document name="Starting the Application">
    <key>Play widgets</key>
    <key>Run Widgets</key>
    <key>Start widgets</key>
    <text>
      <list type="ordered">
        <item>CLick on 'Start Menu'</item>
        <item>Make your on 'Applications' tab</item>
        <item>Click 'WidgetBox' folder</item>
        <item>On the 'WidgetBox' folder, select 'Browser'</item>
      </list>
    </text>
  </document>

  <document name="Featured widgets and My Widgets">
    <key>Featured widgets</key>
    <key>My Widgets</key>
    <key>tab</key>
    <text>
      <list>
        <item>
          <bold>'Featured Widgets'</bold> tab is where the CloudTop Features widgets are shown.</item>
        <item>
          <bold>'My Widgets'</bold> is the list of widgets that you installed.</item>
      </list>
    </text>
  </document>

  <document name="Browse By Tag, Find Widget">
    <key>Browse widgets</key>
    <key>Find Widgets</key>
    <key>Browse By Tag</key>
    <text>
      <p>There are two ways of searching widgets. One is the <bold>'Browse By Tag'</bold> and the other one is the <bold>'Find Widget'</bold>.</p>
      <p>To <bold>'Browse By Tag'</bold>:</p>
      <list type="ordered">
        <item>
          <bold>Select</bold> a tag on the list from the combobox 'Browse By Tag'</item>
        <item>A <bold>'new tab'</bold> labeled after the selected tag will open containing the list of widgets associated with the tag selected</item>
      </list>
      <p>To <bold>'Find Widget'</bold>:</p>
      <list type="ordered">
        <item>
          <bold>Type</bold> the keyword in the search input at 'Find Widget...' area.</item>
        <item>Press <bold>keyboard Enter</bold>. This will display the widget results on a new tab named after the keyword entered.</item>
      </list>
    </text>
  </document>

  <document name="Installing a Widget">
    <key>install widgets</key>
    <text>
      <list type="ordered">
        <item>Hover your mouse to the widget that you want to install</item>
        <item>Click the install icon ( <picture href="xios/icons/applications/16x16/document_down.png" inline="true" width="16" height="16"/> )</item>
      </list>
      <bold>--or--</bold>
      <list type="ordered">
        <item>Hover your mouse to the 'Widget' that you want to install</item>
        <item>Click the 'Show Information' icon ( <picture href="xios/icons/applications/16x16/information.png" inline="true" width="16" height="16"/> )</item>
        <item>On the 'Widget Information', click the install button</item>
      </list>
      <header size="3">Related topics</header>
      <p>
        <ref xpath="/section/document[@name='Showing Widget information']">Showing Widget information</ref>,
      </p>
    </text>
  </document>

  <document name="Showing Widget information">
    <key>Showing Widget information</key>
    <key>widget information</key>
    <text>
      <list type="ordered">
        <item>Hover your mouse to the 'Widget' that you want to view the information</item>
        <item>Click the 'Show Information' icon ( <picture href="xios/icons/applications/16x16/information.png" inline="true" width="16" height="16"/> )</item>
      </list>
Or just simply double click on the widget's thumbnail image and it will open a new tab, named after the widget name, that contains the widget information.
    </text>
  </document>

  <document name="Running a Widget">
    <key>Running a Widget</key>
    <key>Play Widget</key>
    <text>
      <list type="ordered">
        <item>Click the 'My Widgets' tab</item>
        <item>On the 'My Widgets' tab, Hover your mouse to the 'Widget' that you want to run</item>
        <item>Click the 'Play' icon ( <picture href="xios/icons/applications/16x16/media_play_green.png" inline="true" width="16" height="16"/> )</item>
      </list>
    </text>
  </document>

  <document name="Deleting Widgets">
    <key>Deleting Widgets</key>
    <key>delete</key>
    <text>
      <list type="ordered">
        <item>Click the 'My Widgets' tab</item>
        <item>On the 'My Widgets' tab, Hover your mouse to the 'Widget' that you want to delete</item>
        <item>Click the 'Delete' icon ( <picture href="xios/icons/applications/16x16/delete.png" inline="true" width="16" height="16"/> )</item>
        <item>On the 'Dialog Box', Click 'Delete' button to confirm the deletion, or 'Cancel' to cancel</item>
      </list>
    </text>
  </document>
</section>
