<?xml version="1.0"?>
<section name="Write" icon="xios/gui/icons/16x16/write2.png">
<!-- missing
  GP: copy, cut, paste, undo, redo, find, replace, select all
  latest opened documents
-->
  <key>write</key>
  <key>functionality</key>
  <key>howto</key>
  <key>use</key>
  <text>
    <p>
      <bold>Getting started with Write</bold>
    </p>
    <p>
      This help is written to help you to understand the Write application and to make
      you understand how to perform any action in the application.
    </p>
  </text>

  <section name="Application Orientation" open="false">
    <key>orientation</key>
    <key>application</key>
    <key>ui</key>
    <key>explanation</key>
    <text>
      <p>
        This section aims to explain the different components of the application.
      </p>
      <picture href="gui/img/help/apps/write.jpg" inline="true" border="0" height="381" width="510"/>
    </text>

  </section>

  <section name="Document Handling" open="false">
    <key>document</key>
    <key>start</key>
    <key>handling</key>
    <key>create</key>
    <key>open</key>
    <key>edit</key>
    <key>save</key>
    <text>
      <p>
        All files written in Write are saved as XML files, in the Xcerion Write format.
        This means that the document can only be opened using the Write application.
      </p>
      <p>
        This section is meant to help you understand how to
        <ref xpath="/section/section[@name='Document Handling']/document[@name='Create Documents']">create</ref>,
        <ref xpath="/section/section[@name='Document Handling']/document[@name='Open Documents']">open</ref>,
        <ref xpath="/section/section[@name='Document Handling']/document[@name='Edit Documents']">edit</ref>,
        <ref xpath="/section/section[@name='Document Handling']/document[@name='Saving Documents']">save</ref> and
        <ref xpath="/section/section[@name='Document Handling']/document[@name='Delete Documents']">delete</ref>
        Write documents.
      </p>
    </text>

    <document name="Create Documents" open="false">
      <key>create</key>
      <key>write</key>
      <key>document</key>
      <text>
        <p>
          You can create a Write document in any of the following ways:
        </p>
        <list type="ordered">
          <item>Open Write.</item>
          <item>A new empty document will be available directly.</item>
        </list>
        <p>
          -- <bold>or</bold> --
        </p>
        <list type="ordered">
          <item>While Write is opened;</item>
          <item>Select the "<bold>New</bold>" (<picture href="xios/icons/applications/16x16/document_new.png" inline="true" border="0" height="16" width="16"/>) menu option in the toolbar.</item>
        </list>
        <p>
          -- <bold>or</bold> --
        </p>
        <list type="ordered">
          <item>While Write is opened;</item>
          <item>Select the <bold>File</bold> menu option in the menu bar.</item>
          <item>Select the "<bold>New</bold>" (<picture href="xios/icons/applications/16x16/document_new.png" inline="true" border="0" height="16" width="16"/>) menu option.</item>
        </list>
      </text>
    </document>

    <document name="Open Documents" open="false">
      <key>open</key>
      <key>write</key>
      <key>document</key>
      <key>my</key>
      <text>
        <p>
          You can open a Write document in any of the following ways:
        </p>
        <list type="ordered">
          <item>Open Document Explorer.</item>
          <item>Open the folder where your file is located.</item>
          <item>Double-click on the file you wish to open.</item>
        </list>
        <p>
          -- <bold>or</bold> --
        </p>
        <list type="ordered">
          <item>Open Write.</item>
          <item>Select the "Open" (<picture href="xios/icons/applications/16x16/folder.png" inline="true" border="0" height="16" width="16"/>) option in the toolbar.</item>
          <item>Select a file in the dialog window.</item>
        </list>
        <p>
          -- <bold>or</bold> --
        </p>
        <list type="ordered">
          <item>Open Write.</item>
          <item>Select the "File" menu in the menu bar.</item>
          <item>Select the "Open" (<picture href="xios/icons/applications/16x16/folder.png" inline="true" border="0" height="16" width="16"/>) option in the toolbar.</item>
          <item>Select a file in the dialog window.</item>
        </list>
        <p>
          -- <bold>or</bold> --
        </p>
        <list type="ordered">
          <item>Drag a Write document to an opened Write application.</item>
        </list>
      </text>
    </document>

    <document name="Edit Documents" open="false">
      <key>edit</key>
      <key>write</key>
      <key>document</key>
      <text>
        <p>
          In order to edit a Write document you need to open it. The contents of the file will appear in the workspace,
          which is represented by the visible writing area.
        </p>
      </text>
    </document>

    <document name="Saving Documents" open="false">
      <key>save</key>
      <key>saving</key>
      <key>write</key>
      <key>document</key>
      <text>
        <p>
          Saving documents is done either by "Save" or "Save As". When performing the latter the you are allowed to
          select a folder and a filename for your file. Note that if the document is previously unsaved then the "Save"
          option will also perform a "Save As".
        </p>
        <p>
          You can save your Write document in any of the following ways:
        </p>
        <list type="ordered">
          <item>While having Write opened.</item>
          <item>Select the "<bold>Save</bold>" (<picture href="xios/icons/applications/16x16/disk_blue.png" inline="true" border="0" height="16" width="16"/>) icon in the toolbar.</item>
        </list>
        <p>
          -- <bold>or</bold> --
        </p>
        <list type="ordered">
          <item>While having Write opened.</item>
          <item>Select the <bold>File</bold> menu in the menu bar.</item>
          <item>Select the "<bold>Save</bold>" (<picture href="xios/icons/applications/16x16/disk_blue.png" inline="true" border="0" height="16" width="16"/>) icon in the menu.</item>
        </list>
        <p>
          -- <bold>or</bold> --
        </p>
        <list type="ordered">
          <item>While having Write opened.</item>
          <item>Select the <bold>File</bold> menu in the menu bar.</item>
          <item>Select the "<bold>Save As</bold>" (<picture href="xios/icons/applications/16x16/save_as.png" inline="true" border="0" height="16" width="16"/>) icon in the menu.</item>
        </list>
      </text>
    </document>

    <document name="Delete Documents" open="false">
      <key>delete</key>
      <key>write</key>
      <key>document</key>
      <text>
        <p>
          Write files are deleted from the filesystem directly
        </p>
        <p>
          Documents can be deleted in any of the following ways:
        </p>
        <list type="ordered">
          <item>Open Document Explorer.</item>
          <item>Open the folder where your Write file is located.</item>
          <item>Right-click on the file.</item>
          <item>Select the "<bold>Delete</bold>" menu option.</item>
        </list>
      </text>
    </document>

  </section>

  <section name="Format Documents" open="false">
    <key>format</key>
    <key>document</key>
    <key>write</key>
    <key>text</key>
    <key>paragraph</key>
    <key>image</key>
    <key>list</key>
    <key>link</key>
    <key>hyperlink</key>
    <text>
      <p>
        This section aims to information you how you can format your Write documents.
      </p>
      <p>
        Here we will explain how you can <ref xpath="/section/section[@name='Format Documents']/document[@name='Formatting Text']">format text</ref>
        as well as set the <ref xpath="/section/section[@name='Format Documents']/document[@name='Paragraph Properties']">paragraph indention and spacing</ref>.
        But also how you can add <ref xpath="/section/section[@name='Format Documents']/document[@name='Lists']">lists</ref>,
        <ref xpath="/section/section[@name='Format Documents']/document[@name='Images']">images</ref>
        and <ref xpath="/section/section[@name='Format Documents']/document[@name='Links']">links</ref> to your Write document.
      </p>
    </text>

    <document name="Formatting Text">
      <key>format</key>
      <key>formatting</key>
      <key>text</key>
      <key>write</key>
      <key>document</key>
      <text>
        <p>
          Write offers several ways of formatting text;
        </p>
        <p>
          You can format font types, font sizes, font colors and background colors. Furthermore Write allows you to
          define your text as bold, italic or underlined and also to align your text.
        </p>
      </text>

      <document name="Font Types">
        <key>font</key>
        <key>format</key>
        <key>text</key>
        <text>
          <p>
            You can change the font in any of the following ways:
          </p>
          <list type="ordered">
            <item>While having a Write document opened.</item>
            <item>Select the text that you wish change the font to.</item>
            <item>Click on the dropdown component containing only text (the default value is "Arial").</item>
            <item>Select a font type from the list.</item>
          </list>
          <p>
            -- <bold>or</bold> --
          </p>
          <list type="ordered">
            <item>While having a Write document opened.</item>
            <item>Select the <bold>Format</bold> menu in the menu bar.</item>
            <item>Select the "<bold>Font</bold>" (<picture href="xios/icons/applications/16x16/font.png" inline="true" border="0" height="16" width="16"/>) menu option.</item>
            <item>Select a font in the "Font Types" list in the "Font Properties".</item>
            <item>Click on the "<bold>OK</bold>" button.</item>
          </list>
          <p>
            -- <bold>or</bold> --
          </p>
          <list type="ordered">
            <item>Open Write.</item>
            <item>Right-click on the workspace.</item>
            <item>Select the "<bold>Font</bold>" (<picture href="xios/icons/applications/24x24/font.png" inline="true" border="0" height="16" width="16"/>) menu option in the menu.</item>
            <item>Select a font in the "Font Types" list in the "Font Properties".</item>
            <item>Click on the "<bold>OK</bold>" button.</item>
          </list>
        </text>
      </document>

      <document name="Font Size">
        <key>font</key>
        <key>size</key>
        <key>paragraph</key>
        <text>
          <p>
            You can change the font size in any of the following ways:
          </p>
          <list type="ordered">
            <item>While having a Write document opened.</item>
            <item>Select the text that you would like to resize.</item>
            <item>Click on the dropdown component containing numbers (the default value is 14pt).</item>
            <item>Select a font size from the list.</item>
          </list>
          <p>
            -- <bold>or</bold> --
          </p>
          <list type="ordered">
            <item>While having a Write document opened.</item>
            <item>Select the <bold>Format</bold> menu in the menu bar.</item>
            <item>Select the "<bold>Fonts</bold>" (<picture href="xios/icons/applications/16x16/font.png" inline="true" border="0" height="16" width="16"/>) menu option.</item>
            <item>Select a font in the "Font Sizes" list in the "Font Properties".</item>
            <item>Click on the "<bold>OK</bold>" button.</item>
          </list>
          <p>
            -- <bold>or</bold> --
          </p>
          <list type="ordered">
            <item>Open Write.</item>
            <item>Right-click on the workspace.</item>
            <item>Select the "<bold>Font</bold>" (<picture href="xios/icons/applications/24x24/font.png" inline="true" border="0" height="16" width="16"/>) menu option in the menu.</item>
            <item>Select a font in the "Font Sizes" list in the "Font Properties".</item>
            <item>Click on the "<bold>OK</bold>" button.</item>
          </list>
        </text>
      </document>

      <document name="Font Color">
        <key>font</key>
        <key>color</key>
        <key>paragraph</key>
        <text>
          <p>
            You can change the font color in any of the following ways:
          </p>
          <list type="ordered">
            <item>While having a Write document opened.</item>
            <item>Select the text that you wish to change the font color to.</item>
            <item>Select the color picker for text color (<picture href="xios/icons/applications/16x16/font.png" inline="true" border="0" height="16" width="16"/>).</item>
          </list>
        </text>
      </document>

      <document name="Font Background Color">
        <key>font</key>
        <key>background</key>
        <key>color</key>
        <text>
          <p>
            You can change the background color in any of the following ways:
          </p>
          <list type="ordered">
            <item>While having a Write document opened;</item>
            <item>Select the text that you wish to change the font color to.</item>
            <item>Select the color picker for text color (<picture href="gui/icons/16x16/paintbucket.png" inline="true" border="0" height="16" width="16"/>).</item>
          </list>
        </text>
      </document>

      <document name="Font Styling">
        <key>font</key>
        <key>style</key>
        <key>bold</key>
        <key>make</key>
        <key>text</key>
        <key>italic</key>
        <key>underline</key>
        <text>
          <p>
            You can change the font style in any of the following ways:
          </p>
          <list type="ordered">
            <item>While having a Write document opened;</item>
            <item>Select the text that you wish to change the styling to.</item>
            <item>Select the "<bold>Bold</bold>" (<picture href="xios/icons/applications/16x16/text_bold.png" inline="true" border="0" height="16" width="16"/>), "Italic" (<picture href="xios/icons/applications/16x16/text_italics.png" inline="true" border="0" height="16" width="16"/>) or "Underline" (<picture href="xios/icons/applications/16x16/text_underlined.png'" inline="true" border="0" height="16" width="16"/>) icon in the toolbar.</item>
            <item>Select either Bold, Italic or Underline.</item>
          </list>
          <p>
            -- <bold>or</bold> --
          </p>
          <list type="ordered">
            <item>While having a Write document opened;</item>
            <item>Select the text that you wish to change the styling to.</item>
            <item>Select the "Format" menu in the menu bar.</item>
            <item>Select the "<bold>Font</bold>" (<picture href="xios/icons/applications/16x16/font.png" inline="true" border="0" height="16" width="16"/>) menu option in the menu.</item>
            <item>Select a styling in the "Font Style" list.</item>
          </list>
          <p>
            -- <bold>or</bold> --
          </p>
          <list type="ordered">
            <item>Open Write.</item>
            <item>Right-click on the workspace.</item>
            <item>Select the "<bold>Font</bold>" (<picture href="xios/icons/applications/24x24/font.png" inline="true" border="0" height="16" width="16"/>) menu option in the menu.</item>
            <item>Select a font in the "Font Style" list in the "Font Properties".</item>
            <item>Click on the "OK" button.</item>
          </list>
        </text>
      </document>

      <document name="Alignment">
        <key>alignment</key>
        <key>text</key>
        <key>paragraph</key>
        <text>
          <p>
            Alignment applies to a paragraph and can be set to left, center, right or justified.
          </p>
          <p>
            You can align your paragraph in any of the following ways:
          </p>
          <list type="ordered">
            <item>While having a Write document opened.</item>
            <item>Select the "<bold>Alignment</bold>" (<picture href="xios/icons/applications/16x16/text_align_left.png" inline="true" border="0" height="16" width="16"/>) icon in the toolbar.</item>
            <item>Select the desired alignment in the menu that appears.</item>
          </list>
        </text>
      </document>

    </document>

    <document name="Paragraph Properties">
      <key>paragraph</key>
      <key>properties</key>
      <key>window</key>
      <text>
        <p>
          The paragraph window is used to set the indention and spacing for paragraphs.
        </p>
        <p>
          You can access the Paragraph Properties window in any of the following ways:
        </p>
        <list type="ordered">
          <item>Open Write.</item>
          <item>Select the "<bold>Format</bold>" menu in the menu bar.</item>
          <item>Select the "<bold>Paragraph...</bold>" (<picture href="xios/icons/development/16x16/text_code.png" inline="true" border="0" height="16" width="16"/>) menu option in the menu.</item>
          <item>Set the desired paragraph properties.</item>
        </list>
        <p>
          -- <bold>or</bold> --
        </p>
        <list type="ordered">
          <item>Open Write.</item>
          <item>Right-click on the workspace.</item>
          <item>Select the "<bold>Paragraph...</bold>" (<picture href="xios/icons/development/16x16/text_code.png" inline="true" border="0" height="16" width="16"/>) menu option in the menu.</item>
          <item>Set the desired paragraph properties.</item>
        </list>
      </text>
    </document>

    <document name="Lists">
      <key>list</key>
      <key>bullet</key>
      <key>ordered</key>
      <key>numbered</key>
      <text>
        <p>
          You can insert lists into your Write document in any of the following ways:
        </p>
        <header size="4">Bullet Lists</header>
        <list type="ordered">
          <item>Open Write.</item>
          <item>Select the  "<bold>Bullet List</bold>" (<picture href="gui/img/icons/List_Bullets.png" inline="true" border="0" height="16" width="16"/>) icon in the toolbar.</item>
          <item>Select the list type you wish to use.</item>
        </list>
        <p>
          -- <bold>or</bold> --
        </p>
        <list type="ordered">
          <item>Open Write.</item>
          <item>Select the "<bold>Format</bold>" menu in the menu bar.</item>
          <item>Select the "<bold>Bullet List</bold>" (<picture href="gui/img/icons/List_Bullets.png" inline="true" border="0" height="16" width="16"/>) menu option in the menu.</item>
          <item>Select the list type you wish to use.</item>
        </list>
        <p>
          -- <bold>or</bold> --
        </p>
        <list type="ordered">
          <item>Open Write.</item>
          <item>Right-click in the workspace.</item>
          <item>Select the "<bold>Bullet List</bold>" (<picture href="gui/img/icons/List_Bullets.png" inline="true" border="0" height="16" width="16"/>) menu option in the menu.</item>
          <item>Select the list type you wish to use.</item>
        </list>
        <header size="4">Numbered Lists</header>
        <list type="ordered">
          <item>Open Write.</item>
          <item>Select the  "<bold>Numbered List</bold>" (<picture href="gui/img/icons/List_Ordered.png" inline="true" border="0" height="16" width="16"/>) icon in the toolbar.</item>
          <item>Select the list type you wish to use.</item>
        </list>
        <p>
          -- <bold>or</bold> --
        </p>
        <list type="ordered">
          <item>Open Write.</item>
          <item>Select the "<bold>Format</bold>" menu in the menu bar.</item>
          <item>Select the "<bold>Numbered List</bold>" (<picture href="gui/img/icons/List_Ordered.png" inline="true" border="0" height="16" width="16"/>) menu option in the menu.</item>
          <item>Select the list type you wish to use.</item>
        </list>
        <p>
          -- <bold>or</bold> --
        </p>
        <list type="ordered">
          <item>Open Write.</item>
          <item>Right-click in the workspace.</item>
          <item>Select the "<bold>Numbered List</bold>" (<picture href="gui/img/icons/List_Ordered.png" inline="true" border="0" height="16" width="16"/>) menu option in the menu.</item>
          <item>Select the list type you wish to use.</item>
        </list>
      </text>
    </document>

    <document name="Date and Time">
      <key>date</key>
      <key>time</key>
      <key>insert</key>
      <key>timestamp</key>
      <key>current</key>
      <key>include</key>
      <text>
        <p>
          You can insert a Date and/or Time into your Write document in any of the following ways:
        </p>
        <list type="ordered">
          <item>Open Write.</item>
          <item>Select the "<bold>Insert</bold>" menu in the menu bar.</item>
          <item>Select the "<bold>Date &amp; Time...</bold>" (<picture href="xios/icons/business/16x16/date-time.png" inline="true" border="0" height="16" width="16"/>) menu option in the menu.</item>
          <item>In the new window that appear select the format you wish to include.</item>
          <item>Click "<bold>OK</bold>".</item>
        </list>
        <p>
          -- <bold>or</bold> --
        </p>
        <list type="ordered">
          <item>Open Write.</item>
          <item>Right-click on the workspace.</item>
          <item>Select the "<bold>Date &amp; Time...</bold>" (<picture href="xios/icons/business/16x16/date-time.png" inline="true" border="0" height="16" width="16"/>) menu option in the menu.</item>
          <item>In the new window that appear select the format you wish to include.</item>
          <item>Click "<bold>OK</bold>".</item>
        </list>
      </text>
    </document>

    <document name="Images">
      <key>image</key>
      <key>insert</key>
      <key>png</key>
      <key>jpg</key>
      <key>jpeg</key>
      <key>gif</key>
      <key>picture</key>
      <text>
        <p>
          There currently are limitations to what file types that are supported in the Pictures feature, furthermore there are no positioning tools available
          once the picture has been included into your document. However you can resize the picture.
        </p>
        <p>
          You can insert a picture into your Write document in any of the following ways:
        </p>
        <list type="ordered">
          <item>Open Write.</item>
          <item>Select the "<bold>Insert</bold>" menu in the menu bar.</item>
          <item>Select the "<bold>Image...</bold>" (<picture href="xios/icons/applications/16x16/photo_scenery.png" inline="true" border="0" height="16" width="16"/>) menu option in the menu.</item>
          <item>In the "Open" dialog that appears select your image.</item>
        </list>
        <p>
          -- <bold>or</bold> --
        </p>
        <list type="ordered">
          <item>Open Write.</item>
          <item>Right-click on the workspace.</item>
          <item>Select the "<bold>Image...</bold>" (<picture href="xios/icons/applications/16x16/photo_scenery.png" inline="true" border="0" height="16" width="16"/>) menu option in the menu.</item>
          <item>In the "Open" dialog that appears select your image.</item>
        </list>
      </text>
    </document>

    <document name="Links">
      <key>link</key>
      <key>insert</key>
      <key>http</key>
      <key>internet</key>
      <key>hyperlink</key>
      <key>xios</key>
      <key>filesystem</key>
      <key>to</key>
      <key>an</key>
      <key>a</key>
      <key>file</key>
      <key>application</key>
      <text>
        <p>
          The link feature introduces the ability to link to a document on the Internet (http://) or link to a document or application in your filesystem.
        </p>
        <p>
          Linking to hyperlinks also allows you to browse the filesystem for a bookmark file in order to retrieve a previously bookmarked website.
        </p>
        <p>
          You can create a link in any of the following ways:
        </p>
        <list type="ordered">
          <item>Open Write.</item>
          <item>Select the "<bold>Insert</bold>" menu in the menu bar.</item>
          <item>Select the "<bold>Hyperlink...</bold>" (<picture href="xios/icons/network/16x16/earth_add.png" inline="true" border="0" height="16" width="16"/>) menu option in the menu.</item>
          <item>Select link type (Hyperlink or CloudTop filesystem).</item>
          <item>Fill in the Link name.</item>
          <item>Fill in the Link URL/Location.</item>
          <item>Click "<bold>OK</bold>".</item>
        </list>
        <p>
          -- <bold>or</bold> --
        </p>
        <list type="ordered">
          <item>Open Write</item>
          <item>Right-click on the workspace</item>
          <item>Select the "<bold>Hyperlink...</bold>" (<picture href="xios/icons/network/16x16/earth_add.png" inline="true" border="0" height="16" width="16"/>) menu option in the menu</item>
          <item>In the Select link type (Hyperlink or CloudTop filesystem)</item>
          <item>Fill in the Link name</item>
          <item>Fill in the Link URL/Location</item>
          <item>Click "<bold>OK</bold>".</item>
        </list>
      </text>
    </document>
  </section>
  <document name="Printing" open="false">
    <key>print</key>
    <key>write</key>
    <key>document</key>
    <text>
      <p>
        Observe that printing a document requires a printer or software for making PDF-like documents.
      </p>
      <p>
        You can print a document in any of the following ways:
      </p>
      <list type="ordered">
        <item>Open Write.</item>
        <item>Select the "<bold>Print</bold>" (<picture href="xios/icons/objects/24x24/printer.png" inline="true" border="0" height="16" width="16"/>) icon in the toolbar.</item>
        <item>Select which printer to print from in the window that appears.</item>
      </list>
      <p>
        -- <bold>or</bold> --
      </p>
      <list type="ordered">
        <item>Open Write.</item>
        <item>Select the "<bold>File</bold>" menu in the menu bar.</item>
        <item>Select the "<bold>Print</bold>" (<picture href="xios/icons/objects/24x24/printer.png" inline="true" border="0" height="16" width="16"/>) menu option in the menu.</item>
      </list>
    </text>
  </document>
  <document name="Microsoft Word Converter" open="false">
    <key>convert</key>
    <key>word</key>
    <key>write</key>
    <key>document</key>
    <key>converter</key>
    <key>text</key>
    <text>
      <p>
        There are two ways to convert Microsoft Word document to CloudTop Write document.
      </p>
      <list type="ordered">
        <item> Method:
          <list type="ordered">
            <item>
              Open <bold>Write</bold> application.
            </item>
            <item>In the File menu select open.</item>
            <item>In the <bold>Document Selector</bold> dialog select the Word document you want to convert.</item>
            <item>Click <bold>Open</bold> button to proceed.</item>
            <item>The file will be converted automatically to Write document.</item>
          </list>
        </item>
        <item> Method:
          <list type="ordered">
            <item>
              Open <bold>Word Converter</bold>.
              <p>
              <picture href="gui/img/help/apps/mswordconverter.jpg" inline="true" border="0" height="462" width="508"/>
              </p>
            </item>
            <item>Click <bold>"Browse.."</bold> button to select the Microsoft Word document.</item>
            <item>
              In the "Output file location and name" the default output directory is the same as the location of the Microsoft Word document to be converted.
              The name of the output is the same with the Microsoft Word document except the extension is change from .doc to .xml .
              You can change the default location and name of the output document.
            </item>
            <item>To proceed click "<bold>Convert</bold>" button.</item>
            <item>Done.</item>
          </list>
        </item>
      </list>
    </text>
  </document>
</section>
