<?xml version="1.0"?>
<section name="XML Editor" icon="xios/gui/icons/16x16/xmleditor.png">
    <key>xml</key>
    <key>editor</key>
    <text>
      <p>
        XML Editor is a useful text editor designed to provide the most important features for easy software development.
        An easy-to-use tool for editing your web pages or programming in the XIOS/3 enviroment.
      </p>
      <p>
        XML Editor makes it easy for the user to focus on software development instead of wasting time learning another complicated computer
        application. Using this tool also makes it easy accessing and editing XML documents in your XIOS/3 file system.
      </p>
      <p>
        XML Editor keeps an eye on the code syntax and signals when the code does not follow the correct XML Syntax rules.
      </p>
      <p>
        In addition to the usual cut and paste facilities XML Editor also lets you indent text, find and replace etc.
        Any change can be undone or redone, which makes it easy for both beginners and experienced users.
      </p>
      <p>
        This documentation consists of three sections namely:
        <ref xpath="/section/section[@name='Application Orientation']">Application Orientation</ref>,
        <ref xpath="/section/section[@name='Manage XML Document']">Manage XML Document</ref>, and
        <ref xpath="/section/section[@name='Content Navigation']">Content Navigation</ref>.
      </p>
    </text>
    
    <section name="Application Orientation" open="false">
      <key>xml</key>
      <key>editor</key>
      <key>orientation</key>
      <text>
        <p>
          This section illustrates the following user interfaces:
          <ref xpath="/section/section[@name='Application Orientation']/document[@name='Main Window']">main window</ref>,
          <ref xpath="/section/section[@name='Application Orientation']/document[@name='Font Properties']">font properties</ref> and
          <ref xpath="/section/section[@name='Application Orientation']/document[@name='Find and Replace']">find and replace</ref>.
        </p>
      </text>
      <document name="Main Window">
        <key>xml</key>
        <key>editor</key>
        <key>main</key>
        <key>window</key>
          <text>
            <p>
              XML Editor can be opened using the shortcut on the desktop or in the CloudTop menu at <bold>Applications->Development->XML Editor</bold>.
            </p>
            <p>
              The illustration below shows the main window of XML Editor.
            </p>
            <p>
              <picture href="xios/apps/help/images/apps/xmleditor.jpg" border="0" height="381" width="510"/>
            </p>
            <p>
              XML Editor main window consists of the following major areas:
              <list type="ordered">
                <item><bold>Find</bold> - to find a keyword in the document</item>
                <item><bold>Menubar</bold> - displays the main menu items</item>
                <item><bold>Toolbar</bold> - contains toolbar buttons</item>
                <item><bold>XML Editor</bold> - the area for typing the xml content</item>
                <item><bold>Developer Help</bold> - opens the documentation</item>
                <item><bold>Find and Replace</bold> - to find and replace a keyword in the document</item>
                <item><bold>Document Tab Navigation</bold> - lists in tab all created and opened documents</item>
                <item><bold>Automatic Updates Status</bold> - a button to set auto saving on or off</item>
                <item><bold>XML Well-Formedness Indicator</bold> - shows whether xml is well-formed or not</item>
                <item><bold>Row and Column Position Indicators</bold> - shows the position of the current line</item>
              </list>
            </p>
          </text>
      </document>
      <document name="Font Properties">
        <key>font</key>
        <key>properties</key>
          <text>
            <p>
              The Font Properties window allows user to setup the way texts are being displayed in the text area.
            </p>
            <p>
              <picture href="xios/apps/help/images/xmleditor/font-properties.png" border="0" height="306" width="404"/>
            </p>
            <p>
              The window consists of the following:
              <list type="ordered">
                <item><bold>Font Type</bold> - contains all available font faces</item>
                <item><bold>Font Style</bold> - consists of bold, italic and underline styles</item>
                <item><bold>Font Size</bold> - font size ranging from 8pt to 148pt</item>
                <item><bold>Preview</bold> - displays a sample text for the selected properties.</item>
                <item><bold>Button Area</bold> - consist of ok and close buttons.</item>
              </list>
            </p>
          </text>
      </document>
      <document name="Find and Replace">
        <key>find</key>
        <key>replace</key>
          <text>
            <p>
              The Find and Replace window allows user to find and/or replace text within the opened file.
              It consist of two tabs namely the find and the replace tabs. Below are image displays of each tab.
            </p>
            <p>
              <picture href="xios/apps/help/images/xmleditor/findtab.png" border="0" height="243" width="656"/>
            </p>
            <p>
              <picture href="xios/apps/help/images/xmleditor/replacetab.png" border="0" height="243" width="656"/>
            </p>
            <p>
              The window consists of the following:
              <list type="ordered">
                <item><bold>Search Field</bold> - text area for the keyword to search</item>
                <item><bold>Replace Field</bold> - text area for the text replacement</item>
                <item><bold>Search Options</bold> - additional option for searching</item>
                <item><bold>Button Area</bold> - consist of the Find Next, Replace and Replace All buttons</item>
              </list>
            </p>
          </text>
      </document>

    </section>

    <section name="Manage XML Document" open="false">
      <key>xml</key>
      <key>document</key>
      <text>
        <p>
          This section will show you how to:
          <ref xpath="/section/section[@name='Manage XML Document']/document[@name='Create XML Document']">create xml document</ref>,
          <ref xpath="/section/section[@name='Manage XML Document']/document[@name='Open XML Document']">open existing xml document</ref>,
          <ref xpath="/section/section[@name='Manage XML Document']/document[@name='Rename XML Document']">rename xml document</ref>, and 
          <ref xpath="/section/section[@name='Manage XML Document']/document[@name='Automatic Update']">set automatic update on/off</ref>.
        </p>
      </text>
      <document name="Create XML Document">
        <key>create</key>
        <key>xml</key>
        <key>document</key>
          <text>
            <header size="4">Steps in creating a new  XML Document:</header>
            <list type="ordered">
              <item>Create a new xml document tab by doing either of these ways:</item>
                <p>a. Click this image at the Toolbar: <picture href="xios/icons/applications/24x24/document_new.png" inline="true" border="0" height="24" width="24"/></p>
                <p>b. At the Main Menu, select <bold>File->New Document</bold></p>
                <p>c. Select <bold>New</bold> at Document Tab Navigation's context menu</p>
              <item>Type anything at the xml editor area.</item>
              <item>Save the new XML Document by doing either of these ways:</item>
                <p>a. Click this image at the Toolbar: <picture href="xios/icons/applications/24x24/disk_blue.png" inline="true" border="0" height="24" width="24"/></p>
                <p>b. At the main menu, select <bold>File->Save</bold> or <bold>File->Save As</bold></p>
                <p>c. Press keyboard <bold>Ctrl+S</bold></p>
              <item>The Save Dialog will come out. Type the name of the XML document and press <bold>Save</bold> button.</item>
            </list>
          </text>
      </document>
      <document name="Open XML Document">
        <key>open</key>
        <key>xml</key>
        <key>document</key>
          <text>
            <header size="4">How to open an exisiting XML Document:</header>
            <list type="ordered">
              <item>Open an existing xml document by doing either of these ways:</item>
                <p>a. Click this image at the Toolbar: <picture href="xios/icons/applications/24x24/folder.png" inline="true" border="0" height="24" width="24"/></p>
                <p>b. At the Main Menu, select <bold>File->Open</bold></p>
                <p>c. Select <bold>Open...</bold> at Document Tab Navigation's context menu</p>
              <item>Type or modify the text at the xml editor area.</item>
              <item>Don't forget to save the changes by doing either of these ways:</item>
                <p>a. Click this image at the Toolbar: <picture href="xios/icons/applications/24x24/disk_blue.png" inline="true" border="0" height="24" width="24"/></p>
                <p>b. At the Main Menu, select <bold>File->Save</bold> or <bold>File->Save As</bold></p>
                <p>c. Press keyboard <bold>Ctrl+S</bold></p>
            </list>
          </text>
      </document>
      <document name="Rename XML Document">
        <key>rename</key>
        <key>xml</key>
        <key>document</key>
          <text>
            <header size="4">How to rename an exisiting XML Document:</header>
            <list type="ordered">
              <item>Open existing xml document</item>
              <item>At the Main Menu, select <bold>File->Rename...</bold></item>
              <item>Type the new name at the Rename window.</item>
              <picture href="xios/apps/help/images/xmleditor/rename-window.png" border="0" height="125" width="390"/>              
              <item>Press <bold>Rename</bold>.</item>
            </list>
          </text>
      </document>
      <document name="Automatic Update">
        <key>automatic</key>
        <key>update</key>
        <key>on</key>
        <key>off</key>
        <text>
          Automatic Update if <bold>On</bold>, will save all the changes made to the document automatically.
    			<header size="2">On</header>
    			<picture href="xios/apps/help/images/xmleditor/automaticUpdateOn.jpg" border="1" height="30" width="193"/>
    			<header size="2">Off</header>
    			<picture href="xios/apps/help/images/xmleditor/automaticUpdateOff.jpg" border="1" height="31" width="193"/>
        </text>
      </document>
    </section>

    <section name="Content Navigation" open="false">
      <key>xml</key>
      <key>navigation</key>
      <text>
        <p>
          This section will discuss about:
          <ref xpath="/section/section[@name='Content Navigation']/document[@name='Shortcuts to Operations']">shortcuts to operations</ref>,
          <ref xpath="/section/section[@name='Content Navigation']/document[@name='Find and Replace']">find and replace text</ref>,
          <ref xpath="/section/section[@name='Content Navigation']/document[@name='Goto Line']">goto line</ref>,
          <ref xpath="/section/section[@name='Content Navigation']/document[@name='Display Line Number']">display line number</ref>, and 
          <ref xpath="/section/section[@name='Content Navigation']/document[@name='Clear Result Markings']">clear result markings</ref>.
        </p>
      </text>
      <document name="Shortcuts to Operations">
        <key>shortcuts</key>
        <key>operations</key>
        <key>undo</key>
        <key>redo</key>
        <key>copy</key>
        <key>paste</key>
        <key>cut</key>
        <key>find</key>
        <key>replace</key>
        <key>goto line</key>
        <key>hide</key>
        <key>show</key>
        <key>line</key>
        <key>number</key>
        <text>
    			<header size="2">Undo</header>
            <list type="unordered">
              <item>At the Main Menu, select <bold>Edit->Undo</bold></item>
              <item>At the Toolbar, click this image: <picture href="xios/icons/applications/24x24/undo.png" inline="true" border="0" height="24" width="24"/>.</item>
              <item>Press <bold>Ctrl+Z</bold></item>
            </list>
    			<header size="2">Redo</header>
            <list type="unordered">
              <item>At the Main Menu, select <bold>Edit->Redo</bold></item>
              <item>At the Toolbar, click this image: <picture href="xios/icons/applications/24x24/redo.png" inline="true" border="0" height="24" width="24"/>.</item>
              <item>Press <bold>Ctrl+Y</bold></item>
            </list>
    			<header size="2">Copy</header>
            <list type="unordered">
              <item>At the Main Menu, select <bold>Edit->Copy</bold></item>
              <item>At the Toolbar, click this image: <picture href="xios/icons/applications/24x24/copy.png" inline="true" border="0" height="24" width="24"/>.</item>
              <item>Press <bold>Ctrl+C</bold></item>
            </list>
    			<header size="2">Paste</header>
            <list type="unordered">
              <item>At the Main Menu, select <bold>Edit->Paste</bold></item>
              <item>At the Toolbar, click this image: <picture href="xios/icons/applications/24x24/paste.png" inline="true" border="0" height="24" width="24"/>.</item>
              <item>Press <bold>Ctrl+V</bold></item>
            </list>
    			<header size="2">Cut</header>
            <list type="unordered">
              <item>At the Main Menu, select <bold>Edit->Cut</bold></item>
              <item>At the Toolbar, click this image: <picture href="xios/icons/applications/24x24/cut.png" inline="true" border="0" height="24" width="24"/>.</item>
              <item>Press <bold>Ctrl+V</bold></item>
            </list>
    			<header size="2">Find</header>
            <list type="unordered">
              <item>At the Main Menu, select <bold>Search->Find...</bold></item>
              <item>At the Toolbar, click this image: <picture href="xios/icons/applications/24x24/find.png" inline="true" border="0" height="24" width="24"/>.</item>
              <item>Press <bold>Ctrl+F</bold></item>
            </list>
    			<header size="2">Replace</header>
            <list type="unordered">
              <item>At the Main Menu, select <bold>Search->Replace...</bold></item>
              <item>At the Toolbar, click this image: <picture href="xios/icons/applications/24x24/replace.png" inline="true" border="0" height="24" width="24"/>.</item>
              <item>Press <bold>Ctrl+H</bold></item>
            </list>
    			<header size="2">Goto Line</header>
            <list type="unordered">
              <item>At the Main Menu, select <bold>Search->Goto Line</bold></item>
              <item>Press <bold>Ctrl+G</bold></item>
            </list>
          <header size="2">Hide/Show Line Number</header>            
            <list type="unordered">
              <item>At the Main Menu, select <bold>View->Line Numbers</bold></item>
            </list>
        </text>
      </document>
      <document name="Find and Replace">
        <key>find</key>
        <key>replace</key>
        <key>specific</key>
        <key>text</key>
        <key>character</key>
        <key>word</key>
        <text>
          To find and replace specific characters or words in the document:
          <list type="ordered">
            <item>Go to the <bold>Search</bold> menu.</item>
            <item>Click <bold>Replace</bold>.</item>
            <picture href="xios/apps/help/images/xmleditor/replace_menu.jpg" border="1" height="221" width="355"/>
            <item>On the <bold>Replace</bold> tab (below), enter "Search For" and "Replace With" and then click <bold>Find</bold>.</item>
            <item>If the word was found, click <bold>Replace</bold> if you wish to replace, <bold>Find Next</bold> to find the next occurrence or <bold>Replace All</bold> to
            replace all occurrences of the word.</item>
          </list>

          <picture href="xios/apps/help/images/xmleditor/replace.jpg" border="1" height="228" width="466"/>

          <note>
           <item>To find only text with uppercase and lowercase characters, as specified in the input field "Search For", select <bold>Match Case</bold>. </item>
           <item>If the word you are looking for cannot be part of a word, select <bold>Match whole words only</bold>.</item>
          </note>
        </text>
      </document>
      <document name="Goto line">
        <key>go</key>
        <key>focus</key>
        <key>goto</key>
        <key>to</key>
        <key>line</key>
        <key>row</key>
        <text>
          <p><bold>Goto Line</bold> operation sets the cursor on the chosen line.</p>
          <list type="ordered">
            <item>Make sure <bold>line numbers</bold> are selected in the View menu.</item>
            <item>At the Main Menu, select <bold>Search->Goto Line</bold> or press <bold>Ctrl+G</bold></item>
            <picture href="xios/apps/help/images/xmleditor/goto_menu.jpg" border="1" height="225" width="281"/>
            <item>In the Goto dialog window, type the number of the line you which to go to.</item>
            <picture href="xios/apps/help/images/xmleditor/goto.jpg" border="1" height="121" width="201"/>
            <item>Then press <bold>Goto</bold>.</item>
            <picture href="xios/apps/help/images/xmleditor/goto_line.jpg" border="1" height="242" width="356"/>
           </list>
        </text>
      </document>
    </section>
</section>
