<?xml version="1.0"?>

<application name="Help" icon="icon://question" instances="0" theme="marble"
    xmlns:xlink="http://www.w3.org/1999/xlink" xmlns:l="http://xios3.com/lang">
  <settings>
    <path>apps/help</path>
  </settings>
  <about loader="false" version="1.01" revised="2010-02-12" created="2007-11-06"
      author="Glenn Stenbring, Andreas Forsén, Goran Panic" copyright="Copyright © 2018 XIOS/3 AB. All rights reserved."
      publisher="CloudTop">
    <description>Help is an application for finding help about CloudTop and it's applications</description>
    <license xlink:type="simple" xlink:actuate="onRequest" xlink:href="https://xios3.com/license/xios_1.xml">XIOS.1</license>
    <installed>2007-11-06</installed>
  </about>
  <resources/>

  <process name="Help" debug="true" step="1" xlink:actuate="onLoad" description="Help Center" author="Andreas Forsén, Goran Panic" created="2007-08-07" revised="2008-11-03">
    <trigger view="Help" component="helpTree"       event="Select"      step="3"/>
    <trigger view="Help" component="tBack"          event="Select"      step="10"/>
    <trigger view="Help" component="tForward"       event="Select"      step="11"/>
    <trigger view="Help" component="tHome"          event="Select"      step="12"/>
    <trigger view="Help" component="tPrint"         event="Select"      step="printSection"/>
    <trigger view="Help" component="content"        event="Select"      step="13"/>
    <trigger view="Help" component="searchField"    event="Return"      step="checkInput"/>
    <trigger view="Help" component="searchField"    event="Select"      step="checkInput"/>
    <trigger view="Help" component="search"         event="gotoResult"  step="21"/>
    <trigger view="Help" component="searchCloser"   event="Select"      step="hideSearch"/>
    <trigger view="Help" component="combo_sections" event="Select"      step="18"/>
    <trigger view="Help" event="Escape"                                 step="hideSearch"/>
    <trigger view="Help" event="Opened"                                 step="initOpened"/>

    <step id="1" name="Show Application">
      <alias name="dataDoc" value="!"/>
      <alias name="dataDocPath" value="{!}" model="value"/>
      <alias name="searchBound" value="false"/>
      <operation name="open" value="$package#view[@name='Help']"/>
    </step>

    <step id="initOpened" name="Bind Data">
      <operation name="decision" value="#SystemConfig">
        <when exists="true">
          <operation name="bind" value="#SystemConfig">
            <component name="plate_sections" view="Help" select="/config/helpfiles"/>
          </operation>
        </when>
        <otherwise>
          <operation name="callMethod" value="#Help#sectionsGrp">
            <method name="hide"/>
          </operation>
        </otherwise>
      </operation>

      <operation name="bind" value="$dataDoc">
        <component view="Help" name="content"/>
      </operation>

      <operation name="bind" value="$dataDoc#/">
        <component view="Help" name="helpTree"/>
      </operation>

      <operation name="create" value="#backHistory">
        <history>/section[1]</history>
      </operation>
      <alias name="backHistory" value="" model="define">
        <document>#backHistory</document>
        <base>/</base>
        <selection/>
      </alias>

      <operation name="create" value="#forwardHistory">
        <history></history>
      </operation>
      <alias name="forwardHistory" value="" model="define">
        <document>#forwardHistory</document>
        <base>/</base>
        <selection/>
      </alias>

      <alias name="type" value="click" model="value"/>
    </step>

    <step id="3" name="Select Help section">
      <operation name="call" value="15"/>
      <operation name="decision">
        <when test="'{$type}' = 'click'" step="4"/>
        <when test="'{$type}' = 'back'" step="5"/>
        <when test="'{$type}' = 'forward'" step="6"/>
      </operation>

      <alias name="type" value="click" model="value"/>
    </step>

    <step id="4" name="clicked Tree, update history">
      <operation name="change" value="$backHistory">
        <store type="append" select="/history">
          <path>{#Help#helpTree.selection}</path>
        </store>
      </operation>

      <operation name="change" value="$forwardHistory">
        <store type="replace" select="/history">
          <history />
        </store>
      </operation>

      <operation name="action" value="#Help">
        <component name="tForward" action="disable"/>
      </operation>

      <!-- enable back? -->
      <operation name="decision" value="$backHistory">
        <when test="count(/history/path) &gt; '1'" step="9"/>
      </operation>
    </step>

    <step id="5" name="clicked back, update history">
      <operation name="change" value="$forwardHistory">
        <store type="append" select="/history">
          <path>{$backHistory#/history/path[last()]}</path>
        </store>
      </operation>

      <operation name="change" value="$backHistory">
        <delete select="/history/path[last()]"/>
      </operation>

      <operation name="action" value="#Help">
        <component name="tForward" action="enable"/>
      </operation>

      <!--disable back? -->
      <operation name="decision" value="$backHistory">
        <when test="count(/history/path) = '1'" step="8"/>
      </operation>
    </step>

    <step id="6" name="clicked forward, update history">
      <operation name="change" value="$backHistory">
        <store type="append" select="/history">
          <path>{$forwardHistory#/history/path[last()]}</path>
        </store>
      </operation>

      <operation name="change" value="$forwardHistory">
        <delete select="/history/path[last()]"/>
      </operation>

      <operation name="action" value="#Help">
        <component name="tBack" action="enable"/>
      </operation>

      <!--disable forward? -->
      <operation name="decision" value="$forwardHistory">
        <when test="count(/history/path) = '0'" step="7"/>
      </operation>
    </step>

    <step id="7" name="Disable Forward">
      <operation name="action" value="#Help">
        <component name="tForward" action="disable"/>
      </operation>
    </step>

    <step id="8" name="Disable Back">
      <operation name="action" value="#Help">
        <component name="tBack" action="disable"/>
      </operation>
    </step>

    <step id="9" name="Enable Back">
      <operation name="action" value="#Help">
        <component name="tBack" action="enable"/>
      </operation>
    </step>

    <!--toolbar buttons 10 - 20 -->
    <step id="10" name="Back">
      <alias name="type" value="back" model="value"/>

      <operation name="setSelection" value="">
        <component view="Help" name="helpTree">
          <item select="{$backHistory#/history/path[last() - 1]}"/>
        </component>
      </operation>
    </step>

    <step id="11" name="Forward">
      <alias name="type" value="forward" model="value"/>

      <operation name="setSelection" value="">
        <component view="Help" name="helpTree">
          <item select="{$forwardHistory#/history/path[last()]}"/>
        </component>
      </operation>
    </step>

    <step id="12" name="Home">
      <operation name="setSelection" value="">
        <component view="Help" name="helpTree">
          <item select="/section[1]"/>
        </component>
      </operation>
    </step>

    <step id="13" name="Decide type of internal link">
      <alias name="trigger" value="!"/>
      <alias name="triggerValue" value="$trigger" model="value"/>

      <alias name="docLinkValue" value="= {'{$triggerValue}'.replace('local://','')}"/>
      <operation name="decision">
        <when test="starts-with('{$docLinkValue}',',')" step="19"/>
        <otherwise step="14"/>
      </operation>
    </step>

    <step id="14" name="Internal link clicked">
      <operation name="setSelection" value="$trigger">
        <component view="Help" name="helpTree" />
      </operation>
    </step>

    <step id="15" name="helpTree Document Clicked">
      <operation name="bind" value="#Help#helpTree">
        <component view="Help" name="content"/>
      </operation>

      <alias name="treeSelection" value="{#Help#helpTree#@name}"/>
      <operation name="decision">
        <when test="'{$treeSelection}' = '{#Help#helpTree#/section/@name}'" step="22"/>
        <otherwise step="23"/>
      </operation>
    </step>

    <step id="16" name="Search for Document">
      <operation name="setSelection" value="">
        <component view="Help" name="helpTree">
          <item select="//document[contains(translate(@name, 'ABCDEFGHIJKLMNOPQRSTUVWXYZ', 'abcdefghijklmnopqrstuvwxyz'), translate('{#Help#searchField}', 'ABCDEFGHIJKLMNOPQRSTUVWXYZ', 'abcdefghijklmnopqrstuvwxyz'))]"/>
        </component>
      </operation>
      <!--
      <item select="//document[contains(translate(@name | ., 'ABCDEFGHIJKLMNOPQRSTUVWXYZ', 'abcdefghijklmnopqrstuvwxyz'), translate('{#Help#searchField}', 'ABCDEFGHIJKLMNOPQRSTUVWXYZ', 'abcdefghijklmnopqrstuvwxyz'))]"/>
      -->
    </step>

    <step id="17" name="ReBind Data for new section load">
      <operation name="call" value="hideSearch"/>
      <alias name="dataDocPath" value="{#Help#combo_sections}" model="value"/>
      <alias name="dataDoc" value="{#Help#combo_sections}" model="value"/>
      <operation name="bind" value="{#Help#combo_sections}">
        <component view="Help" name="helpTree" model="data"/>
      </operation>
      <alias name="searchBound" value="false"/>

      <operation name="setSelection" value="">
        <component view="Help" name="helpTree">
          <item select="/section[1]"/>
        </component>
      </operation>

      <operation name="create" value="#backHistory">
        <history>/section[1]</history>
      </operation>
      <alias name="backHistory" value="" model="define">
        <document>#backHistory</document>
        <base>/</base>
        <selection/>
      </alias>

      <operation name="create" value="#forwardHistory">
        <history></history>
      </operation>
      <alias name="forwardHistory" value="" model="define">
        <document>#forwardHistory</document>
        <base>/</base>
        <selection/>
      </alias>

      <alias name="type" value="click" model="value"/>
    </step>

    <step id="18" name="Check Section Selection">
      <operation name="decision">
        <when test="'{$dataDoc}' != '{#Help#combo_sections}'" step="17"/>
        <when test="'help_sections' != '{#Help#combo_sections}'" step="17"/>
      </operation>
    </step>

    <step id="19" name="Link to open application">
      <operation name="split" value="{$docLinkValue}">
        <value>use</value>
        <document>#linkData</document>
        <token>,</token>
      </operation>

      <alias name="openApplication" value="{#linkData#/split/item[2]}" model="value"/>
      <alias name="openTrigger" value="{#linkData#/split/item[3]}" model="value"/>
      <alias name="openStep" value="{#linkData#/split/item[4]}" model="value"/>

      <operation name="open" value="{$openApplication}">
        <trigger value="{$openTrigger}"/>
        <step id="{$openStep}"/>
      </operation>
    </step>

    <step id="checkInput" name="Check if search input is empty">
      <operation name="decision">
        <when test="'{#Help#searchField}' != ''" step="20" />
      </operation>
    </step>

    <step id="20" name="User made a search">
      <operation name="decision">
        <when test="'{$searchBound}' != 'true'">
          <operation name="decision">
            <when test="'{$dataDoc}' = 'xios/apps/help/data/Development.xml'">
              <alias name="searchDoc" value="xios/apps/help/data/DevelopmentIndex.xml"/>
            </when>
            <otherwise>
              <alias name="searchDoc" model="value" value="$dataDoc"/>
            </otherwise>
          </operation>
          <operation name="bind" value="$searchDoc">
            <component view="Help" name="search"/>
          </operation>
          <alias name="searchBound" value="true"/>
        </when>
      </operation>
      <operation name="split" value="{#Help#searchField}">
        <value>use</value>
        <document>query</document>
        <token><![CDATA[ ]]></token>
      </operation>
      <alias name="query" value="query"/>

      <!-- GP: This is fugly. we need a prettier and more permanent solution-->
      <operation name="callMethod" value="#Help#search">
        <method name="setParam">
          <param type="string">keyparam1</param>
          <param type="string">+{$query#/split[1]/item[1]}</param>
        </method>
        <method name="setParam">
          <param type="string">keyparam2</param>
          <param type="string">+{$query#/split[1]/item[2]}</param>
        </method>
        <method name="setParam">
          <param type="string">keyparam3</param>
          <param type="string">+{$query#/split[1]/item[3]}</param>
        </method>
        <method name="setParam">
          <param type="string">keyparam4</param>
          <param type="string">+{$query#/split[1]/item[4]}</param>
        </method>
        <method name="setParam">
          <param type="string">keyparam5</param>
          <param type="string">+{$query#/split[1]/item[5]}</param>
        </method>

        <method name="resetSelection"/>

        <method name="updateRedraw">
          <param type="boolean">true</param>
        </method>
      </operation>

      <operation name="action" value="#Help">
        <component name="searchHolder" action="show"/>
      </operation>
    </step>

    <step id="hideSearch">
      <operation name="action" value="#Help">
        <component name="searchHolder" action="hide"/>
      </operation>
    </step>

    <step id="21" name="Search: Clicked on a search result">
      <alias name="searchXpath" model="value" value="//*[@name = '{#Help#search#@name}']"/>
      <operation name="setSelection">
        <component view="Help" name="helpTree">
          <item select="{$searchXpath}" eval="false"/>
        </component>
      </operation>
    </step>

    <step id="22" name="Update view title: selection is root">
      <operation name="callMethod" value="#Help">
        <method name="setTitle">
          <param type="string">Help {$treeSelection} </param>
        </method>
      </operation>
    </step>

    <step id="23" name="Update view title: selection is not root">
      <operation name="callMethod" value="#Help">
        <method name="setTitle">
          <param type="string">Help {#Help#helpTree#/section/@name} - {$treeSelection} </param>
        </method>
      </operation>
    </step>

    <step id="printSection" name="Print current page">
      <operation name="print" value="#Help#content">
        <transform type="xsl" value="xios/apps/help/layout/helpPrint.xsl">
          <style href="xios/apps/help/layout/helpPrint.css" />
        </transform>
      </operation>
    </step>
  </process>

  <view name="Help" xlink:actuate="onRequest" title="Help Center" l:title="Help Center" author="Andreas Forsén" created="2007-08-07" revised="2009-02-08"
      splash="false" version="1.05" copyright="Copyright © 2018 XIOS/3 AB. All rights reserved." publisher="CloudTop"
      height="500" width="800" minHeight="50" minWidth="145" icon="icon://question">
    <style href="xios/apps/help/layout/help.css"/>
    <menubar name="menuBar">
      <menu name="helpMenu" l:text="Help" text="Help">
        <item name="_about" l:text="About" text="About"/>
      </menu>
    </menubar>
    <toolbar name="toolBar" position="top" draggable="false">
      <group name="program">
        <buttonbox name="tBack" icon="icon://nav_left?color=green" title="Backward" l:title="Backward" enabled="false"/>
        <buttonbox name="tForward" icon="icon://nav_right?color=green" title="Forward" l:title="Forward" enabled="false"/>
        <buttonbox name="tHome" icon="icon://home" title="Home" l:title="Home"/>
      </group>
      <group name="tools">
        <buttonbox name="tPrint" icon="icon://printer" title="Print" l:title="Print"/>
      </group>
      <group name="sectionsGrp">
        <combobox name="combo_sections" editable="false" width="150" style2="margin-left: 3px;" placeholder="Choose Help Section..." l:placeholder="Choose Help Section...">
          <plate name="plate_sections" width="230" height="230">
            <rule match="help">
              <item value="{@value}">{text()}</item>
            </rule>
            <rule match="helpfiles">
              <item value="xios/apps/help/data/Development.xml">Developer Documentation</item>
            </rule>
          </plate>
        </combobox>
      </group>
      <group name="searchGrp" align="right">
        <input name="searchField" width="130" height="20" placeholder="Search Help..." l:placeholder="Search Help..." style="margin-left: 3px;" icon="icon://xios/magnifier_simple" title="Search Information" l:title="Search Information"/>
      </group>
    </toolbar>

    <layout name="root" type="column" resize="true" width="100%" height="100%" bgcolor="#fff">
      <layout name="leftHolder" type="row" width="190" scroll="true" height="100%">
        <bush name="helpTree" multiple="false" width="100%" height="100%" scroll="true" style="padding-top: 5px; padding-left: 5px;">
          <rule match="section[@icon]" display="@name">
            <item display="{@name}" icon="{@icon}" open="true" draggable="false" renameable="false"/>
          </rule>
          <rule match="section[not(@icon)]" display="@name">
            <item display="{@name}" icon="icon://book" open="false" draggable="false" renameable="false"/>
          </rule>
          <rule match="section[@open = 'false']">
            <item display="{@name}" icon="icon://book"/>
          </rule>
          <rule match="document[not(@open) and not(@referenceType)]" display="@name">
            <item display="{@name}" icon="icon://document_orientation_portrait" open="false" draggable="false" renameable="false"/>
          </rule>
          <rule match="document[@open = 'false']" display="@name">
            <item display="{@name}" icon="icon://document_orientation_portrait" open="false" draggable="false" renameable="false"/>
          </rule>
          <rule match="document[@referenceType = 'action']" display="@name">
            <item display="{@name}" icon="icon://bullet?color=red" open="false" draggable="false" renameable="false"/>
          </rule>
          <rule match="document[@referenceType = 'event']" display="@name">
            <item display="{@name}" icon="icon://bullet?color=yellow" open="false" draggable="false" renameable="false"/>
          </rule>
          <rule match="document[@referenceType = 'method']" display="@name">
            <item display="{@name}" icon="icon://bullet?color=grey" open="false" draggable="false" renameable="false"/>
          </rule>
          <rule match="document[@referenceType = 'component']" display="@name">
            <item display="{@name}" icon="icon://pieces" open="false" draggable="false" renameable="false"/>
          </rule>
          <rule match="document[@referenceType = 'operation']" display="@name">
            <item display="{@name}" icon="icon://element_branch2" open="false" draggable="false" renameable="false"/>
          </rule>
          <rule match="document[@referenceType = 'extension']" display="@name">
            <item display="{@name}" icon="icon://vector_curve_cubic" open="false" draggable="false" renameable="false"/>
          </rule>
          <rule match="document[@referenceType = 'function']" display="@name">
            <item display="{@name}" icon="icon://scroll" open="false" draggable="false" renameable="false"/>
          </rule>
          <rule match="document[@referenceType = 'actionUrl']" display="@name">
            <item display="{@name}" icon="icon://flash" open="false" draggable="false" renameable="false"/>
          </rule>
        </bush>
      </layout>

      <layout name="rightHolder" type="row" width="fill" height="100%" style="background-color:#fff;">
        <render name="content" href="xios/apps/help/layout/help.xsl" height="fill" width="100%" style="padding:8px;overflow-y:auto;" selectable="true"/>
        <layout name="searchHolder" type="row" width="100%" height="225" hide="true">
          <layout name="searchTitle" type="column" width="100%" height="25" padding="2px 5px" style="background-color:#E7E7E7;border-top:1px solid #000;">
            <label name="searchLabel" width="fill" default="Search result:" l:default="Search result:" size="15" bold="true" margin="1px 0 0 0"/>
            <label name="searchCloser" width="12" default="x" size="16" bold="true" title="Close" l:title="Close" style="cursor:pointer;"/>
          </layout>
          <listview name="search" scroll="true" href="xios/apps/help/listviews/searchResults.xsl" height="200" width="100%" style="padding:8px;"/>
        </layout>
      </layout>
    </layout>
  </view>

</application>
