<?xml version="1.0"?>

<process name="About" description="About Dialog" author="Daniel Arthursson">
  <!--
    optional param: aboutName
    -->
  <step id="1" name="Show Application">
    <operation name="decision">
      <when test="'{$aboutName}' = ''" step="defaultName"/>
    </operation>

    <operation name="open" value="apps/desktop/about.xml">
      <name>{$aboutName}</name>
      <step id="view"/>
    </operation>


    <operation name="action" value="#{$aboutName}">
<!--       <component name="logo" action="show"/>
      <component name="developersPanel" action="show"/> -->
    </operation>

<!--
    <operation name="bind" value="config/system.xml">
      <component name="copyright" view="{$aboutName}" select="/system/@copyright"/>
      <component name="version" view="{$aboutName}" select="/system/@version"/>
      <component name="product" view="{$aboutName}" select="/system/@title"/>
      <component name="authors" view="{$aboutName}" select="/system/@authors"/>
      <component name="credits" view="{$aboutName}" select="/system/@credits"/>
      <component name="patents" view="{$aboutName}" select="/system/@patents"/>
    </operation>

    <operation name="callMethod" value="#{$aboutName}">
      <method name="setTitle">
        <param type="string">About XIOS/3</param>
      </method>
    </operation>
-->
  </step>
	
	<step id="2" name="Show Applications">
    <operation name="decision">
      <when test="'{$aboutName}' = ''" step="defaultName"/>
    </operation>
<!-- 
    <operation name="open" value="apps/desktop/about.xml">
      <name>{$aboutName}</name>
    </operation> -->

    <operation name="bind" value="config/system.xml">
      <component view="About" name="version" select="/system/@version"/>
    </operation>
		
    <operation name="action" value="#{$aboutName}">
      <component name="logo" action="show"/>
      <component name="developersPanel" action="show"/>
    </operation>
		
  </step>

  <step id="defaultName" name="Set default about view name">
    <alias name="aboutName" value="About" model="value"/>
  </step>
</process>
