<?xml version="1.0"?>

<process name="DE" xmlns:atom="http://www.w3.org/2005/Atom" xmlns:dc="http://xcerion.com/directory.xsd" xmlns:fs="http://xcerion.com/folders.xsd" xmlns:ni="http://xcerion.com/noindex.xsd">

  <!-- View -->
  <!--<trigger view="DE" event="Close"  step="clearCache"/>-->
  <trigger view="DE" event="Opened" step="viewOpened"/>
  <trigger view="DE" event="F2"     step="keyRename"/>
  <trigger view="DE" event="Ctrl+A" step="selectAll"/>

  <!-- Menubar -->
  <trigger view="DE" component="fileMenu" event="Show" step="setFileMenu"/>
  <trigger view="DE" component="editMenu" event="Show" step="setEditMenu"/>

  <!-- [File] -->
  <trigger view="DE" component="mNewFolder"   event="Select"  step="newFolder"/>
  <trigger view="DE" component="mNewShortcut" event="Select"  step="newShortcut"/>
  <trigger view="DE" component="mNewTextDoc"  event="Select"  step="newTextDoc"/>
  <trigger view="DE" component="mOpen"        event="Select"  step="open"/>
  <trigger view="DE" component="mEdit"        event="Select"  step="edit"/>
  <trigger view="DE" component="mPreview"     event="Select"  step="preview"/>
  <trigger view="DE" component="mRestore"     event="Select"  step="restore"/>
  <trigger view="DE" component="mShare"       event="Select"  step="shareCurrent"/>
  <trigger view="DE" component="mDownload"    event="Select"  step="download"/>
  <trigger view="DE" component="mUpload"      event="Select"  step="upload"/>
  <trigger view="DE" component="mDelete"      event="Select"  step="deleteCurrent"/>
  <trigger view="DE" component="mRename"      event="Select"  step="renameCurrent"/>
  <trigger view="DE" component="mEmptyTrash"  event="Select"  step="emptyTrash"/>
  <trigger view="DE" component="mProperties"  event="Select"  step="propertiesCurrent"/>
  <trigger view="DE" component="mClose"       event="Select"  step="close"/>

  <!-- [Edit] -->
  <trigger view="DE" component="mCopy"        event="Select"  step="copyCurrent"/>
  <trigger view="DE" component="mPaste"       event="Select"  step="paste"/>
  <trigger view="DE" component="mSelectAll"   event="Select"  step="selectAll"/>
  <trigger view="DE" component="mCopyTo"      event="Select"  step="copyTo"/>
  <trigger view="DE" component="mMoveTo"      event="Select"  step="moveTo"/>

  <!-- [View]  -->
  <trigger view="DE" component="mBreadcrumbs" event="Select"  step="breadcrumbsShow"/>
  <trigger view="DE" component="mBreadcrumbs" event="Release" step="breadcrumbsHide"/>
  <trigger view="DE" component="mToolbar"     event="Select"  step="toolBarShow"/>
  <trigger view="DE" component="mToolbar"     event="Release" step="toolBarHide"/>
  <trigger view="DE" component="mTree"        event="Select"  step="treeShow"/>
  <trigger view="DE" component="mTree"        event="Release" step="treeHide"/>
  <trigger view="DE" component="mListDefault" event="Select"  step="setViewDefault"/>
  <trigger view="DE" component="mListThumbs"  event="Select"  step="setViewThumbs"/>
  <trigger view="DE" component="mListDetail"  event="Select"  step="setViewDetail"/>
  <trigger view="DE" component="mListList"    event="Select"  step="setViewList"/>
  <trigger view="DE" component="mListIcon"    event="Select"  step="setViewIcon"/>
  <trigger view="DE" component="mRefresh"     event="Select"  step="refresh"/>

  <!-- [Help] -->
  <trigger view="DE" component="mHelp"        event="Select"  step="help"/>

  <!-- Toolbar -->
  <trigger view="DE" component="tBackward"    event="Select"  step="historyBack"/>
  <trigger view="DE" component="tForward"     event="Select"  step="historyForward"/>
  <trigger view="DE" component="tUp"          event="Select"  step="upFolder"/>
  <trigger view="DE" component="tNewFolder"   event="Select"  step="newFolder"/>
  <trigger view="DE" component="tShare"       event="Select"  step="shareCurrent"/>
  <trigger view="DE" component="tUpload"      event="Select"  step="upload"/>
  <trigger view="DE" component="tNewGroup"    event="Select"  step="createGroup"/>
  <trigger view="DE" component="tSearchInput" event="Select"  step="search"/>
  <trigger view="DE" component="tSearchInput" event="Return"  step="search"/>

  <!-- Breadcrumbs -->
  <trigger view="DE" component="breadcrumbs"  event="Select"  step="navigateCrumb"/>

  <!-- Tree -->
  <trigger view="DE" component="folderTree"    event="Select"      step="treeSelected"/>
  <trigger view="DE" component="folderTree"    event="ContextMenu" step="setTreeMenu"/>
  <trigger view="DE" component="folderTree"    event="Drop"        step="dropTree"/>
  <trigger view="DE" component="folderTree"    event="Delete"      step="keyDelete"/>
  <trigger view="DE" component="folderTree"    event="Paste"       step="pasteContent"/>
  <trigger view="DE" component="folderTree"    event="RenameDone"  step="updateListeners"/>

  <!-- Tree Context-->
  <trigger view="DE" component="cFolderOpen"       event="Select"  step="toggleNode"/>
  <trigger view="DE" component="cFolderExplore"    event="Select"  step="exploreFolder"/>
  <trigger view="DE" component="cFolderShare"      event="Select"  step="shareTree"/>
  <trigger view="DE" component="cFolderCompress"   event="Select"  step="compressTree"/>
  <trigger view="DE" component="cFolderCopy"       event="Select"  step="copyTree"/>
  <trigger view="DE" component="cFolderRename"     event="Select"  step="renameTree"/>
  <trigger view="DE" component="cFolderDelete"     event="Select"  step="deleteTree"/>
  <trigger view="DE" component="cFolderAutomount"  event="Select"  step="setAutomount"/>
  <trigger view="DE" component="cFolderAutomount"  event="Release" step="removeAutomount"/>
  <trigger view="DE" component="cFolderEmptyTrash" event="Select"  step="emptyTrash"/>
  <trigger view="DE" component="cFolderProp"       event="Select"  step="propertiesTree"/>

  <!-- Content Context-->
  <trigger view="DE" component="cOpen"        event="Select"  step="open"/>
  <trigger view="DE" component="cEdit"        event="Select"  step="edit"/>
  <trigger view="DE" component="cPreview"     event="Select"  step="preview"/>
  <trigger view="DE" component="cAction"      event="Select"  step="action"/>
  <trigger view="DE" component="cDownload"    event="Select"  step="download"/>
  <trigger view="DE" component="sShareItem"   event="Select"  step="shareCurrent"/>
  <trigger view="DE" component="sMailFile"    event="Select"  step="mailFile"/>
  <trigger view="DE" component="cCompress"    event="Select"  step="compressContent"/>
  <trigger view="DE" component="cCopy"        event="Select"  step="copyCurrent"/>
  <trigger view="DE" component="cDelete"      event="Select"  step="deleteCurrent"/>
  <trigger view="DE" component="cRename"      event="Select"  step="renameCurrent"/>
  <trigger view="DE" component="cProperties"  event="Select"  step="propertiesCurrent"/>
  <trigger view="DE" component="cEmptyTrash"  event="Select"  step="emptyTrash"/>
  <trigger view="DE" component="cmOpen"       event="Select"  step="openDrive"/>
  <trigger view="DE" component="cmProperties" event="Select"  step="propertiesCurrent"/>
  <trigger view="DE" component="cRestore"     event="Select"  step="restore"/>

  <!-- Content no selection menu-->
  <trigger view="DE" component="cUpload"      event="Select"  step="upload"/>
  <trigger view="DE" component="cPaste"       event="Select"  step="paste"/>

  <!-- Group Content Context-->
  <trigger view="DE" component="cJoin"        event="Select"  step="joinGroup"/>
  <trigger view="DE" component="cMount"       event="Select"  step="joinGroup"/>
  <trigger view="DE" component="cInvite"      event="Select"  step="inviteGroup"/>
  <trigger view="DE" component="cLeave"       event="Select"  step="leaveGroup"/>
  <trigger view="DE" component="cGroupProp"   event="Select"  step="propertiesGroup"/>
  <trigger view="DE" component="cGroupCreate" event="Select"  step="createGroup"/>

  <!-- Content -->
  <trigger view="DE" component="content" event="ContextMenu" step="setContentMenu"/>
  <trigger view="DE" component="content" event="DoubleClick" step="open"/>
  <trigger view="DE" component="content" event="Paste"       step="pasteContent"/>
  <trigger view="DE" component="content" event="Menu"        step="setNoselMenu"/>
  <trigger view="DE" component="content" event="Delete"      step="keyDelete"/>
  <trigger view="DE" component="content" event="Drop"        step="dropContent"/>
  <trigger view="DE" component="content" event="Return"      step="open"/>
  <trigger view="DE" component="content" event="Backspace"   step="upFolder"/>

  <!-- Status bar -->
  <trigger view="DE" component="addMoreStorage"  event="Select"    step="openSimpleWebUI"/>
  <trigger view="DE" component="addStorageImage" event="Select"    step="openSimpleWebUI"/>

  <trigger view="DE" component="treeArrowShow" event="Select"      step="treeShow"/>
  <trigger view="DE" component="treeArrowHide" event="Select"      step="treeHide"/>


  <step id="1">
    <alias name="trigger" value="!"/>
    <alias name="mainChannel" value="{#DriveManager#/drives/drive[@main = 'true']/@name}" model="global"/>
    <alias name="deSettings" value="{$mainChannel}://Applications/Data/DE.xml"/>
    <alias name="currentLayout" value="Default"/>
    <alias name="saveViewMode" value="true"/>
    <alias name="preventUpdate" value="false"/>
    <alias name="listenPath" value=""/>
    <alias name="historyAdd" value="true"/>
    <alias name="history" model="newsilent">
      <history xmlns:fs="http://xcerion.com/folders.xsd">
        <forward></forward>
        <backward></backward>
      </history>
    </alias>

    <!-- StatusBar, check if incoming alias parameters and use them if available -->
    <operation name="decision" value="$containerName">
      <when test="'{$containerName}' = ''">
        <alias name="containerName" value="get-label('folders')"/>
        <alias name="objectName" value="get-label('files')"/>
      </when>
    </operation>
    <alias name="available" value="get-label('available')"/>
  </step>

  <step id="viewOpened">
    <operation name="call" value="initiateApp">
      <yield/>
    </operation>
  </step>

  <step id="initiateApp">
    <operation name="decision" value="$deSettings">
      <when exists="true">
        <operation name="decision" value="$deSettings">
          <when test="/settings/sidepanel = 'true'">
            <alias name="toogleParam" value="true"/>
            <operation name="call" value="treeShowUI"/>
          </when>
          <otherwise>
            <alias name="toogleParam" value=""/>
            <operation name="call" value="treeHideUI"/>
          </otherwise>
        </operation>
        <alias name="menuCompName" value="mTree"/>
        <operation name="call" value="toogleMenuCheck"/>

        <operation name="decision" value="$deSettings">
          <when test="/settings/toolbar = 'true'">
            <alias name="toogleParam" value="true"/>
            <operation name="call" value="toolBarShowUI"/>
          </when>
          <otherwise>
            <alias name="toogleParam" value=""/>
            <operation name="call" value="toolBarHideUI"/>
          </otherwise>
        </operation>
        <alias name="menuCompName" value="mToolbar"/>
        <operation name="call" value="toogleMenuCheck"/>

        <operation name="decision" value="$deSettings">
          <when test="/settings/breadcrumbs = 'true'">
            <alias name="toogleParam" value="true"/>
            <operation name="call" value="breadcrumbsShowUI"/>
          </when>
          <otherwise>
            <alias name="toogleParam" value=""/>
            <operation name="call" value="breadcrumbsHideUI"/>
          </otherwise>
        </operation>
        <alias name="menuCompName" value="mBreadcrumbs"/>
        <operation name="call" value="toogleMenuCheck"/>
      </when>
      <otherwise>
        <operation name="filesystem" value="{$mainChannel}://Applications/Data/">
          <create type="file" name="DE.xml" path="true">
            <content type="text/xml">
              <settings>
                <addressbar>false</addressbar>
                <sidepanel>true</sidepanel>
                <toolbar>true</toolbar>
                <breadcrumbs>true</breadcrumbs>
              </settings>
            </content>
          </create>
        </operation>
        <alias name="deSettings" value="{$mainChannel}://Applications/Data/DE.xml"/>
      </otherwise>
    </operation>

    <operation name="callMethod" value="#DE#content">
      <method name="setIconSize">
        <param type="string">128</param>
        <param type="boolean">true</param>
      </method>
      <method name="setLayout">
        <param type="string">miniature</param>
        <param type="boolean">true</param>
      </method>
    </operation>

    <operation name="bind" value="#DriveManager">
      <component view="DE" name="folderTree" select="/"/>
      <component view="DE" name="breadcrumbs" select="/"/>
    </operation>

    <operation name="decision">
      <when test="'{$trigger}' != ''">
        <alias name="triggerFolderExist" value="folderexist({$trigger})"/>
        <operation name="decision">
          <when test="'{$triggerFolderExist}' != 'true'">
            <operation name="setSelection" value="#DriveManager">
              <component view="DE" name="folderTree">
                <item select="//drive[@name = 'xios']"/>
              </component>
            </operation>
          </when>
          <otherwise>
            <operation name="setSelection" value="{$main}://folders.xml">
              <component view="DE" name="folderTree">
                <item select="//fs:folder[@path = '{$trigger}']"/>
              </component>
            </operation>
          </otherwise>
        </operation>
      </when>
      <otherwise>
        <operation name="setSelection" value="{$main}://folders.xml">
          <component view="DE" name="folderTree">
            <item select="//fs:folder[@path = '{$main}://Documents/']"/>
          </component>
        </operation>
      </otherwise>
    </operation>
  </step>

  <step id="toogleMenuCheck">
    <operation name="callMethod" value="#DE#{$menuCompName}">
      <method name="toggleCheckable">
        <param type="boolean">{$toogleParam}</param>
      </method>
    </operation>
  </step>

  <step id="getContentState" name="Gets the type of current content selection">
    <operation name="decision" value="#DE#content">
      <when test="{count-selection(#DE#content)} &gt; 1">
        <alias name="typeState" value="{$typeState}Multisel"/>
        <alias name="selComp" value="#DE#content"/>
      </when>
      <!-- <when test="local-name() = 'entry' and not(*[local-name() = 'group'])"> -->
      <when test="local-name() = 'entry'">
        <alias name="typeState" value="{$typeState}File"/>
        <alias name="selComp" value="#DE#content"/>
      </when>
      <when test="local-name() = 'folder'">
        <alias name="typeState" value="{$typeState}Folder"/>
        <alias name="selComp" value="#DE#content"/>
      </when>
      <when test="local-name() = 'feed' or local-name() = 'drives'">
        <alias name="typeState" value="{$typeState}Nosel"/>
        <alias name="selComp" value="#DE#folderTree"/>
      </when>
      <when test="*[local-name() = 'group']">
        <alias name="typeState" value="{$typeState}Group"/>
        <alias name="selComp" value="#DE#content"/>
      </when>
      <when test="local-name() = 'drive'">
        <alias name="typeState" value="{$typeState}Drive"/>
        <alias name="selComp" value="#DE#content"/>
      </when>
    </operation>
  </step>

  <step id="getTreeState" name="Gets the type of current tree selection">
    <alias name="lastChars" value="substring('{#DE#folderTree#@path}','startString:://')"/>
    <operation name="decision" value="#DE#folderTree">
      <when test="not(@system or @id = 'Friends' or '{$lastChars}' = '://' or local-name() = 'drives')">
        <alias name="typeState" value="{$typeState}Folder"/>
      </when>
      <when test="@system = 'trashcan'">
        <alias name="typeState" value="{$typeState}Trash"/>
      </when>
      <when test="@id = 'Friends'">
        <alias name="typeState" value="{$typeState}Friends"/>
      </when>
      <when test="starts-with(@path, '{$mainChannel}://Friends/')">
        <alias name="typeState" value="{$typeState}Friend"/>
      </when>
      <when test="@path = /*[local-name() = 'folder']/@path">
        <alias name="typeState" value="{$typeState}Drive"/>
      </when>
      <when test="local-name() = 'drives'">
        <alias name="typeState" value="{$typeState}Mycloudme"/>
      </when>
      <when test="@system = 'desktop'">
        <alias name="typeState" value="{$typeState}Desktop"/>
      </when>
      <when test="@system = 'groups'">
        <alias name="typeState" value="{$typeState}Groups"/>
      </when>
      <!-- FIXME: fallback when none of the above matches -->
    </operation>
  </step>

  <step id="getSelComp" name="Gets the selected component. Tree or Iconlist">
    <operation name="decision" value="#DE#content">
      <when test="local-name() = 'feed'">
        <alias name="selComp" value="#DE#folderTree"/>
        <alias name="selCompName" value="folderTree"/>
      </when>
      <otherwise>
        <alias name="selComp" value="#DE#content"/>
        <alias name="selCompName" value="content"/>
      </otherwise>
    </operation>
  </step>

  <step id="newFolder">
    <alias name="defaultFolderName" value="$package#/application/settings/newFolderName"/>
    <operation name="decision">
      <when test="'{$defaultFolderName}' = ''">
        <alias name="defaultFolderName" value="New Folder"/>
      </when>
    </operation>

    <operation name="filesystem" value="{#DE#folderTree#@path}">
      <create type="folder" name="{$defaultFolderName}" rename="true" alias="newFolderName"/>
    </operation>
    <operation name="setSelection">
      <component view="DE" name="content">
        <item select="/atom:feed/fs:folder[@name = '{$newFolderName}']"/>
      </component>
    </operation>
    <operation name="callMethod" value="#DE#content">
      <method name="rename"/>
    </operation>
  </step>

  <step id="newShortcut">
    <operation name="open" value="xios/apps/system/processes/shortcutwizard.xml">
      <param name="toFolder"       value="{#DE#folderTree#@path}"/>
      <param name="toDesktop"      value="false"/>
      <param name="toApplications" value="false"/>
    </operation>
  </step>

  <step id="newTextDoc">
    <operation name="filesystem" value="{#DE#folderTree#@path}">
      <create type="file" name="New Text Document" rename="true" alias="newFileName">
        <content type="text/plain">
          <nv:notvalid xmlns:nv="http://xcerion.com/notvalid/1.0"></nv:notvalid>
        </content>
      </create>
    </operation>
    <operation name="setSelection">
      <component view="DE" name="content">
        <item select="/atom:feed/atom:entry[atom:title = '{$newFileName}']"/>
      </component>
    </operation>
    <operation name="callMethod" value="#DE#content">
      <method name="rename"/>
    </operation>
  </step>

  <step id="open">
    <alias name="typeState" value="open"/>
    <operation name="call" value="getContentState"/>
    <operation name="call" value="{$typeState}"/>
  </step>

  <step id="openFile">
    <operation name="open" value="{#DE#content#atom:content/@src}">
      <dataDoc value="{$statusBarData}"/>
    </operation>
    <!--<operation name="open" value="{#DE#content#atom:content/@src}"/>-->
  </step>

  <step id="openFolder">
    <operation name="setSelection">
      <component view="DE" name="folderTree">
        <item select="//*[local-name() = 'folder' and @path = '{#DE#content#@path}']"/>
      </component>
    </operation>
  </step>

  <step id="openDrive">
    <operation name="setSelection" value="{#DE#content#@name}://folders.xml">
      <component view="DE" name="folderTree">
        <item select="/*[local-name() = 'folder' and @path = '{#DE#content#@name}://']"/>
      </component>
    </operation>
  </step>

  <step id="edit">
    <operation name="open" value="{#DE#content#atom:content/@src}">
      <action>edit</action>
    </operation>
  </step>

  <step id="preview">
    <operation name="open" value="{#DE#content#atom:content/@src}">
      <action>preview</action>
    </operation>
  </step>

  <step id="restore">
    <operation name="filesystem" value="#DE#content">
      <trashcan action="restore"/>
    </operation>
  </step>

  <step id="shareCurrent">
    <operation name="call" value="getSelComp"/>
    <operation name="call" value="share"/>
  </step>

  <step id="shareTree">
    <alias name="selComp" value="#DE#folderTree"/>
    <operation name="call" value="share"/>
  </step>

  <step id="share">
    <operation name="open" value="xios/apps/system/webShare.xml">
      <trigger value="$selComp"/>
    </operation>
  </step>

  <step id="mailFile">
    <operation name="open" value="apps/productivity/mail/compose.xml">
      <trigger value="#DE#content"/>
    </operation>
  </step>

  <step id="webshareLink">
    <alias name="inpString" value="#DE#content#@name"/>
    <operation name="filesystem">
      <webshare suggest="{$inpString}" alias="newName"/>
    </operation>
    <operation name="filesystem" value="#DE#content">
      <webshare name="{$newName}" alias="url">
        <visibility>private</visibility>
      </webshare>
    </operation>

    <operation name="system">
      <copyToClipboard>{$url}</copyToClipboard>
    </operation>
  </step>

  <step id="download">
    <alias name="url" model="string" value="{#DE#folderTree#@path}{#DE#content#atom:title"/>
    <operation name="download" value="$url" filename="{#DE#content#atom:title}"/>
  </step>

  <step id="upload">
    <operation name="filesystem">
      <upload to="{#DE#folderTree#@path}"/>
    </operation>
  </step>

  <step id="search">
    <alias name="query" value="{$mainChannel}://search({#DE#folderTree#@path},{#DE#tSearchInput}*,true)"/>
    <operation name="open" value="apps/widgets/delight.xml">
      <trigger value="$query"/>
    </operation>
  </step>

  <step id="deleteCurrent">
    <operation name="call" value="getSelComp"/>
    <operation name="call" value="delete"/>
    <!-- FIXME: We should set selection to something that exists. -->
  </step>

  <step id="deleteTree">
    <alias name="selComp" value="#DE#folderTree"/>
    <operation name="call" value="delete"/>
    <!-- FIXME: We should set selection to something that exists. -->
  </step>

  <step id="delete">
    <operation name="filesystem" value="$selComp">
      <delete permanent="false" silent="false" progress="true"/>
    </operation>
  </step>

  <step id="renameCurrent">
    <operation name="call" value="getSelComp"/>
    <operation name="decision">
      <when test="'{$selCompName}' = 'content'" step="renameContent"/>
      <otherwise step="renameTree"/>
    </operation>
  </step>

  <step id="renameTree">
    <operation name="callMethod" value="#DE#folderTree">
      <method name="rename"/>
    </operation>
  </step>

  <step id="renameContent">
    <operation name="callMethod" value="#DE#content">
      <method name="rename"/>
    </operation>
  </step>

  <step id="emptyTrash">
    <operation name="filesystem" value="$mainChannel">
      <trashcan action="empty" silent="false" progress="true"/>
    </operation>
  </step>

  <step id="propertiesCurrent">
    <operation name="call" value="getSelComp"/>
    <operation name="call" value="properties"/>
  </step>

  <step id="properties">
    <operation name="decision" value="$selComp">
      <when test="local-name() = 'entry'">
        <operation name="open" value="xios/apps/system/propapp.xml">
          <trigger value="{#DE#content#atom:content/@src}"/>
        </operation>
      </when>
      <when test="local-name() = 'folder' or local-name() = 'drive'">
        <operation name="open" value="xios/apps/system/folderproperties.xml">
          <trigger value="$selComp"/>
        </operation>
      </when>
    </operation>
  </step>

  <step id="propertiesTree">
    <operation name="open" value="xios/apps/system/folderproperties.xml">
      <trigger value="#DE#folderTree"/>
    </operation>
  </step>

  <step id="close">
    <operation name="close" value="DE"/>
  </step>

  <step id="copyCurrent">
    <operation name="call" value="getSelComp"/>
    <operation name="call" value="copy"/>
  </step>

  <step id="copyTree">
    <alias name="selCompName" value="folderTree"/>
    <operation name="call" value="copy"/>
  </step>

  <step id="copy">
    <operation name="callMethod" value="#DE">
      <method name="copyToClipboard">
        <param type="string">{$selCompName}</param>
      </method>
    </operation>
  </step>

  <step id="paste">
    <operation name="callMethod" value="#DE">
      <method name="pasteFromClipboard">
        <param type="string">content</param>
      </method>
    </operation>
  </step>

  <step id="pasteContent">
    <alias name="copySource" value="!"/>
    <alias name="fromCut" value="{!%cut}"/>
    <alias name="typeState" value="paste"/>
    <operation name="call" value="getTreeState"/>
    <operation name="call" value="{$typeState}"/>
  </step>

  <step id="pasteFolder">
    <operation name="decision">
      <when test="'{$fromCut}' = 'true'">
        <operation name="filesystem" value="$copySource">
          <move to="{#DE#folderTree#@path}" silent="false" progress="true" alias="copyResult"/>
        </operation>
      </when>
      <otherwise>
        <operation name="filesystem" value="$copySource">
          <copy to="{#DE#folderTree#@path}" silent="false" progress="true" alias="copyResult"/>
        </operation>
      </otherwise>
    </operation>
  </step>

  <step id="pasteTrash">
    <operation name="decision">
      <when test="'{$fromCut}' = 'true'">
        <operation name="filesystem" value="$copySource">
          <delete permanent="false" silent="false" progress="true"/>
        </operation>
      </when>
    </operation>
  </step>

  <step id="pasteFriends"/>

  <step id="pasteDrive">
    <operation name="call" value="pasteFolder"/>
  </step>

  <step id="pasteMycloudme"/>

  <step id="pasteDesktop">
    <operation name="call" value="pasteFolder"/>
  </step>

  <step id="pasteGroups"/>

  <step id="selectAll">
    <operation name="setSelection">
      <component view="DE" name="content">
        <item select="/*/*[local-name() = 'entry' or local-name() = 'folder' or local-name() = 'drive']" eval="false"/>
      </component>
    </operation>
  </step>

  <step id="copyTo">
    <alias name="targetFolder" model="folder">
      <dialog title="{get-label('Copy Folder')}" description="{get-label('folderCopyDesc')}" folder="{$mainChannel}://Documents/">
        <label name="ok">{get-label('Copy')}</label>
        <label name="cancel">{get-label('Cancel')}</label>
        <label name="createFolder">{get-label('New Folder')}</label>
      </dialog>
    </alias>
    <operation name="call" value="getSelComp"/>
    <operation name="filesystem" value="$selComp">
      <copy to="{$targetFolder}" silent="false" progress="true"/>
    </operation>
  </step>

  <step id="moveTo">
    <alias name="targetFolder" model="folder">
      <dialog title="{get-label('Move To Folder')}" description="{get-label('folderMoveDesc')}" folder="{$mainChannel}://Documents/" multiple="true">
        <label name="ok">{get-label('Move')}</label>
        <label name="cancel">{get-label('Cancel')}</label>
        <label name="createFolder">{get-label('New Folder')}</label>
      </dialog>
    </alias>
    <operation name="call" value="getSelComp"/>
    <operation name="filesystem" value="$selComp">
      <move to="{$targetFolder}" silent="false" progress="true"/>
    </operation>
  </step>

  <step id="breadcrumbsShow" name="Show Breadcrumbs">
    <operation name="call" value="breadcrumbsShowUI"/>
    <operation name="change" value="$deSettings">
      <store type="replaceText" select="settings/breadcrumbs">true</store>
    </operation>
    <operation name="save" value="$deSettings"/>
  </step>

  <step id="breadcrumbsHide" name="Hide Breadcrumbs">
    <operation name="call" value="breadcrumbsHideUI"/>
    <operation name="change" value="$deSettings">
      <store type="replaceText" select="settings/breadcrumbs">false</store>
    </operation>
    <operation name="save" value="$deSettings"/>
  </step>

  <step id="breadcrumbsShowUI" name="Show Breadcrumbs UI">
    <operation name="action" value="#DE">
      <component name="breadcrumbPanel" action="show"/>
    </operation>
  </step>

  <step id="breadcrumbsHideUI" name="Hide Breadcrumbs UI">
    <operation name="action" value="#DE">
      <component name="breadcrumbPanel" action="hide"/>
    </operation>
  </step>

  <step id="treeShow" name="Show Side Pane">
    <operation name="call" value="treeShowUI"/>
    <operation name="change" value="$deSettings">
      <store type="replaceText" select="settings/sidepanel">true</store>
    </operation>
    <operation name="save" value="$deSettings"/>
  </step>

  <step id="treeHide" name="Hide Side Pane">
    <operation name="call" value="treeHideUI"/>
    <operation name="change" value="$deSettings">
      <store type="replaceText" select="settings/sidepanel">false</store>
    </operation>
    <operation name="save" value="$deSettings"/>
  </step>

  <step id="treeShowUI" name="Show Side Pane UI">
    <operation name="action" value="#DE">
      <component name="treeArrowShow" action="hide"/>
      <component name="treeArrowHide" action="show"/>
      <component name="treeHolder" action="show"/>
    </operation>
  </step>

  <step id="treeHideUI" name="Hide Side Pane UI">
    <operation name="action" value="#DE">
      <component name="treeArrowShow" action="show"/>
      <component name="treeArrowHide" action="hide"/>
      <component name="treeHolder" action="hide"/>
    </operation>
  </step>

  <step id="toolBarShow" name="Show Toolbar">
    <operation name="call" value="toolBarShowUI"/>
    <operation name="change" value="$deSettings">
      <store type="replaceText" select="settings/toolbar">true</store>
    </operation>
    <operation name="save" value="$deSettings"/>
  </step>

  <step id="toolBarHide" name="Hide Toolbar">
    <operation name="call" value="toolBarHideUI"/>
    <operation name="change" value="$deSettings">
      <store type="replaceText" select="settings/toolbar">false</store>
    </operation>
    <operation name="save" value="$deSettings"/>
  </step>

  <step id="toolBarShowUI" name="Show Toolbar UI">
    <operation name="action" value="#DE">
      <component name="toolBar" action="show"/>
    </operation>
  </step>

  <step id="toolBarHideUI" name="Hide Toolbar UI">
    <operation name="action" value="#DE">
      <component name="toolBar" action="hide"/>
    </operation>
  </step>

  <step id="setViewDefault">
    <alias name="currentLayout" value="Default"/>
    <operation name="callMethod" value="#DE#content">
      <method name="setIconSize">
        <param type="string">32</param>
        <param type="boolean">true</param>
      </method>
      <method name="setLayout">
        <param type="string">listdetail</param>
        <param type="boolean">{$preventUpdate}</param>
      </method>
    </operation>
    <operation name="call" value="saveViewMode"/>
  </step>

  <step id="setViewThumbs">
    <alias name="currentLayout" value="Thumbs"/>
    <operation name="callMethod" value="#DE#content">
      <method name="setIconSize">
        <param type="string">128</param>
        <param type="boolean">true</param>
      </method>
      <method name="setLayout">
        <param type="string">miniature</param>
        <param type="boolean">{$preventUpdate}</param>
      </method>
    </operation>
    <operation name="call" value="saveViewMode"/>
  </step>

  <step id="setViewDrives">
    <alias name="currentLayout" value="Drives"/>
    <operation name="callMethod" value="#DE#content">
      <method name="setIconSize">
        <param type="string">48</param>
        <param type="boolean">true</param>
      </method>
      <method name="setLayout">
        <param type="string">drivesDetailed</param>
        <param type="boolean">true</param>
      </method>
    </operation>
  </step>

  <step id="setViewDetail">
    <alias name="currentLayout" value="Detail"/>
    <operation name="callMethod" value="#DE#content">
      <method name="setIconSize">
        <param type="string">16</param>
        <param type="boolean">true</param>
      </method>
      <method name="setLayout">
        <param type="string">columns</param>
        <param type="boolean">{$preventUpdate}</param>
      </method>
    </operation>
    <operation name="call" value="saveViewMode"/>
  </step>

  <step id="setViewList">
    <alias name="currentLayout" value="List"/>
    <operation name="callMethod" value="#DE#content">
      <method name="setIconSize">
        <param type="string">16</param>
        <param type="boolean">true</param>
      </method>
      <method name="setLayout">
        <param type="string">list</param>
        <param type="boolean">{$preventUpdate}</param>
      </method>
    </operation>
    <operation name="call" value="saveViewMode"/>
  </step>

  <step id="setViewIcon">
    <alias name="currentLayout" value="Icon"/>
    <operation name="callMethod" value="#DE#content">
      <method name="setIconSize">
        <param type="string">32</param>
        <param type="boolean">true</param>
      </method>
      <method name="setLayout">
        <param type="string">icon</param>
        <param type="boolean">{$preventUpdate}</param>
      </method>
    </operation>
    <operation name="call" value="saveViewMode"/>
  </step>

  <step id="saveViewMode">
    <operation name="decision">
      <when test="'{$saveViewMode}' = 'true'">
        <operation name="change" value="#DE#folderTree">
          <store type="replaceText" select="@custom">{$currentLayout}</store>
        </operation>
      </when>
    </operation>
  </step>

  <step id="refresh">
    <alias name="contentDoc" model="value" value="#DE#content"/>
    <operation name="action" value="#DE">
      <component name="content" action="unbind"/>
    </operation>
    <operation name="close" value="$contentDoc">
      <mode>document</mode>
    </operation>
    <operation name="bind" value="$contentData">
      <component view="DE" name="content">
        <paging size="100" order="title" ascending="true"/>
      </component>
    </operation>
  </step>

  <step id="help">
    <operation name="open" value="xios/apps/help/helpapp.xml">
      <trigger value="xios/apps/help/data/DocumentExplorerHelp.xml"/>
    </operation>
  </step>

  <step id="navigateCrumb">
    <operation name="setSelection" value="#DE#breadcrumbs">
      <component view="DE" name="folderTree"/>
    </operation>
  </step>

  <step id="toggleNode">
    <operation name="callMethod" value="#DE#folderTree">
      <method name="toggleNode"/>
    </operation>
  </step>

  <step id="exploreFolder">
    <operation name="open" value="apps/widgets/delight.xml">
      <trigger value="{#DE#folderTree#@path}"/>
    </operation>
  </step>

  <step id="compressTree">
    <alias name="archiveName" value="{#DE#folderTree#@name}.zip"></alias>
    <alias name="zipSource" value="#DE#folderTree#@path"/>
    <alias name="zipDestination" value="{#DE#folderTree#parent::*[1]/@path}"/>
    <operation name="open" value="#zipProgress"/>
    <operation name="call" value="compress">
      <yield/>
    </operation>
  </step>

  <step id="compressContent">
    <alias name="selItems" model="newsilent">
      <atom:feed>
        {xml(#DE#content)}
      </atom:feed>
    </alias>
    <operation name="decision" value="$selItems">
      <when test="count(*) &gt; 1">
        <alias name="archiveName" value="{#DE#folderTree#@name}.zip"></alias>
      </when>
      <when test="*[local-name() = 'folder']">
        <alias name="archiveName" value="{#DE#content#@name}.zip"></alias>
      </when>
      <otherwise>
        <alias name="archiveName" value="{#DE#content#atom:title}.zip"></alias>
      </otherwise>
    </operation>
    <alias name="zipSource" value="#DE#content"/>
    <alias name="zipDestination" value="#DE#folderTree#@path"/>
    <operation name="open" value="#zipProgress"/>
    <operation name="call" value="compress">
      <yield/>
    </operation>
  </step>

  <step id="compress">
    <operation name="filesystem" value="$zipDestination">
      <listen event="Insert" step="compressDone"/>
    </operation>
    <operation name="trace" value="zip">
      <action src="{$zipSource}" dest="{$zipDestination}{$archiveName}" autorename="true"/>
    </operation>
  </step>

  <step id="compressDone">
    <operation name="filesystem" value="$zipDestination">
      <unlisten event="Insert"/>
    </operation>
    <operation name="setSelection">
      <component view="DE" name="folderTree">
        <item select="//fs:folder[@path = '{$zipDestination}']"/>
      </component>
    </operation>
    <operation name="setSelection">
      <component view="DE" name="content">
        <item select="/atom:feed/atom:entry[atom:title = '{$archiveName}']"/>
      </component>
    </operation>
    <operation name="close" value="zipProgress"/>
  </step>

  <step id="action">
    <alias name="trigValue" value="{!}"/>
    <operation name="open" value="$trigValue">
      <trigger value="{#DE#content#atom:content/@src}"/>
      <param name="mode" value="#DE#cAction#@mode"/>
    </operation>
  </step>

  <step id="updateListeners">
    <operation name="decision">
      <when test="'{$listenPath}' != ''">
        <operation name="filesystem" value="$listenPath">
          <unlisten event="Change" step="setStatusBar"/>
        </operation>
        <alias name="listenPath" value=""/>
      </when>
    </operation>
    <operation name="call" value="setListen">
      <timer interval="5000"/>
    </operation>
  </step>

  <step id="treeSelected">
    <operation name="decision">
      <when test="'{$listenPath}' != ''">
        <operation name="filesystem" value="$listenPath">
          <unlisten event="Change" step="setStatusBar"/>
        </operation>
        <alias name="listenPath" value=""/>
      </when>
    </operation>
    <alias name="localName" value="local-name(#DE#folderTree)"/>
    <alias name="individualFolderView" value="downcase({$package#/application/settings/individualFolderView})"/>
    <operation name="decision">
      <when test="'{$localName}' = 'fs:folder'">
        <alias name="saveViewMode" value="false"/>
        <operation name="decision">
          <when test="'{$individualFolderView}' != 'false'">
            <operation name="decision" value="#DE#folderTree">
              <when test="@custom = 'Thumbs' or @custom = 'List' or @custom = 'Icon' or @custom = 'Detail'">
                <alias name="preventUpdate" value="1"></alias>
                <operation name="call" value="setView{#DE#folderTree#@custom}"/>
                <alias name="preventUpdate" value="0"></alias>
                <operation name="callMethod" value="#DE#mList{#DE#folderTree#@custom}">
                  <method name="setSelect">
                    <param type="string">false</param>
                  </method>
                </operation>
              </when>
              <when test="'{$currentLayout}' != 'Thumbnails'">
                <alias name="preventUpdate" value="1"></alias>
                <operation name="call" value="setViewThumbs"/>
                <alias name="preventUpdate" value="0"></alias>
                <operation name="callMethod" value="#DE#mListThumbs">
                  <method name="setSelect">
                    <param type="string">false</param>
                  </method>
                </operation>
              </when>
            </operation>
          </when>
        </operation>
        <alias name="saveViewMode" value="true"/>
        <alias name="statusBarData" model="value" value="{#DE#folderTree#@path}?offset=0&amp;count=100&amp;ascending=true&amp;order=title"/>
        <alias name="contentData" model="value" value="{#DE#folderTree#@path}"/>
        <operation name="call" value="setStatusBar"/>
        <operation name="call" value="setListen">
          <timer interval="5000"/>
        </operation>
      </when>
      <when test="'{$localName}' = 'drives'">
        <alias name="contentData" value="#DriveManager"/>
        <alias name="statusBarData" model="value" value=""/>
        <operation name="decision">
          <when test="'{$individualFolderView}' != 'false'">
            <operation name="call" value="setViewDrives"/>
          </when>
        </operation>
        <operation name="action" value="#DE">
          <component name="countFoldersFiles" action="setValue"/>
          <component name="countRemainingStorageRed" action="setValue"/>
          <component name="countRemainingStorageBlack" action="setValue"/>
        </operation>
        <operation name="call" value="setListen">
          <timer interval="stop"/>
        </operation>
      </when>
    </operation>
    <operation name="bind" value="$contentData">
      <component view="DE" name="content">
        <paging size="100" order="title" ascending="true"/>
      </component>
    </operation>
    <operation name="call" value="setToolbar"/>
    <operation name="decision">
      <when test="'{$historyAdd}' = 'true'">
        <operation name="call" value="addHistory"/>
      </when>
    </operation>
    <operation name="call" value="setHistoryButtons"/>
    <operation name="call" value="delayBreadCrumbs"><delay></delay></operation>
  </step>

  <step id="delayBreadCrumbs">
    <operation name="setSelection" value="#DE#folderTree">
      <component view="DE" name="breadcrumbs"/>
    </operation>
  </step>

  <step id="setListen">
    <operation name="call" value="setListen">
      <timer interval="stop"/>
    </operation>
    <operation name="call" value="setStatusBar"/>
    <alias name="listenPath" model="value" value="$statusBarData"/>
    <operation name="filesystem" value="$listenPath">
      <listen event="Change" step="setStatusBar"/>
    </operation>
  </step>

  <step id="setStatusBar">
    <alias name="statusBarData" model="value" value="{#DE#folderTree#@path}?offset=0&amp;count=100&amp;ascending=true&amp;order=title"/>
    <!-- <operation name="debug" value="$statusBarData"></operation> -->
    <alias name="countFiles" value="{$statusBarData#/atom:feed/os:totalResults} {$objectName}"/>
    <operation name="decision" value="#DE#folderTree">
      <when test="count(fs:folder) &gt; 0 and {$statusBarData#/atom:feed/os:totalResults} &gt; 0">
        <alias name="countFolders" value="{count(#DE#folderTree#fs:folder)} {$containerName},&#160;&#160;"/>
      </when>
      <when test="count(fs:folder) &gt; 0 and {$statusBarData#/atom:feed/os:totalResults} = 0">
        <alias name="countFolders" value="{count(#DE#folderTree#fs:folder)} {$containerName}&#160;&#160;"/>
      </when>
      <otherwise>
        <alias name="countFolders" value=""/>
      </otherwise>
    </operation>
    <operation name="action" value="#DE">
      <component name="countFoldersFiles" action="setValue">{$countFolders}{$countFiles}</component>
    </operation>
    <alias name="DrvChannel" value="channelname(#DE#folderTree)"/>
    <alias name="cs" value="= {#DriveManager#/drives/drive[@name = '{$DrvChannel}']/quotaLimit/text()} - {#DriveManager#/drives/drive[@name = '{$DrvChannel}']/currentSize/text()}"/>
    <alias name="currentSize" value="{format-bytes({$cs})}"/>
    <operation name="decision">
      <when test="'{$cs}' &gt; '524288000'">
        <operation name="action" value="#DE">
          <component name="countRemainingStorageBlack" action="setValue">{$currentSize} {$available}</component>
          <component name="countRemainingStorageBlack" action="show"/>
          <component name="countRemainingStorageRed" action="hide"/>
        </operation>
      </when>
      <otherwise>
        <operation name="action" value="#DE">
          <component name="countRemainingStorageRed" action="setValue">{$currentSize} {$available}</component>
          <component name="countRemainingStorageBlack" action="hide"/>
          <component name="countRemainingStorageRed" action="show"/>
        </operation>
      </otherwise>
    </operation>
  </step>

  <step id="setToolbar">
    <alias name="typeState" value="toolbar"/>
    <operation name="call" value="getTreeState"/>
    <operation name="call" value="{$typeState}"/>
  </step>

  <step id="toolbarFolder">
    <operation name="action" value="#DE">
      <component name="groupActions" action="hide"/>
      <component name="tUp" action="show"/>
      <component name="tNewFolder" action="show"/>
      <component name="tShare" action="show"/>
      <component name="tUpload" action="show"/>
      <component name="viewMode" action="show"/>
    </operation>
  </step>

  <step id="toolbarTrash">
    <operation name="action" value="#DE">
      <component name="groupActions" action="hide"/>
      <component name="tUp" action="show"/>
      <component name="tNewFolder" action="hide"/>
      <component name="tShare" action="hide"/>
      <component name="tUpload" action="hide"/>
      <component name="viewMode" action="show"/>
    </operation>
  </step>

  <step id="toolbarFriends">
    <operation name="action" value="#DE">
      <component name="groupActions" action="hide"/>
      <component name="tUp" action="show"/>
      <component name="tNewFolder" action="hide"/>
      <component name="tShare" action="hide"/>
      <component name="tUpload" action="hide"/>
      <component name="viewMode" action="show"/>
    </operation>
  </step>

  <step id="toolbarFriend">
    <operation name="action" value="#DE">
      <component name="groupActions" action="hide"/>
      <component name="tUp" action="show"/>
      <component name="tNewFolder" action="hide"/>
      <component name="tShare" action="hide"/>
      <component name="tUpload" action="hide"/>
      <component name="viewMode" action="show"/>
    </operation>
  </step>

  <step id="toolbarDrive">
    <operation name="action" value="#DE">
      <component name="groupActions" action="hide"/>
      <component name="tUp" action="show"/>
      <component name="tNewFolder" action="show"/>
      <component name="tShare" action="show"/>
      <component name="tUpload" action="show"/>
      <component name="viewMode" action="show"/>
    </operation>
  </step>

  <step id="toolbarMycloudme">
    <operation name="action" value="#DE">
      <component name="groupActions" action="hide"/>
      <component name="tUp" action="hide"/>
      <component name="tNewFolder" action="hide"/>
      <component name="tShare" action="hide"/>
      <component name="tUpload" action="hide"/>
      <component name="viewMode" action="hide"/>
    </operation>
  </step>

  <step id="toolbarDesktop">
    <operation name="action" value="#DE">
      <component name="groupActions" action="hide"/>
      <component name="tUp" action="show"/>
      <component name="tNewFolder" action="show"/>
      <component name="tShare" action="show"/>
      <component name="tUpload" action="show"/>
      <component name="viewMode" action="show"/>
    </operation>
  </step>

  <step id="toolbarGroups">
    <operation name="action" value="#DE">
      <component name="groupActions" action="show"/>
      <component name="tUp" action="show"/>
      <component name="tNewFolder" action="hide"/>
      <component name="tShare" action="hide"/>
      <component name="tUpload" action="hide"/>
      <component name="viewMode" action="show"/>
    </operation>
  </step>

  <step id="addHistory">
    <operation name="decision" value="$history">
      <when test="/history/forward/item">
        <operation name="change" value="$history">
          <delete select="/history/forward/item"/>
        </operation>
      </when>
    </operation>
    <alias name="treeDatadoc" model="value" value="#DE#folderTree"/>
    <operation name="change" value="$history">
      <store type="append" select="/history/backward"><item>{$treeDatadoc}#{#DE#folderTree.getSelection()}</item></store>
    </operation>
  </step>

  <step id="historyBack">
    <alias name="historyAdd" value="false"/>
    <alias name="previousXpath" model="value" value="{$history#/history/backward/item[last() - 1]}"/>
    <operation name="change" value="$history">
      <store type="append" select="/history/forward" value="$history#/history/backward/item[last()]"/>
    </operation>
    <operation name="change" value="$history">
      <delete select="/history/backward/item[last()]"/>
    </operation>
    <operation name="callMethod" value="#DE#folderTree">
      <method name="setSelectionEx">
        <param type="string">{$previousXpath}</param>
      </method>
    </operation>
    <alias name="historyAdd" value="true"/>
  </step>

  <step id="historyForward">
    <alias name="historyAdd" value="false"/>
    <alias name="previousXpath" model="value" value="{$history#/history/forward/item[last()]}"/>
    <operation name="change" value="$history">
      <store type="append" select="/history/backward" value="$history#/history/forward/item[last()]"/>
    </operation>
    <operation name="change" value="$history">
      <delete select="/history/forward/item[last()]"/>
    </operation>
    <operation name="callMethod" value="#DE#folderTree">
      <method name="setSelectionEx">
        <param type="string">{$previousXpath}</param>
      </method>
    </operation>
    <alias name="historyAdd" value="true"/>
  </step>

  <step id="setHistoryButtons">
    <operation name="decision" value="$history">
      <when test="/history/backward/item[2] and /history/forward/item">
        <operation name="action" value="#DE">
          <component name="tBackward" action="enable"/>
          <component name="tForward" action="enable"/>
        </operation>
      </when>
      <when test="/history/backward/item[2]">
        <operation name="action" value="#DE">
          <component name="tBackward" action="enable"/>
          <component name="tForward" action="disable"/>
        </operation>
      </when>
      <when test="/history/forward/item">
        <operation name="action" value="#DE">
          <component name="tBackward" action="disable"/>
          <component name="tForward" action="enable"/>
        </operation>
      </when>
      <otherwise>
        <operation name="action" value="#DE">
          <component name="tBackward" action="disable"/>
          <component name="tForward" action="disable"/>
        </operation>
      </otherwise>
    </operation>
  </step>

  <step id="upFolder">
    <operation name="callMethod" value="#DE#folderTree">
      <method name="navigateUp"/>
    </operation>
  </step>

  <step id="dropTree">
    <alias name="dropSource" value="!"/>
    <alias name="dropSourceDoc" value="!" model="value"/>
    <alias name="dropTarget" value="#DE#folderTree"/>
    <alias name="dropTargetFolder" value="{#DE#folderTree#@path}"/>
    <alias name="dropState" value="drop"/>
    <operation name="call" value="handleDrop"/>
  </step>

  <step id="dropContent">
    <alias name="dropSource" value="!"/>
    <alias name="dropSourceDoc" value="!" model="value"/>
    <operation name="decision">
      <when test="contains('{$dropSourceDoc}','/?')">
        <alias name="dropSourceDoc" value="substring('{$dropSourceDoc}', 'endString:/?' 'endOffset:1')"/>
      </when>
    </operation>
    <operation name="decision" value="#DE#content">
      <when test="local-name() = 'folder'">
        <alias name="dropTarget" value="#DE#content"/>
        <alias name="dropTargetFolder" value="{#DE#content#@path}"/>
      </when>
      <otherwise>
        <alias name="dropTarget" value="#DE#folderTree"/>
        <alias name="dropTargetFolder" value="{#DE#folderTree#@path}"/>
      </otherwise>
    </operation>
    <alias name="dropState" value="drop"/>
    <operation name="call" value="handleDrop"/>
  </step>

  <step id="handleDrop">
    <operation name="decision">
      <when test="'{$dropSourceDoc}' != '{$dropTargetFolder}' and '{$dropSource#@path}' != '{$dropTargetFolder}' ">
        <alias name="docPath" value="substring('{$dropSourceDoc}','endPos:15')"/>
        <operation name="decision" value="$dropSource">
          <when test="local-name() = 'entry' and *[local-name() = 'document'] or local-name() = 'folder'">
            <alias name="dropState" value="{$dropState}DocFolder"/>
            <alias name="trashable" value="true"/>
          </when>
          <when test="local-name() = 'item' and @href">
            <alias name="dropState" value="{$dropState}SearchImage"/>
            <alias name="trashable" value="false"/>
          </when>
          <when test="dc:namespace = 'http://xcerion.com/movie/1.0' and not(*[local-name() = 'document'])">
            <alias name="dropState" value="{$dropState}SearchMovie"/>
            <alias name="trashable" value="false"/>
          </when>
        </operation>
        <operation name="decision" value="$dropTarget">
          <when test="local-name() = 'folder' and not(@system = 'groups' or @system = 'trashcan' or @id = 'Friends' or starts-with(@path, '{$mainChannel}://Friends/'))">
            <operation name="call" value="{$dropState}"/>
          </when>
          <when test="@system = 'trashcan' and '{$docPath}' != '{$main}://Friends/' and '{$trashable}' = 'true'">
            <operation name="filesystem" value="$dropSource">
              <delete permanent="false" silent="false" progress="true"/>
            </operation>
          </when>
        </operation>
      </when>
    </operation>
  </step>

  <step id="dropDocFolder">
    <operation name="filesystem" value="$dropSource">
      <move to="{$dropTargetFolder}" silent="false" progress="true"/>
    </operation>
  </step>

  <step id="dropSearchImage">
    <alias name="newFilename" type="string" value="normalize({$dropSource#@name})"/>
    <alias name="newFilename" type="string" value="trim({$newFilename})"/>
    <operation name="filesystem" value="$dropTarget">
      <create name="{$newFilename}.xml" rename="true" type="file">
        <content type="text/xml">
          <imageshortcut xmlns:xpc="http://xcerion.com/process/1.0" xpc:ns="http://xcerion.com/shortcut/image/1.0">
            <icon>icon://photo_landscape</icon>
            <imagetarget>{$dropSource#@fullref}</imagetarget>
            <thumb>{$dropSource#@href}</thumb>
            <comment></comment>
          </imageshortcut>
        </content>
      </create>
    </operation>
  </step>

  <step id="dropSearchMovie">
    <alias name="newFilename" type="string" value="normalize({$dropSource#dc:name})"/>
    <alias name="newFilename" type="string" value="trim({$newFilename})"/>
    <operation name="filesystem" value="$dropTarget">
      <create name="{$newFilename}.xml" rename="true" alias="createdMovie" type="file">
        <content type="text/xml">
          <mv:movie xmlns:xpc="http://xcerion.com/process/1.0" xpc:ns="http://xcerion.com/movie/1.0" xmlns:mv="http://xcerion.com/movie/1.0" type="youtube">
            <mv:author>
              <mv:name>{$dropSource#atom:author/atom:name}</mv:name>
              <mv:email>{$dropSource#atom:author/atom:email}</mv:email>
            </mv:author>
            <mv:description>{$dropSource#atom:summary}</mv:description>
            <mv:name>{$dropSource#dc:name}</mv:name>
            <mv:url>{$dropSource#dc:videourl}</mv:url>
            <mv:content>{$dropSource#dc:videoContent}</mv:content>
            <mv:thumbnail>{$dropSource#dc:thumbnail}</mv:thumbnail>
            <mv:duration>{$dropSource#dc:duration}</mv:duration>
            <mv:rating value="{$dropSource#dc:rate}"/>
            <mv:date>{$dropSource#dc:date}</mv:date>
            <mv:tags>{$dropSource#dc:tags}</mv:tags>
          </mv:movie>
        </content>
      </create>
    </operation>
  </step>

  <step id="createGroup">
    <operation name="open" value="{$mainChannel}://createGroup()"/>
  </step>

  <step id="joinGroup">
    <operation name="open" value="xios/apps/system/lib/group.xml">
      <trigger value="#DE#content#atom:content/@src"/>
    </operation>
  </step>

  <step id="leaveGroup">
    <operation name="open" value="xios/apps/system/lib/groupleave.xml">
      <trigger value="#DE#content#atom:content/@src"/>
    </operation>
  </step>

  <step id="inviteGroup">
    <operation name="open" value="xios/apps/system/processes/inviteusers.xml">
      <trigger value="#DE#content#atom:title/text()"/>
    </operation>
  </step>

  <step id="propertiesGroup">
    <operation name="open" value="xios/apps/system/groupUtil.xml">
      <trigger value="#DE#content#atom:title/text()"/>
    </operation>
  </step>

  <step id="setAutomount">
    <!-- To be continued -->
    <!--<alias name="channelName" value="channelname({#DE#folderTree#@path})"/>
    <operation name="decision" value="#Settings">
      <when test="/settings/channels/channel[@name = '{$channelName}']">
        <operation name="change" value="#Settings">
          <store type="replaceText" select="/settings/channels/channel[@name = '{$channelName}']/@automount">true</store>
        </operation>
      </when>
      <otherwise>
        <operation name="change" value="#Settings">
          <store type="append" select="/settings/channels">
            <channel name="{$channelName}" automount="true"/>
          </store>
        </operation>
      </otherwise>
    </operation>-->
  </step>

  <step id="removeAutomount">
    <!-- To be continued -->
    <!--
    <alias name="channelName" value="channelname({#DE#folderTree#@path})"/>
    <operation name="change" value="#Settings">
      <store type="replaceText" select="/settings/channels/channel[@name = '{$channelName}']/@automount">false</store>
    </operation>
    -->
  </step>

  <step id="keyRename">
    <alias name="typeState" value="keyRename"/>
    <operation name="decision" value="#DE#folderTree">
      <when test="not(@system or @id = 'Friends' or @path = /*[local-name() = 'folder']/@path or local-name() = 'drives')">
        <operation name="decision" value="#DE#content">
          <when test="{count-selection(#DE#content)} &lt; 2">
            <operation name="decision" value="#DE#content">
              <when test="local-name() = 'entry' and not(dc:group)">
                <alias name="typeState" value="{$typeState}File"/>
              </when>
              <when test="local-name() = 'folder'">
                <alias name="typeState" value="{$typeState}Folder"/>
              </when>
              <when test="local-name() = 'feed'">
                <alias name="typeState" value="{$typeState}Nosel"/>
              </when>
            </operation>
          </when>
        </operation>
        <operation name="call" value="{$typeState}"/>
      </when>
    </operation>
  </step>

  <step id="keyRenameFile">
    <operation name="callMethod" value="#DE#content">
      <method name="rename"/>
    </operation>
  </step>

  <step id="keyRenameFolder">
    <operation name="callMethod" value="#DE#content">
      <method name="rename"/>
    </operation>
  </step>

  <step id="keyRenameNosel">
    <operation name="callMethod" value="#DE#folderTree">
      <method name="edit"/>
    </operation>
  </step>

  <step id="keyDelete">
    <operation name="decision" value="#DE#folderTree">
      <!-- <alias name="localNamee" value="local-name(#DE#folderTree)"/> -->

      <when test="not(@id = 'Friends' or local-name() = 'drives')">
        <operation name="decision" value="#DE#content">
          <when test="local-name() = 'entry' or local-name() = 'fs:folder' or local-name() = 'folder'">
            <alias name="selComp" value="#DE#content"/>
            <operation name="call" value="delete"/>
          </when>
          <when test="local-name() = 'feed' and '{#DE#folderTree#@path}' != '{#DE#folderTree#/*[local-name() = 'fs:folder']/@path}'">
            <alias name="selComp" value="#DE#folderTree"/>
            <operation name="call" value="delete"/>
          </when>
        </operation>
      </when>
    </operation>
  </step>

  <step id="setFileMenu">
    <alias name="typeState" value="fileMenu"/>
    <operation name="call" value="getContentState"/>
    <operation name="call" value="getTreeState"/>
    <operation name="call" value="fileMenuHide"/>
    <operation name="call" value="{$typeState}"/>
  </step>

  <step id="fileMenuMultiselFolder">
    <operation name="action" value="#DE">
      <component name="mNewOptions" action="show"/>
      <component name="mShare" action="show"/>
      <component name="mUpload" action="show"/>
      <component name="mDelete" action="show"/>
    </operation>
  </step>

  <step id="fileMenuMultiselTrash">
    <operation name="action" value="#DE">
      <component name="mRestore" action="show"/>
      <component name="mDelete" action="show"/>
    </operation>
  </step>

  <step id="fileMenuMultiselFriends"/>
  <step id="fileMenuMultiselFriend"/>

  <step id="fileMenuMultiselDrive">
    <operation name="call" value="fileMenuMultiselFolder"/>
  </step>

  <step id="fileMenuMultiselMycloudme"/>

  <step id="fileMenuMultiselDesktop">
    <operation name="call" value="fileMenuMultiselFolder"/>
  </step>

  <step id="fileMenuMultiselGroups"/>

  <step id="fileMenuFileFolder">
    <operation name="call" value="fileMenuFiletype"/>
    <operation name="action" value="#DE">
      <component name="mNewOptions" action="show"/>
      <component name="mOpen" action="show"/>
      <component name="mShare" action="show"/>
      <component name="mDownload" action="show"/>
      <component name="mUpload" action="show"/>
      <component name="mDelete" action="show"/>
      <component name="mProperties" action="show"/>
    </operation>
  </step>

  <step id="fileMenuFileTrash">
    <operation name="action" value="#DE">
      <component name="mRestore" action="show"/>
      <component name="mDelete" action="show"/>
      <component name="mProperties" action="show"/>
    </operation>
  </step>

  <step id="fileMenuFileFriend">
    <operation name="call" value="fileMenuFiletype"/>
    <operation name="action" value="#DE">
      <component name="mOpen" action="show"/>
      <component name="mDownload" action="show"/>
      <component name="mProperties" action="show"/>
    </operation>
  </step>

  <step id="fileMenuFileDrive">
    <operation name="call" value="fileMenuFileFolder"/>
  </step>

  <step id="fileMenuFileDesktop">
    <operation name="call" value="fileMenuFileFolder"/>
  </step>

  <step id="fileMenuFolderFolder">
    <operation name="action" value="#DE">
      <component name="mNewOptions" action="show"/>
      <component name="mOpen" action="show"/>
      <component name="mShare" action="show"/>
      <component name="mUpload" action="show"/>
      <component name="mRename" action="show"/>
      <component name="mDelete" action="show"/>
      <component name="mProperties" action="show"/>
    </operation>
  </step>

  <step id="fileMenuFolderTrash">
    <operation name="action" value="#DE">
      <component name="mRestore" action="show"/>
      <component name="mDelete" action="show"/>
      <component name="mProperties" action="show"/>
    </operation>
  </step>

  <step id="fileMenuFolderFriends">
    <operation name="action" value="#DE">
      <component name="mOpen" action="show"/>
      <component name="mProperties" action="show"/>
    </operation>
  </step>

  <step id="fileMenuFolderFriend">
    <operation name="action" value="#DE">
      <component name="mOpen" action="show"/>
      <component name="mProperties" action="show"/>
    </operation>
  </step>

  <step id="fileMenuFolderDrive">
    <operation name="call" value="fileMenuFolderFolder"/>
  </step>

  <step id="fileMenuFolderDesktop">
    <operation name="call" value="fileMenuFolderFolder"/>
  </step>

  <step id="fileMenuNoselFolder">
    <operation name="action" value="#DE">
      <component name="mNewOptions" action="show"/>
      <component name="mShare" action="show"/>
      <component name="mUpload" action="show"/>
      <component name="mRename" action="show"/>
      <component name="mDelete" action="show"/>
      <component name="mProperties" action="show"/>
    </operation>
  </step>

  <step id="fileMenuNoselTrash">
    <operation name="action" value="#DE">
      <component name="mProperties" action="show"/>
    </operation>
  </step>

  <step id="fileMenuNoselFriends">
    <operation name="action" value="#DE">
      <component name="mProperties" action="show"/>
    </operation>
  </step>

  <step id="fileMenuNoselFriend">
    <operation name="action" value="#DE">
      <component name="mProperties" action="show"/>
    </operation>
  </step>

  <step id="fileMenuNoselDrive">
    <operation name="action" value="#DE">
      <component name="mNewOptions" action="show"/>
      <component name="mUpload" action="show"/>
      <component name="mProperties" action="show"/>
    </operation>
  </step>

  <step id="fileMenuNoselMycloudme"/>

  <step id="fileMenuNoselDesktop">
    <operation name="action" value="#DE">
      <component name="mNewOptions" action="show"/>
      <component name="mShare" action="show"/>
      <component name="mUpload" action="show"/>
      <component name="mProperties" action="show"/>
    </operation>
  </step>

  <step id="fileMenuNoselGroups">
    <operation name="action" value="#DE">
      <component name="mProperties" action="show"/>
    </operation>
  </step>

  <step id="fileMenuGroupGroups">
    <operation name="action" value="#DE">
      <component name="mProperties" action="show"/>
    </operation>
  </step>

  <step id="fileMenuDriveMycloudme">
    <operation name="action" value="#DE">
      <component name="mOpen" action="show"/>
      <component name="mProperties" action="show"/>
    </operation>
  </step>

  <step id="fileMenuFiletype">
    <alias name="filetype" value="filetype({#DE#content#atom:content/@src})"/>
    <operation name="decision" value="$filetype">
      <when test="count(open) &gt; 1">
        <operation name="action" value="#DE">
          <component name="mOpenWith" action="show"/>
        </operation>
        <operation name="bind" value="$filetype">
          <component view="DE" name="dataOpenWith"/>
        </operation>
      </when>
    </operation>
    <operation name="decision" value="$filetype">
      <when test="count(edit) &gt; 1">
        <operation name="action" value="#DE">
          <component name="mEdit" action="show"/>
          <component name="mEditWith" action="show"/>
        </operation>
        <operation name="bind" value="$filetype">
          <component view="DE" name="dataEditWith"/>
        </operation>
      </when>
      <when test="edit != ''">
        <operation name="action" value="#DE">
          <component name="mEdit" action="show"/>
        </operation>
      </when>
    </operation>
    <operation name="decision" value="$filetype">
      <when test="count(preview) &gt; 1">
        <operation name="action" value="#DE">
          <component name="mPreview" action="show"/>
          <component name="mPreviewWith" action="show"/>
        </operation>
        <operation name="bind" value="$filetype">
          <component view="DE" name="dataPreviewWith"/>
        </operation>
      </when>
      <when test="preview != ''">
        <operation name="action" value="#DE">
          <component name="mPreview" action="show"/>
        </operation>
      </when>
    </operation>
    <operation name="decision" value="$filetype">
      <when test="not(list) or list/h1[@xpath = 'atom:title'] or '{$currentLayout}' != 'Default'">
        <operation name="action" value="#DE">
          <component name="mRename" action="show"/>
        </operation>
      </when>
    </operation>
  </step>

  <step id="fileMenuHide">
    <operation name="action" value="#DE">
      <component name="mRestore" action="hide"/>
      <component name="mNewOptions" action="hide"/>
      <component name="mOpen" action="hide"/>
      <component name="mOpenWith" action="hide"/>
      <component name="mEdit" action="hide"/>
      <component name="mEditWith" action="hide"/>
      <component name="mPreview" action="hide"/>
      <component name="mPreviewWith" action="hide"/>
      <component name="mShare" action="hide"/>
      <component name="mDownload" action="hide"/>
      <component name="mUpload" action="hide"/>
      <component name="mRename" action="hide"/>
      <component name="mDelete" action="hide"/>
      <component name="mProperties" action="hide"/>
    </operation>
  </step>

  <step id="setEditMenu">
    <alias name="typeState" value="editMenu"/>
    <operation name="call" value="getContentState"/>
    <operation name="call" value="getTreeState"/>
    <operation name="call" value="editMenuHide"/>
    <operation name="call" value="{$typeState}"/>
  </step>

  <step id="editMenuMultiselFolder">
    <operation name="call" value="setEditPaste"/>
    <operation name="call" value="editMenuShow"/>
  </step>

  <step id="editMenuMultiselTrash">
    <operation name="action" value="#DE">
      <component name="mSelectAll" action="show"/>
    </operation>
  </step>

  <step id="editMenuMultiselFriends">
    <operation name="action" value="#DE">
      <component name="mSelectAll" action="show"/>
    </operation>
  </step>

  <step id="editMenuMultiselFriend">
    <operation name="action" value="#DE">
      <component name="mSelectAll" action="show"/>
    </operation>
  </step>

  <step id="editMenuMultiselDrive">
    <operation name="call" value="editMenuMultiselFolder"/>
  </step>

  <step id="editMenuMultiselMycloudme">
    <operation name="action" value="#DE">
      <component name="mSelectAll" action="show"/>
    </operation>
  </step>

  <step id="editMenuMultiselGroups"/>

  <step id="editMenuFileFolder">
    <operation name="call" value="setEditPaste"/>
    <operation name="call" value="editMenuShow"/>
  </step>

  <step id="editMenuFileTrash">
    <operation name="action" value="#DE">
      <component name="mSelectAll" action="show"/>
    </operation>
  </step>

  <step id="editMenuFileFriend">
    <operation name="action" value="#DE">
      <component name="mCopy" action="show"/>
      <component name="mSelectAll" action="show"/>
      <component name="mCopyTo" action="show"/>
    </operation>
  </step>

  <step id="editMenuFileDrive">
    <operation name="call" value="editMenuFileFolder"/>
  </step>

  <step id="editMenuFolderFolder">
    <operation name="call" value="setEditPaste"/>
    <operation name="call" value="editMenuShow"/>
  </step>

  <step id="editMenuFolderTrash">
    <operation name="action" value="#DE">
      <component name="mSelectAll" action="show"/>
    </operation>
  </step>

  <step id="editMenuFolderFriends">
    <operation name="action" value="#DE">
      <component name="mSelectAll" action="show"/>
    </operation>
  </step>

  <step id="editMenuFolderFriend">
    <operation name="action" value="#DE">
      <component name="mCopy" action="show"/>
      <component name="mSelectAll" action="show"/>
      <component name="mCopyTo" action="show"/>
    </operation>
  </step>

  <step id="editMenuFolderDrive">
    <operation name="call" value="editMenuFolderFolder"/>
  </step>

  <step id="editMenuNoselFolder">
    <operation name="call" value="setEditPaste"/>
    <operation name="call" value="editMenuShow"/>
  </step>

  <step id="editMenuNoselTrash">
    <operation name="action" value="#DE">
      <component name="mSelectAll" action="show"/>
    </operation>
  </step>

  <step id="editMenuNoselFriends">
    <operation name="action" value="#DE">
      <component name="mSelectAll" action="show"/>
    </operation>
  </step>

  <step id="editMenuNoselFriend">
    <operation name="action" value="#DE">
      <component name="mSelectAll" action="show"/>
    </operation>
  </step>

  <step id="editMenuNoselDrive">
    <operation name="action" value="#DE">
      <component name="mSelectAll" action="show"/>
    </operation>
  </step>

  <step id="editMenuNoselMycloudme">
    <operation name="action" value="#DE">
      <component name="mSelectAll" action="show"/>
    </operation>
  </step>

  <step id="editMenuNoselGroups"/>
  <step id="editMenuGroupGroups"/>

  <step id="editMenuDriveMycloudme">
    <operation name="action" value="#DE">
      <component name="mSelectAll" action="show"/>
    </operation>
  </step>

  <step id="setEditPaste">
    <operation name="callMethod" value="#DE">
      <method name="checkClipboard" alias="canPaste"/>
    </operation>
    <operation name="decision">
      <when test="'{$canPaste}' = 'true'">
        <operation name="action" value="#DE">
          <component name="mPaste" action="show"/>
        </operation>
      </when>
    </operation>
  </step>

  <step id="editMenuHide">
    <operation name="action" value="#DE">
      <component name="mCopy" action="hide"/>
      <component name="mPaste" action="hide"/>
      <component name="mSelectAll" action="hide"/>
      <component name="mCopyTo" action="hide"/>
      <component name="mMoveTo" action="hide"/>
    </operation>
  </step>

  <step id="editMenuShow">
    <operation name="action" value="#DE">
      <component name="mCopy" action="show"/>
      <component name="mSelectAll" action="show"/>
      <component name="mCopyTo" action="show"/>
      <component name="mMoveTo" action="show"/>
    </operation>
  </step>

  <step id="setTreeMenu">
    <alias name="typeState" value="cFolderMenu"/>
    <operation name="call" value="cFolderMenuHide"/>
    <operation name="call" value="getTreeState"/>
    <operation name="call" value="{$typeState}"/>
    <!--<operation name="decision" value="#DE#folderTree">
      <when test="'{#DE#folderTree.nodeExpanded()}' = 'false' and local-name() = 'folder'">
        <operation name="action" value="#DE">
          <component name="cFolderOpen" action="show"/>
        </operation>
      </when>
    </operation>-->
    <operation name="decision">
      <when test="'{$typeState}' != 'cFolderMenuMycloudme'">
        <operation name="action" value="#DE">
          <component name="folderMenu" action="open"/>
        </operation>
      </when>
    </operation>
  </step>

  <step id="cFolderMenuFolder">
    <operation name="action" value="#DE">
      <component name="cFolderExplore" action="show"/>
      <component name="cFolderShare" action="show"/>
      <component name="cFolderCompress" action="show"/>
      <component name="cFolderCopy" action="show"/>
      <component name="cFolderRename" action="show"/>
      <component name="cFolderDelete" action="show"/>
      <component name="cFolderProp" action="show"/>
    </operation>
  </step>

  <step id="cFolderMenuTrash">
    <operation name="action" value="#DE">
      <component name="cFolderExplore" action="show"/>
      <component name="cFolderEmptyTrash" action="show"/>
    </operation>
  </step>

  <step id="cFolderMenuFriends">
    <operation name="call" value="cFolderMenuExplore"/>
  </step>

  <step id="cFolderMenuFriend">
    <operation name="call" value="cFolderMenuExplore"/>
  </step>

  <step id="cFolderMenuDrive">
    <operation name="decision" value="#GroupManager">
      <when test="/groups/group/@folderId = '{#DE#folderTree#@id}'">
        <operation name="action" value="#DE">
          <component name="cFolderExplore" action="show"/>
          <component name="cFolderAutomount" action="show"/>
          <component name="cFolderProp" action="show"/>
        </operation>
        <alias name="channelName" value="channelname({#DE#folderTree#@path})"/>
        <operation name="decision" value="#Settings">
          <when test="/settings/channels/channel[@name = '{$channelName}']/@automount = 'true'">
            <operation name="callMethod" value="#DE#cFolderAutomount">
              <method name="toggleCheckable">
                <param type="boolean">true</param>
              </method>
            </operation>
          </when>
          <otherwise>
            <operation name="callMethod" value="#DE#cFolderAutomount">
              <method name="toggleCheckable">
                <param type="boolean">false</param>
              </method>
            </operation>
          </otherwise>
        </operation>
      </when>
      <otherwise step="cFolderMenuExplore"/>
    </operation>
  </step>

  <step id="cFolderMenuMycloudme"/>

  <step id="cFolderMenuDesktop">
    <operation name="call" value="cFolderMenuExplore"/>
  </step>

  <step id="cFolderMenuGroups">
    <operation name="call" value="cFolderMenuExplore"/>
  </step>

  <step id="cFolderMenuExplore">
    <operation name="action" value="#DE">
      <component name="cFolderExplore" action="show"/>
    </operation>
  </step>

  <step id="cFolderMenuHide">
    <operation name="action" value="#DE">
      <component name="cFolderOpen" action="hide"/>
      <component name="cFolderExplore" action="hide"/>
      <component name="cFolderShare" action="hide"/>
      <component name="cFolderCompress" action="hide"/>
      <component name="cFolderCopy" action="hide"/>
      <component name="cFolderRename" action="hide"/>
      <component name="cFolderDelete" action="hide"/>
      <component name="cFolderAutomount" action="hide"/>
      <component name="cFolderEmptyTrash" action="hide"/>
      <component name="cFolderProp" action="hide"/>
    </operation>
  </step>

  <step id="setContentMenu">
    <alias name="typeState" value="contentMenu"/>
    <operation name="call" value="getContentState"/>
    <operation name="call" value="getTreeState"/>
    <operation name="call" value="contentMenuHide"/>
    <operation name="call" value="{$typeState}"/>
  </step>

  <step id="openContentMenu">
    <operation name="action" value="#DE">
      <component name="contentMenu" action="open"/>
    </operation>
  </step>

  <step id="contentMenuMultiselFolder">
    <operation name="action" value="#DE">
      <component name="cShare" action="show"/>
      <component name="cCompress" action="show"/>
      <component name="cCopy" action="show"/>
      <component name="cDelete" action="show"/>
    </operation>
    <operation name="call" value="openContentMenu"/>
  </step>

  <step id="contentMenuMultiselTrash">
    <operation name="action" value="#DE">
      <component name="cRestore" action="show"/>
      <component name="cDelete" action="show"/>
    </operation>
    <operation name="call" value="openContentMenu"/>
  </step>

  <step id="contentMenuMultiselFriends"/>

  <step id="contentMenuMultiselFriend">
    <operation name="action" value="#DE">
      <component name="cCopy" action="show"/>
    </operation>
    <operation name="call" value="openContentMenu"/>
  </step>

  <step id="contentMenuMultiselDrive">
    <operation name="call" value="contentMenuMultiselFolder"/>
  </step>

  <step id="contentMenuMultiselMycloudme"/>

  <step id="contentMenuMultiselDesktop">
    <operation name="call" value="contentMenuMultiselFolder"/>
  </step>

  <step id="contentMenuMultiselGroups"/>

  <step id="contentMenuFileFolder">
    <operation name="call" value="contentMenuFiletype"/>
    <operation name="action" value="#DE">
      <component name="cOpen" action="show"/>
      <component name="cDownload" action="show"/>
      <component name="cShare" action="show"/>
      <component name="cCompress" action="show"/>
      <component name="cCopy" action="show"/>
      <component name="cDelete" action="show"/>
      <component name="cProperties" action="show"/>
      <component name="sMailFile" action="show"/>
    </operation>
    <operation name="call" value="openContentMenu"/>
  </step>

  <step id="contentMenuFileTrash">
    <operation name="action" value="#DE">
      <component name="cRestore" action="show"/>
      <component name="cDelete" action="show"/>
    </operation>
    <operation name="call" value="openContentMenu"/>
  </step>

  <step id="contentMenuFileFriend">
    <operation name="call" value="contentMenuFiletype"/>
    <operation name="action" value="#DE">
      <component name="cOpen" action="show"/>
      <component name="cDownload" action="show"/>
      <component name="cCopy" action="show"/>
      <component name="cProperties" action="show"/>
    </operation>
    <operation name="call" value="openContentMenu"/>
  </step>

  <step id="contentMenuFileDrive">
    <operation name="call" value="contentMenuFileFolder"/>
  </step>

  <step id="contentMenuFileDesktop">
    <operation name="call" value="contentMenuFileFolder"/>
  </step>

  <step id="contentMenuFolderFolder">
    <operation name="action" value="#DE">
      <component name="cOpen" action="show"/>
      <component name="cShare" action="show"/>
      <component name="cCompress" action="show"/>
      <component name="cCopy" action="show"/>
      <component name="cDelete" action="show"/>
      <component name="cRename" action="show"/>
      <component name="cProperties" action="show"/>
    </operation>
    <operation name="call" value="openContentMenu"/>
  </step>

  <step id="contentMenuFolderTrash">
    <operation name="action" value="#DE">
      <component name="cRestore" action="show"/>
      <component name="cDelete" action="show"/>
    </operation>
    <operation name="call" value="openContentMenu"/>
  </step>

  <step id="contentMenuFolderFriends">
    <operation name="action" value="#DE">
      <component name="cOpen" action="show"/>
    </operation>
    <operation name="call" value="openContentMenu"/>
  </step>

  <step id="contentMenuFolderFriend">
    <operation name="action" value="#DE">
      <component name="cOpen" action="show"/>
      <component name="cCopy" action="show"/>
      <component name="cProperties" action="show"/>
    </operation>
    <operation name="call" value="openContentMenu"/>
  </step>

  <step id="contentMenuFolderDrive">
    <operation name="decision" value="#DE#content">
      <when test="not(@system or @id = 'Friends')" step="contentMenuFolderFolder"/>
      <otherwise>
        <operation name="action" value="#DE">
          <component name="cOpen" action="show"/>
          <component name="cProperties" action="show"/>
        </operation>
        <operation name="call" value="openContentMenu"/>
      </otherwise>
    </operation>
  </step>

  <step id="contentMenuFolderDesktop">
    <operation name="call" value="contentMenuFolderFolder"/>
  </step>

  <step id="contentMenuGroupGroups">
    <operation name="decision" value="#GroupManager">
      <when test="/groups/group[@id = '{#DE#content#dc:group}']">
        <operation name="action" value="#DE">
          <component name="cJoin" action="hide"/>
          <component name="cLeave" action="show"/>
        </operation>
        <operation name="decision" value="#DriveManager">
          <when test="/drives/drive[folderId ='{#GroupManager#/groups/group[@id = '{#DE#content#dc:group}']/@folderId}']">
            <operation name="action" value="#DE">
              <component name="cMount" action="hide"/>
            </operation>
          </when>
          <otherwise>
            <operation name="action" value="#DE">
              <component name="cMount" action="show"/>
            </operation>
          </otherwise>
        </operation>
        <operation name="decision" value="#GroupManager">
          <when test="/groups/group[@id = '{#DE#content#dc:group}' and (@role = 'Owner' or @role = 'Administrator')]">
            <operation name="action" value="#DE">
              <component name="cInvite" action="show"/>
            </operation>
          </when>
          <otherwise>
            <operation name="action" value="#DE">
              <component name="cInvite" action="hide"/>
            </operation>
          </otherwise>
        </operation>
      </when>
      <otherwise>
        <operation name="action" value="#DE">
          <component name="cJoin" action="show"/>
          <component name="cMount" action="hide"/>
          <component name="cLeave" action="hide"/>
          <component name="cInvite" action="hide"/>
        </operation>
      </otherwise>
    </operation>
    <operation name="action" value="#DE">
      <component name="contentGroup" action="open"/>
    </operation>
  </step>

  <step id="contentMenuDriveMycloudme">
    <operation name="action" value="#DE">
      <component name="contentMycloudme" action="open"/>
    </operation>
  </step>

  <step id="contentMenuFiletype">
    <alias name="filetype" value="filetype({#DE#content#atom:content/@src})"/>
    <operation name="decision" value="$filetype">
      <when test="action">
        <operation name="action" value="#DE">
          <component name="cAction" action="show"/>
        </operation>
        <operation name="bind" value="$filetype">
          <component view="DE" name="cAction"/>
        </operation>
      </when>
    </operation>
    <operation name="decision" value="$filetype">
      <when test="count(open) &gt; 1">
        <operation name="action" value="#DE">
          <component name="cOpenWith" action="show"/>
        </operation>
        <operation name="bind" value="$filetype">
          <component view="DE" name="dataOpenWith"/>
        </operation>
      </when>
    </operation>
    <operation name="decision" value="$filetype">
      <when test="count(edit) = 1">
        <operation name="action" value="#DE">
          <component name="cEdit" action="show"/>
        </operation>
      </when>
      <when test="count(edit) &gt; 1">
        <operation name="action" value="#DE">
          <component name="cEdit" action="show"/>
          <component name="cEditWith" action="show"/>
        </operation>
        <operation name="bind" value="$filetype">
          <component view="DE" name="dataEditWith"/>
        </operation>
      </when>
    </operation>
    <operation name="decision" value="$filetype">
      <when test="count(preview) = 1">
        <operation name="action" value="#DE">
          <component name="cPreview" action="show"/>
        </operation>
      </when>
      <when test="count(edit) &gt; 1">
        <operation name="action" value="#DE">
          <component name="cPreview" action="show"/>
          <component name="cPreviewWith" action="show"/>
        </operation>
        <operation name="bind" value="$filetype">
          <component view="DE" name="dataPreviewWith"/>
        </operation>
      </when>
    </operation>
    <operation name="decision" value="$filetype">
      <when test="not(list) or list/h1[@xpath = 'atom:title'] or '{$currentLayout}' != 'Default'">
        <operation name="action" value="#DE">
          <component name="cRename" action="show"/>
        </operation>
      </when>
    </operation>
  </step>

  <step id="contentMenuHide">
    <operation name="action" value="#DE">
      <component name="cOpen" action="hide"/>
      <component name="cOpenWith" action="hide"/>
      <component name="cEdit" action="hide"/>
      <component name="cEditWith" action="hide"/>
      <component name="cPreview" action="hide"/>
      <component name="cPreviewWith" action="hide"/>
      <component name="cRestore" action="hide"/>
      <component name="cAction" action="hide"/>
      <component name="cDownload" action="hide"/>
      <component name="cShare" action="hide"/>
      <component name="cCompress" action="hide"/>
      <component name="cCopy" action="hide"/>
      <component name="cDelete" action="hide"/>
      <component name="cRename" action="hide"/>
      <component name="cProperties" action="hide"/>
      <component name="sMailFile" action="hide"/>
    </operation>
  </step>


  <step id="setNoselMenu">
    <alias name="typeState" value="cNoselMenu"/>
    <operation name="call" value="getTreeState"/>
    <operation name="call" value="{$typeState}"/>
  </step>

  <step id="cNoselMenuFolder">
    <operation name="call" value="contentMain"/>
  </step>

  <step id="cNoselMenuTrash">
    <operation name="action" value="#DE">
      <component name="contentTrashMain" action="open"/>
    </operation>
  </step>

  <step id="cNoselMenuFriends">
    <operation name="action" value="#DE">
      <component name="contentFriendsMain" action="open"/>
    </operation>
  </step>

  <step id="cNoselMenuFriend">
    <operation name="action" value="#DE">
      <component name="contentFriendsMain" action="open"/>
    </operation>
  </step>

  <step id="cNoselMenuDrive">
    <operation name="call" value="contentMain"/>
  </step>

  <step id="cNoselMenuMycloudme"/>

  <step id="cNoselMenuDesktop">
    <operation name="call" value="contentMain"/>
  </step>

  <step id="cNoselMenuGroups">
    <operation name="action" value="#DE">
      <component name="contentGroupMain" action="open"/>
    </operation>
  </step>

  <step id="contentMain">
    <operation name="call" value="setContentPaste"/>
    <operation name="action" value="#DE">
      <component name="contentMain" action="open"/>
    </operation>
  </step>

  <step id="setContentPaste">
    <operation name="callMethod" value="#DE">
      <method name="checkClipboard" alias="canPaste"/>
    </operation>
    <operation name="decision">
      <when test="'{$canPaste}' = 'true'">
        <operation name="action" value="#DE">
          <component name="cPaste" action="show"/>
        </operation>
      </when>
      <otherwise>
        <operation name="action" value="#DE">
          <component name="cPaste" action="hide"/>
        </operation>
      </otherwise>
    </operation>
  </step>

  <step id="openSimpleWebUI">
    <operation name="open" value="https://www.cloudme.com/en/pricing/">
      <browser name="Buymorestorage" webUIAccount="true" width="900" features="resizable=yes,status=yes,toolbar=yes,location=yes"/>
    </operation>
  </step>

  <step id="clearCache">
    <alias name="mainViewClose" value="true" model="value"/>
    <alias name="trig" value="#ProcessManager" model="define">
      <selection>
        <item select="/processes/process[@name = 'DE']"/>
      </selection>
    </alias>
    <operation name="close" value="$trig">
      <mode>process</mode>
    </operation>
    <operation name="close" value="xios/apps/system/views/de.xml">
      <mode>document</mode>
    </operation>
    <operation name="close" value="xios/apps/system/processes/de.xml">
      <mode>document</mode>
    </operation>
    <operation name="close" value="$trig">
      <mode>process</mode>
    </operation>
  </step>

</process>
