<?xml version="1.0"?>
<process name="Download" description="Download Dialog" author="Andreas Forsén">
  <trigger view="Download" event="Select" component="Cancel" step="3"/>
  <trigger view="Download" event="Select" component="helpView" step="3"/>
  <step id="1" name="Show Application">
    <operation name="open" value="xios/apps/system/download.xml"/>
    <alias name="downloadData" value="!"/>
    <!--Fix for unknown filetypes to download-->
    <operation name="decision" value="$downloadData">
    	<when test="local-name() = 'binary'">
        <alias name="downloadData" value="{$downloadData}/.meta" />
      </when>
    </operation>
    <operation name="bind" value="$downloadData">
      <component view="Download" name="helpView"/>
    </operation>
  </step>
  <step id="3" name="Close app">
    <operation name="close" value="Download"/>
  </step>
</process>
