<?xml version="1.0"?>

<process name="FR" author="Glenn Stenbring">
  <trigger view="FR" event="Escape" step="doClose"/>
  <!--Find triggers-->
  <trigger view="FR" component="close" event="Select" step="doClose"/>
  <trigger view="FR" component="findNext" event="Select" step="3"/>
  <trigger view="FR" component="findPrev" event="Select" step="4"/>
  <trigger view="FR" component="btFindAll" event="Select" step="8"/>
  <!--<trigger view="FR" component="findInput" event="Return" step="3"/>-->
  <trigger view="FR" component="findInput" event="Key" step="updateFindButtons"/>
  <trigger view="FR" component="replaceFindInput" event="Key" step="updateReplaceButtons"/>
  <!--Replace triggers-->
  <trigger view="FR" component="findRep" event="Select" step="5"/>
  <trigger view="FR" component="repNext" event="Select" step="preReplaceOne"/>
  <trigger view="FR" component="repAll" event="Select" step="preReplaceAll"/>
  <trigger view="ReplaceError" component="OK" event="Select" step="closeReplaceError"/>
  <!--<trigger view="FR" component="replaceFindInput" event="Return" step="6"/>-->

  <!-- Close trigger -->
  <trigger view="FR" event="Close" step="20"/>
  <trigger view="FR" event="Blur" step="releaseEnter"/>
  <trigger view="FR" event="Focus" step="captureEnter"/>

  <step id="1" name="Show Application">
    <operation name="open" value="xios/apps/system/views/findReplace.xml"/>
    <alias name="appComp" value="!"/>
    <alias name="enterView" value=""/>
    
    <operation name="decision">
      <when test="'{$FRfileName}' != ''">
        <alias name="subApplication" value="{$FRappName} - {$FRfileName}" model="value"/> 
      </when>
      <otherwise>
        <alias name="subApplication" value="{$FRappName}" model="value"/> 
      </otherwise>
    </operation>

    <operation name="callMethod" value="#FR">
      <method name="setTitle">
        <param type="string">{get-label('Find &amp; Replace')}</param>
        <param type="string">{$subApplication}</param>
      </method>
    </operation>

    <alias name="app" value="#findComp#/values/comp/text()"></alias>
    <alias name="selection" value="#findComp#/values/selValue/text()"/>

    <operation name="decision">
      <when test="'{$app}' != '#XE#Editor'" step="21"/>
    </operation>

    <operation name="action" value="#FR">
      <component name="findInput" action="activate"/>
    </operation>

    <operation name="callMethod" value="#FR#findInput">
      <method name="setValue">
        <param type="string">{$selection}</param>
      </method>
    </operation>

    <operation name="callMethod" value="#FR#replaceFindInput">
      <method name="setValue">
        <param type="string">{$selection}</param>
      </method>
    </operation>
    <!--<operation name="decision" value="{!}">
      <when test="{!} = 'tReplace'" step="10"/>
      <when test="{!} = 'mReplace'" step="10"/>
      <when test="{!} = 'mReplcaeNext'" step="10"/>
      <otherwise step="11"/>
    </operation>-->

    <!-- bind components to each other -->
    <!--
    <operation name="bind" value="#FR#findInput">
      <component view="FR" name="replaceWordInput"/>
    </operation>
    -->
    <operation name="call" value="updateFindButtons"/>
    <operation name="call" value="updateReplaceButtons"/>

    <operation name="decision">
      <when test="'{$FRPanel}' = 'replacePanel'" step="12"/>
      <otherwise step="11"/>
    </operation>

  </step>

  <step id="doClose" name="Close Application">
    <operation name="close" value="FR"/>
  </step>

  <step id="3" name="Find Next Value">
    <alias name="enterView" value="findNext"/>
    <operation name="callMethod" value="$appComp">
      <method name="takeEnter">
        <param type="string">#FR:{$instance}#findNext</param>
      </method>
    </operation>

    <operation name="callMethod" value="$appComp">
      <method name="search">
        <param type="string">{#FR#findInput.getValue()}</param>
        <param type="integer">0</param>
        <param type="boolean">{#FR#findWholeWords}</param>    <!--Match Whole Word-->
        <param type="boolean">{#FR#findCase}</param>    <!--Match Case-->
      </method>
    </operation>
  </step>

  <step id="4" name="Find Prev Value">
    <operation name="callMethod" value="$appComp">
      <method name="search">
        <param type="string">{#FR#findInput.getValue()}</param>
        <param type="integer">-1</param>
        <param type="boolean">{#FR#findWholeWords}</param>    <!--Match Whole Word-->
        <param type="boolean">{#FR#findCase}</param>    <!--Match Case-->
      </method>
    </operation>
  </step>

  <step id="5" name="Find Value (replace)">
    <alias name="enterView" value="findNext"/>
    <operation name="callMethod" value="$appComp">
      <method name="takeEnter">
        <param type="string">#FR:{$instance}#findRep</param>
      </method>
    </operation>

    <operation name="callMethod" value="$appComp">
      <method name="search">
        <param type="string">{#FR#replaceFindInput.getValue()}</param>
        <param type="integer">0</param>
        <param type="boolean">{#FR#repWholeWords}</param>   <!--Match Whole Word-->
        <param type="boolean">{#FR#repCase}</param>   <!--Match Case-->
      </method>
    </operation>
  </step>

  <step id="preReplaceOne" name="Checks if inputs have any data.">
    <alias name="replaceWordValue" value="{#FR#replaceWordInput.getValue()}" model="value"/>
    <alias name="replaceFindValue" value="{#FR#replaceFindInput.getValue()}" model="value"/>
    <operation name="decision">
      <when test="'{$replaceWordValue}' != '' and '{$replaceFindValue}' != ''" step="6"/>
      <otherwise step="replaceErrorDialog" />
    </operation>
  </step>

  <step id="6" name="Replace Current Selected" goto="5">
    <operation name="callMethod" value="$appComp">
      <method name="searchAndReplace">
        <param type="string">{#FR#replaceWordInput.getValue()}</param>
        <param type="string">{#FR#replaceFindInput.getValue()}</param>
        <param type="boolean">false</param>
        <param type="boolean">{#FR#repWholeWords}</param>   <!--Match Whole Word-->
        <param type="boolean">{#FR#repCase}</param>   <!--Match Case-->
      </method>
    </operation>
    <!--<operation name="decision">
      <when test="" step="5"/>
    </operation>-->
  </step>

  <step id="preReplaceAll" name="Checks if inputs have any data.">
    <alias name="replaceWordValue" value="{#FR#replaceWordInput.getValue()}" model="value"/>
    <alias name="replaceFindValue" value="{#FR#replaceFindInput.getValue()}" model="value"/>
    <operation name="decision">
      <when test="'{$replaceWordValue}' != '' and '{$replaceFindValue}' != ''" step="7"/>
      <otherwise step="replaceErrorDialog" />
    </operation>
  </step>

  <step id="7" name="Find and Replace All">
    <operation name="callMethod" value="$appComp">
      <method name="searchAndReplace">
        <param type="string">{#FR#replaceWordInput.getValue()}</param>
        <param type="string">{#FR#replaceFindInput.getValue()}</param>
        <param type="boolean">true</param>
        <param type="boolean">{#FR#repWholeWords}</param>   <!--Match Whole Word-->
        <param type="boolean">{#FR#repCase}</param>   <!--Match Case-->
      </method>
    </operation>
  </step>

  <step id="8" name="Find All">
    <operation name="callMethod" value="$appComp">
      <method name="findAll">
        <param type="string">{#FR#findInput.getValue()}</param>
        <param type="boolean">{#FR#findWholeWords}</param>   <!--Match Whole Word-->
        <param type="boolean">{#FR#findCase}</param>   <!--Match Case-->
      </method>
    </operation>
  </step>

  <step id="9" name="Shows Label Line Do Not Exist">
    <operation name="callMethod" value="#Goto#lblNoLine">
      <method name="setValue">
        <param type="string">{get-label('Line Number Do Not Exist')}</param>
      </method>
    </operation>
  </step>

  <step id="10" name="Show Application" goto="12">
    <operation name="open" value="xios/apps/system/findReplace.xml"/>
    <alias name="appComp" value="!"/>
  </step>

  <step id="11" name="Select find Panel">
    <operation name="callMethod" value="#FR#findTab">
      <method name="selectTab">
        <param type="string">findPanel</param>
      </method>
    </operation>
  </step>

  <step id="12" name="Select replace Panel">
    <operation name="callMethod" value="#FR#findTab">
      <method name="selectTab">
        <param type="string">replacePanel</param>
      </method>
    </operation>
    <operation name="action" value="#FR">
      <component name="replaceFindInput" action="activate"/>
    </operation>
  </step>

  <step id="20" name="Close application, unbind takeEnter">
    <operation name="callMethod" value="$appComp">
      <method name="releaseEnter"/>
    </operation>
  </step>

  <step id="21" name="Enable FindAll">
    <!--<operation name="debug" value="j"></operation>-->
    <!--<operation name="callMethod" value="#FR#btFindAll">
      <method name="enable"/>
    </operation>-->
    <operation name="action" value="#FR">
      <component name="btFindAll" action="hide"/>
    </operation>
  </step>

  <step id="replaceErrorDialog" name="Error dialog">
    <operation name="open" value="xios/apps/system/dialog.xml">
      <name>ReplaceError</name>
    </operation>
    <operation name="action" value="#ReplaceError">
      <component name="Cancel" action="hide"/>
    </operation>
    <operation name="callMethod" value="#ReplaceError">
      <method name="setTitle">
        <param type="string">{get-label('Replace error')}</param>
      </method>
    </operation>
    <operation name="callMethod" value="#ReplaceError#Label">
      <method name="setValue">
        <param type="string">{get-label('enterBothFields')}</param>
      </method>
    </operation>
    <operation name="callMethod" value="#ReplaceError#OK">
      <method name="setValue">
        <param type="string">{get-label('OK')}</param>
      </method>
    </operation>
    <operation name="callMethod" value="#ReplaceError#Cancel">
      <method name="setValue">
        <param type="string"></param>
      </method>
    </operation>
    <operation name="callMethod" value="#ReplaceError#Label">
      <method name="activate"/>
    </operation>
  </step>

  <step id="closeReplaceError" name="Closes Dialog">
    <operation name="close" value="ReplaceError"/>
  </step>

  <step id="updateFindButtons" name="Update find related buttons">
    <alias name="findValue" value="{#FR#findInput.getValue()}" model="value"/>
    <operation name="decision">
      <when test="'{$findValue}' = ''" step="disableFindButtons"/>
      <otherwise step="enableFindButtons"/>
    </operation>
  </step>

  <step id="enableFindButtons" name="Enable find related buttons">
    <operation name="action" value="#FR">
      <component name="btFindAll" action="enable"/>
      <component name="findPrev" action="enable"/>
      <component name="findNext" action="enable"/>
    </operation>
    <operation name="action" value="#FR">
      <component name="findNext" action="activate"/>
    </operation>
  </step>

  <step id="disableFindButtons" name="Disable find related buttons">
    <operation name="action" value="#FR">
      <component name="btFindAll" action="disable"/>
      <component name="findPrev" action="disable"/>
      <component name="findNext" action="disable"/>
    </operation>
  </step>

  <step id="updateReplaceButtons" name="Update replace related buttons">
    <alias name="replaceFindValue" value="{#FR#replaceFindInput.getValue()}" model="value"/>
    <operation name="decision">
      <when test="'{$replaceFindValue}' = ''" step="disableReplaceButtons"/>
      <otherwise step="enableReplaceButtons"/>
    </operation>
  </step>

  <step id="enableReplaceButtons" name="Enable replace related buttons">
    <operation name="action" value="#FR">
      <component name="repAll" action="enable"/>
      <component name="repNext" action="enable"/>
      <component name="findRep" action="enable"/>
    </operation>
    <operation name="action" value="#FR">
      <component name="findRep" action="activate"/>
    </operation>
  </step>

  <step id="disableReplaceButtons" name="Disable replace related buttons">
    <operation name="action" value="#FR">
      <component name="repAll" action="disable"/>
      <component name="repNext" action="disable"/>
      <component name="findRep" action="disable"/>
    </operation>
  </step>

  <step id="releaseEnter" name="Enable replace related buttons">
    <operation name="callMethod" value="$appComp">
      <method name="releaseEnter"/>
    </operation>
  </step>
  
  <step id="captureEnter" name="Enable replace related buttons">
    <operation name="decision">
      <when test="'{$enterView}' != ''">
        <operation name="callMethod" value="$appComp">
          <method name="takeEnter">
            <param type="string">#FR:{$instance}#{$enterView}</param>
          </method>
        </operation>
      </when>
    </operation>
  </step>

</process>
