<?xml version="1.0"?>

<process name="FP" author="Glenn Stenbring">
  <trigger view="FP" event="Escape" step="2"/>
  <trigger view="FP" component="close" event="Select" step="2"/>
  <trigger view="FP" component="ok" event="Select" step="3"/>
  <trigger view="FP" component="fontListview" event="Select" step="4"/>
  <trigger view="FP" component="sizeSlider" event="Select" step="5"/>
  <trigger view="FP" component="radioBold" event="Select" step="19"/>
  <trigger view="FP" component="radioBold" event="Release" step="20"/>
  <trigger view="FP" component="radioItalic" event="Select" step="8"/>
  <trigger view="FP" component="radioItalic" event="Release" step="9"/>
  <trigger view="FP" component="radioUnderline" event="Select" step="7"/>
  <trigger view="FP" component="radioUnderline" event="Release" step="6"/>
  <trigger view="FP" component="font_style_group" event="Select" step="22"/>

  <step id="1" name="Show Application">
    <operation name="open" value="xios/apps/system/font.xml"/>
    <alias name="Settings" value="!"/>

    <alias name="startFamily" value="{$Settings#/settings/font/@family}"/>
    <alias name="startWeight" value="{$Settings#/settings/font/@weight}"/>
    <alias name="startSize" value="{$Settings#/settings/font/@size}"/>
    <alias name="startWrap" value="{$Settings#/settings/font/@wrap}"/>

    <alias name="fontFamily" value="{$Settings#/settings/font/@family}"/>
    <alias name="fontWeight" value="{$Settings#/settings/font/@weight}"/>
    <alias name="fontSize" value="{$Settings#/settings/font/@size}"/>
    <alias name="fontWrap" value="{$Settings#/settings/font/@wrap}"/>

    <alias name="appComp" value="$textcomponent"/>

    <operation name="bind" value="xios/apps/system/data/fonts.xml">
      <component view="FP" name="fontListview" select="/fonts"/>
      <component view="FP" name="preview" select="/fonts"/>
    </operation>

    <operation name="setSelection">
      <component view="FP" name="fontListview">
        <item select="font[@name='{$fontFamily}']"/>
      </component>
    </operation>

    <operation name="decision">
    	<when test="'{$name}' = 'Console' or '{$name}' = 'Notepad' or '{$name}' = 'XML Editor'" step="showRadioFontProp"/>
      <otherwise step="showCheckboxFontProp"/>
    </operation>
    
    <operation name="decision">
      <when test="'{$startSize}' != ''" step="13"/>
    </operation>
  </step>

  <step id="2" name="Close Application">
    <!--<operation name="change" value="#tempsettingsname">
      <delete select="/settings"/>
    </operation>-->
    <operation name="close" value="FP"/>
  </step>

  <step id="3" name="Use Settings">
    <operation name="callMethod" value="$appComp">
      <method name="setFont">
        <param type="string">{$fontFamily}</param>
        <param type="string">{$fontWeight}</param>
        <param type="string">{$fontSize}</param>
      </method>
    </operation>

    <operation name="change" value="$Settings">
      <store type="replace" select="/settings/font">
        <font family="{$fontFamily}" weight="{$fontWeight}" size="{$fontSize}" wrap="{$fontWrap}"/>
      </store>
    </operation>

    <operation name="save" value="$Settings"/>
    <operation name="close" value="FP"/>
  </step>


  <step id="4" name="Set Font Type" goto="21">
    <alias name="fontFamily" value="!#@name"/>
    <operation name="callMethod" value="#FP#preview">
      <method name="setParam">
        <param type="string">fontF</param>
        <param type="string">{$fontFamily}</param>
      </method>
    </operation>
  </step>

  <step id="5" name="Set font size" goto="21">
    <alias name="fontSize" value="#FP#sizeSlider"/>
    <operation name="callMethod" value="#FP#preview">
      <method name="setParam">
        <param type="string">fontS</param>
        <param type="string">{$fontSize}</param>
      </method>
    </operation>
  </step>

  <step id="6" name="Remove underline font" goto="21">
    <alias name="fontWeight" value="normal" model="value"/>
    <operation name="callMethod" value="#FP#preview">
      <method name="setParam">
        <param type="string">fontU</param>
        <param type="string">normal</param>
      </method>
    </operation>
  </step>

  <step id="7" name="Set font to Underline" goto="21">
    <operation name="callMethod" value="#FP#bold">
      <method name="setValue">
        <param type="string">false</param>
      </method>
    </operation>
    <operation name="callMethod" value="#FP#italic">
      <method name="setValue">
        <param type="string">false</param>
      </method>
    </operation>

    <alias name="fontWeight" value="underline" model="value"/>
    <operation name="callMethod" value="#FP#preview">
      <method name="setParam">
        <param type="string">fontU</param>
        <param type="string">underline</param>
      </method>
      <method name="setParam">
        <param type="string">fontI</param>
        <param type="string">normal</param>
      </method>
      <method name="setParam">
        <param type="string">fontW</param>
        <param type="string">normal</param>
      </method>
    </operation>
  </step>

  <step id="8" name="Set font to Italic" goto="21">
    <operation name="callMethod" value="#FP#bold">
      <method name="setValue">
        <param type="string">false</param>
      </method>
    </operation>
    <operation name="callMethod" value="#FP#underline">
      <method name="setValue">
        <param type="string">false</param>
      </method>
    </operation>

    <alias name="fontWeight" value="italic" model="value"/>
    <operation name="callMethod" value="#FP#preview">
      <method name="setParam">
        <param type="string">fontI</param>
        <param type="string">italic</param>
      </method>
      <method name="setParam">
        <param type="string">fontU</param>
        <param type="string">normal</param>
      </method>
      <method name="setParam">
        <param type="string">fontW</param>
        <param type="string">normal</param>
      </method>
    </operation>
  </step>

  <step id="9" name="Remove italic font" goto="21">
    <alias name="fontWeight" value="normal" model="value"/>
    <operation name="callMethod" value="#FP#preview">
      <method name="setParam">
        <param type="string">fontI</param>
        <param type="string">normal</param>
      </method>
    </operation>
  </step>

  <step id="19" name="Set font to Bold" goto="21">
    <operation name="callMethod" value="#FP#underline">
      <method name="setValue">
        <param type="string">false</param>
      </method>
    </operation>
    <operation name="callMethod" value="#FP#italic">
      <method name="setValue">
        <param type="string">false</param>
      </method>
    </operation>

    <alias name="fontWeight" value="bold" model="value"/>
    <operation name="callMethod" value="#FP#preview">
      <method name="setParam">
        <param type="string">fontW</param>
        <param type="string">bold</param>
      </method>
      <method name="setParam">
        <param type="string">fontU</param>
        <param type="string">none</param>
      </method>
      <method name="setParam">
        <param type="string">fontI</param>
        <param type="string">normal</param>
      </method>
    </operation>
  </step>

  <step id="20" name="Remove bold font" goto="21">
    <alias name="fontWeight" value="normal" model="value"/>
    <operation name="callMethod" value="#FP#preview">
      <method name="setParam">
        <param type="string">fontW</param>
        <param type="string">normal</param>
      </method>
    </operation>
  </step>

  <step id="21" name="Update Preview Window">
    <operation name="call" value="updateLater">
      <yield/>
    </operation>
  </step>

  <step id="updateLater">
    <operation name="callMethod" value="#FP#preview">
      <method name="updateRedraw"/>
    </operation>
  </step>

  <step id="13" name="Startup Fontsettings" goto="21">
    <!--<operation name="decision">
      <when test="'{$startFamily}' != ''" step="18"/>
    </operation>-->



    <operation name="callMethod" value="#FP#sizeSlider">
      <method name="setValue">
        <param type="integer">{$startSize}</param>
      </method>
    </operation>

    <operation name="callMethod" value="#FP#preview">
      <method name="setParam">
        <param type="string">fontS</param>
        <param type="string">{$startSize}</param>
      </method>
    </operation>
    <operation name="decision">
      <when test="'{$name}' = 'Console' or '{$name}' = 'Notepad' or '{$name}' = 'XML Editor'">
        <operation name="decision">
          <when test="'{$startWeight}' = 'bold'" step="selectRadioBold"/>
          <when test="'{$startWeight}' = 'italic'" step="selectRadioItalic"/>
          <when test="'{$startWeight}' = 'underline'" step="selectRadioUnderline"/>
          <otherwise step="selectRadioNormal"/>
        </operation>
      </when>
      <otherwise>
        <operation name="decision">
          <when test="'{$startWeight}' = 'bold'" step="15"/>
          <when test="'{$startWeight}' = 'italic'" step="16"/>
          <when test="'{$startWeight}' = 'underline'" step="17"/>
        </operation>
      </otherwise>
    </operation>

    <!--<operation name="bind" value="xios/apps/system/data/fonts.xml">
      <component view="FP" name="preview" select="/fonts"/>
    </operation>-->
  </step>

  <step id="15" name="Set Radio; bold">
    <operation name="callMethod" value="#FP#bold">
      <method name="setValue">
        <param type="string">true</param>
      </method>
    </operation>
  </step>

  <step id="16" name="Set Radio; italic">
    <operation name="callMethod" value="#FP#italic">
      <method name="setValue">
        <param type="string">true</param>
      </method>
    </operation>
  </step>

  <step id="17" name="Set Radio; underline">
    <operation name="callMethod" value="#FP#underline">
      <method name="setValue">
        <param type="string">true</param>
      </method>
    </operation>
  </step>

  <step id="18" name="Set Font">
    <operation name="setSelection">
      <component view="FP" name="fontListview">
        <item select="/fonts/font[@name = '{$startFamily}']"/>
      </component>
    </operation>
  </step>

  <step id="22" name="">
    <operation name="decision">
    	<when test="'{#FP#font_style_group}' = 'bold'" step="selectRadioToBold"/>
      <when test="'{#FP#font_style_group}' = 'italic'" step="selectRadioToItalic"/>
      <when test="'{#FP#font_style_group}' = 'underline'" step="selectRadioToUnderline"/>
    </operation>
  </step>

  <step id="showRadioFontProp" name="">
    <operation name="action" value="#FP">
    	<component name="radioFontProp" action="show"/>
      <component name="checkboxFontProp" action="hide"/>
    </operation>
  </step>

  <step id="showCheckboxFontProp" name="">
    <operation name="action" value="#FP">
    	<component name="radioFontProp" action="hide"/>
      <component name="checkboxFontProp" action="show"/>
    </operation>
  </step>

  <step id="selectRadioBold" name="Set Radio; bold">
    <operation name="callMethod" value="#FP#font_style_group">
      <method name="setValue">
        <param type="string">bold</param>
      </method>
    </operation>
  </step>

  <step id="selectRadioItalic" name="Set Radio; italic">
    <operation name="callMethod" value="#FP#font_style_group">
      <method name="setValue">
        <param type="string">italic</param>
      </method>
    </operation>
  </step>
  
  <step id="selectRadioUnderline" name="Set Radio; underline">
    <operation name="callMethod" value="#FP#font_style_group">
      <method name="setValue">
        <param type="string">underline</param>
      </method>
    </operation>
  </step>

  <step id="selectRadioNormal" name="Set Radio; normal">
    <operation name="callMethod" value="#FP#font_style_group">
      <method name="setValue">
        <param type="string">normal</param>
      </method>
    </operation>
  </step>

  <step id="selectRadioToBold" name="Set font to Bold" goto="21">
    <alias name="fontWeight" value="bold" model="value"/>
    <operation name="callMethod" value="#FP#preview">
      <method name="setParam">
        <param type="string">fontW</param>
        <param type="string">bold</param>
      </method>
      <method name="setParam">
        <param type="string">fontU</param>
        <param type="string">normal</param>
      </method>
      <method name="setParam">
        <param type="string">fontI</param>
        <param type="string">normal</param>
      </method>
    </operation>
  </step>
  
  <step id="selectRadioToItalic" name="Set font to Bold" goto="21">
    <alias name="fontWeight" value="italic" model="value"/>
    <operation name="callMethod" value="#FP#preview">
      <method name="setParam">
        <param type="string">fontI</param>
        <param type="string">italic</param>
      </method>
      <method name="setParam">
        <param type="string">fontU</param>
        <param type="string">normal</param>
      </method>
      <method name="setParam">
        <param type="string">fontW</param>
        <param type="string">normal</param>
      </method>
    </operation>
  </step>
  
  <step id="selectRadioToUnderline" name="Set font to Bold" goto="21">
    <alias name="fontWeight" value="underline" model="value"/>
    <operation name="callMethod" value="#FP#preview">
      <method name="setParam">
        <param type="string">fontU</param>
        <param type="string">underline</param>
      </method>
      <method name="setParam">
        <param type="string">fontI</param>
        <param type="string">normal</param>
      </method>
      <method name="setParam">
        <param type="string">fontW</param>
        <param type="string">normal</param>
      </method>
    </operation>
  </step>
  
</process>
