<?xml version="1.0"?>

<process name="groupCreate" description="Create group" author="Christer Bystrom, Daniel Jakobsson" xmlns:atom="http://www.w3.org/2005/Atom" xmlns:xlink="http://www.w3.org/1999/xlink" xmlns:fs="http://xcerion.com/folders.xsd" xmlns:fi="http://xcerion.com/fileinfo.xsd" xmlns:ni="http://xcerion.com/noindex.xsd">


  <trigger view="GC" component="browseIcon" event="Select" step="browseIcon"/>
  <trigger view="GC" component="Next" event="Select" step="navigateNext"/>
  <trigger view="GC" component="Previous" event="Select" step="navigatePrevious"/>
  <trigger view="GC" component="AddField" event="Select" step="addField"/>
  <trigger view="GC" component="RemoveField" event="Select" step="removeField"/>
  <trigger view="GC" component="DocAlert" event="Select" step="alertDoc"/>


  <step id="1">
    <alias name="processURL" value="xios/apps/system/lib/groupcreate.xml"/>

    <alias name="channel" value="{$channelName}"/>

    <operation name="decision">
      <when test="'{$channel}'=''" step="setDefaultChannel"/>
    </operation>


    <!--<operation name="open" value="xios/apps/system/groupcreate.xml"/>-->
    <operation name="open" value="xios/apps/system/lib/groupcreateUI.xml"/>
    <alias name="viewDoc" value="xios/apps/system/lib/groupcreateUI.xml"/>

    <alias name="userProfileFieldCount" value="0"/>

    <operation name="call" value="createGroupProfile"/>
    <operation name="call" value="bindGroupProfile"/>

    <alias name="currentSlide" value="0"/>
    <alias name="slideCount" value="4"/>

    <operation name="action" value="#GC">
      <component name="Previous" action="disable"/>
      <component name="Create" action="disable"/>
    </operation>
    <operation name="call" value="setDescription"/>

    <operation name="bind" value="$group">
      <!-- Bind predefined fields -->
      <component view="GC" name="userProfileField_name" select="/groupDescription/userProfileTemplate/data[@id='userProfileField_name']/@value"/>
      <component view="GC" name="userProfileField_city" select="/groupDescription/userProfileTemplate/data[@id='userProfileField_city']/@value"/>
    </operation>

    <!-- Workaround, since hide="true" on panel in view caused invalid grid-column widths -->
    <!--
    <operation name="action" value="#GC">
      <component name="slide1" action="hide"/>
      <component name="slide2" action="hide"/>
      <component name="slide3" action="hide"/>
    </operation>
    -->

  </step>

  <step id="setDefaultChannel">
    <alias name="channel" value="{#DriveManager#/drives/drive[@main = 'true']/@name}"/>
  </step>

  <step id="createGroupProfile">
    <!--<operation name="open" value="xios/apps/system/data/groupcreateTemplate.xml"/>
    <alias name="group" value="xios/apps/system/data/groupcreateTemplate.xml"/>-->
    <operation name="create" value="#GroupProfile">
      <!--{xml($group)}-->
      <groupDescription xmlns:xpc="http://xcerion.com/process/1.0" xpc:ns="http://xcerion.com/profiles/group/1.0">
        <name>{$groupName}</name>
        <owner>{$userName}</owner>
        <icon></icon>
        <logo></logo>
        <terms></terms>
        <shortDescription></shortDescription>
        <fullDescription></fullDescription>
        <keywords></keywords>
        <userProfileTemplate>
          <data id="userProfileField_name" caption="Name" component="input" indexed="true" required="true" value=""/>
          <data id="userProfileField_city" caption="City" component="input" indexed="true" required="false" value=""/>
        </userProfileTemplate>
      </groupDescription>
    </operation>

    <alias name="group" value="#GroupProfile"/>
  </step>

  <step id="bindGroupProfile">
    <operation name="bind" value="$group">
      <component view="GC" name="groupname" select="/groupDescription/name"/>
      <component view="GC" name="username" select="/groupDescription/owner"/>
      <component view="GC" name="username2" select="/groupDescription/owner"/>
      <component view="GC" name="imageIcon" select="/groupDescription/icon"/>
      <component view="GC" name="logo" select="/groupDescription/logo"/>
      <component view="GC" name="terms" select="/groupDescription/terms"/>
      <component view="GC" name="shortDescription" select="/groupDescription/shortDescription"/>
      <component view="GC" name="fullDescription" select="/groupDescription/fullDescription"/>
      <component view="GC" name="keywords" select="/groupDescription/keywords"/>
      <component view="GC" name="gridUserProfileTemplate" select="/groupDescription/userProfileTemplate"/>
      <component view="GC" name="userProfileForm" select="/groupDescription/userProfileTemplate"/>
    </operation>
  </step>

  <step id="setDescription">
    <operation name="callMethod" value="#GC#label2">
      <method name="setValue">
        <param type="string">{$viewDoc#//panel[@name = 'slide{$currentSlide}']/@description}</param>
      </method>
    </operation>
    <operation name="callMethod" value="#GC#label3">
      <method name="setValue">
        <param type="string">{$viewDoc#//panel[@name = 'slide{$currentSlide}']/@description2}</param>
      </method>
    </operation>
  </step>

  <step id="navigateNext">
    <alias name="oldSlide" value="$currentSlide"/>
    <operation name="decision" value="">
      <when test="{$currentSlide}=0" step="setNavToAfterFirst"/>
      <when test="{={$currentSlide}+1}>={={$slideCount}-1}" step="setToLast"/>
      <otherwise step="setCurrentToNext"/>
    </operation>
    <operation name="call" value="setSlide"/>
    <operation name="call" value="setDescription"/>
  </step>

  <step id="navigatePrevious">
    <alias name="oldSlide" value="$currentSlide" model="value"/>
    <operation name="decision" value="">
      <when test="{$currentSlide}=1" step="setNavToFirst"/>
      <when test="{$currentSlide}={$slideCount}-1" step="setNavToBeforeLast"/>
      <otherwise step="setCurrentToPrevious"/>
    </operation>
    <operation name="call" value="setSlide"/>
    <operation name="call" value="setDescription"/>
  </step>

  <step id="setSlide">
  <!--
    <operation name="action" value="#GC">
      <component name="slide{$oldSlide}" action="hide"/>
      <component name="slide{$currentSlide}" action="show"/>
    </operation>
    -->
    <operation name="callMethod" value="#GC#tabstrip">
      <method name="selectTab">
        <param type="string">slide{$currentSlide}</param>
      </method>
    </operation>
  </step>

  <step id="setNavToFirst" goto="setCurrentToPrevious">
    <operation name="action" value="#GC">
      <component name="Previous" action="disable"/>
    </operation>
  </step>

  <step id="setNavToAfterFirst" goto="setCurrentToNext">
    <operation name="action" value="#GC">
      <component name="Previous" action="enable"/>
    </operation>
  </step>

  <step id="setToLast" goto="setCurrentToNext">
    <operation name="action" value="#GC">
      <component name="Next" action="disable"/>
      <component name="Create" action="enable"/>
    </operation>
  </step>

  <step id="setNavToBeforeLast" goto="setCurrentToPrevious">
    <operation name="action" value="#GC">
      <component name="Next" action="enable"/>
      <component name="Create" action="disable"/>
    </operation>
  </step>

  <step id="setCurrentToNext">
    <alias name="currentSlide" value="{={$currentSlide}+1}"/>
  </step>

  <step id="setCurrentToPrevious">
    <alias name="currentSlide" value="{={$currentSlide}-1}"/>
  </step>

  <step id="setCurrentToZero">
    <alias name="currentSlide" value="0"/>
  </step>

  <step id="browseIcon">
    <operation name="open" value="apps/desktop/mediabrowser.xml">
      <context>true</context>
      <trigger value="$group#/groupDescription/icon"/>
    </operation>
  </step>

  <step id="addField">

    <!--<operation name="debug" value="#GC#gridUserProfileTemplate#//*">alert:plain</operation>-->
    <operation name="change" value="$group">
      <store type="append" select="//groupDescription/userProfileTemplate">
        <data id="userProfileField{$userProfileFieldCount}" caption="Field - {$userProfileFieldCount}" component="input" indexed="true" required="false" value=""/>
      </store>
    </operation>

    <operation name="bind" value="$group">
      <component view="GC" name="userProfileField{$userProfileFieldCount}" select="/groupDescription/userProfileTemplate/data[@id='userProfileField{$userProfileFieldCount}']/@value"/>
    </operation>

    <alias name="userProfileFieldCount" value="{={$userProfileFieldCount}+1}"/>
  </step>

  <step id="removeField">
    <operation name="decision" value="#GC#gridUserProfileTemplate">
      <when test="local-name()='data'" step="doRemoveField"/>
    </operation>
  </step>

  <step id="doRemoveField">
    <operation name="change" value="#GC#gridUserProfileTemplate">
      <delete />
    </operation>
  </step>

  <step id="alertDoc">
    <operation name="debug" value="$group#//userProfileTemplate">alert:plain</operation>
  </step>

</process>
