<?xml version="1.0"?>
<process author="Xcerion" created="2008-04-17" description="Group Wizard" name="groupwizard" revised="2009-04-28" xmlns:xs="http://www.w3.org/2001/XMLSchema">
  <trigger view="groupwizard" component="next" event="Select" step="next"/>
  <trigger view="groupwizard" component="previous" event="Select" step="previous"/>
  <trigger view="groupwizard" component="create" event="Select" step="create"/>
  <trigger view="groupwizard" component="groupname" event="Key" step="tabcheck"/>
  <trigger view="groupwizard" component="shortdescription" event="Key" step="tabcheck"/>
  <trigger view="groupwizard" component="fulldescription" event="Key" step="tabcheck"/>
  <trigger view="groupwizard" component="username" event="Key" step="tabcheck"/>
  <trigger view="groupwizard" component="joinAnyone" event="Select" step="tabcheck"/>
  <trigger view="groupwizard" component="joinReview" event="Select" step="tabcheck"/>
  <trigger view="groupwizard" component="joinInvite" event="Select" step="tabcheck"/>
  <trigger view="groupwizard" component="joinAdminInvite" event="Select" step="tabcheck"/>

  <trigger view="groupwizard" component="invite" event="Select" step="invite"/>

  <!-- triggers to use from dialog -->
  <trigger event="CreateSuccess" step="success"/>
  <trigger event="CreateError" step="error"/>

  <!-- grid -->
  <trigger view="groupwizard" component="AddField" event="Select" step="addField"/>
  <trigger view="groupwizard" component="RemoveField" event="Select" step="removeField"/>

  <!-- ... -->
  <trigger view="groupwizard" component="iconlocation" event="Key" step="iconlocationchange"/>
  <trigger view="groupwizard" component="iconlocation" event="Change" step="updateiconlocation"/>

  <!-- button -->
  <trigger view="groupwizard" component="browseIcon" event="Select" step="browseIcon"/>
  <trigger view="groupwizard" component="clearterms" event="Select" step="clearterms"/>

  <step id="1">
    <alias name="grouptype" value="" model="global"/>
    <alias name="view" value="xios/apps/system/views/groupwizard.xml"/>
    <operation name="open" value="$view"/>
    <alias name="userName" value="{$main}://searchUser()#/atom:feed/atom:entry/atom:title"/>
    <alias name="curtab" value="1"/>
    <operation name="call" value="tabenter"/>
    <operation name="call" value="tabcheck"/>
    <operation name="call" value="createGroupProfile"/>
    <alias name="userProfileFieldCount" value="1"/>
    <operation name="call" value="bind"/>
    <alias name="grouptype" value="closed"  model="global"/> <!-- default value -->
    <operation name="action" value="#groupwizard">
      <component name="joinInvite" action="select"/>
    </operation>
    <operation name="callMethod" value="#groupwizard#joinAdminInvite">
      <method name="setValue">
        <param type="string">true</param>
      </method>
    </operation>

    <!-- setting group to hidden - programmatically due to a bug when reading ui checked="true" -->
    <operation name="callMethod" value="#groupwizard#grouphidden">
      <method name="setValue">
        <param type="string">false</param>
      </method>
    </operation>
  </step>

  <step id="bind">
    <operation name="bind" value="$group">
      <component view="groupwizard" name="groupname" select="/groupDescription/name"/>
      <component view="groupwizard" name="username" select="/groupDescription/owner"/>
      <component view="groupwizard" name="icon" select="/groupDescription/icon"/>
      <component view="groupwizard" name="logo" select="/groupDescription/logo"/>
      <component view="groupwizard" name="terms" select="/groupDescription/terms"/>
      <component view="groupwizard" name="keywords" select="/groupDescription/keywords"/>
      <component view="groupwizard" name="shortdescription" select="/groupDescription/shortDescription"/>
      <component view="groupwizard" name="fulldescription" select="/groupDescription/fullDescription"/>
      <component view="groupwizard" name="gridUserProfileTemplate" select="/groupDescription/userProfileTemplate/xs:schema"/><!--*@[local-name()='schema' and namespace-uri()='http://www.w3.org/2001/XMLSchema']"/> -->
    </operation>
  </step>

  <step id="createGroupProfile">
    <alias name="group_pre" model="newsilent">
      <groupDescription xmlns:xpc="http://xcerion.com/process/1.0" xpc:ns="http://xcerion.com/profiles/group/1.0">
        <name>{$groupName}</name>
        <owner>{$userName}</owner>
        <icon></icon>
        <logo></logo>
        <terms></terms>
        <shortDescription></shortDescription>
        <fullDescription></fullDescription>
        <keywords></keywords>
        <userProfileTemplate>
        </userProfileTemplate>
      </groupDescription>
    </alias>
    <alias name="group_pre2" value="$group_pre" model="value"/>
    <alias name="group" value="$group_pre2" model="global"/>
  </step>

  <step id="next">
    <alias name="curtab" value="={$curtab} + 1"/>
    <!-- hack for skipping tab5 and tab6 -->
    <operation name="decision">
      <when test="{$curtab} = 4">
        <alias name="curtab" value="={$curtab} + 2"/>
      </when>
    </operation>

    <operation name="decision">
      <when test="{$curtab} = 8">
        <!-- generateDynamic Template -->
        <operation name="close" value="ProfileUI">
          <mode>document</mode>
        </operation>
        <operation name="create" value="#ProfileUI">
          <view/>
        </operation>

        <operation name="change" value="#ProfileUI">
          <store type="replace" select="/view" transformer="xios/apps/system/resources/groupwizardtemplate.xsl">
            {xml($group#/groupDescription)}
          </store>
        </operation>

        <operation name="callMethod" value="#groupwizard#templateGroup">
          <method name="setValue">
            <param type="string">template</param>
          </method>
        </operation>
      </when>
    </operation>

    <operation name="callMethod" value="#groupwizard#tabstrip">
      <method name="selectTab">
        <param type="string">tab{$curtab}</param>
      </method>
    </operation>
    <operation name="call" value="tabenter{$curtab}"/>
    <operation name="call" value="tabcheck"/>
  </step>

  <step id="previous">
    <alias name="curtab" value="={$curtab} - 1"/>

    <!-- hack for skipping tab5 -->
    <operation name="decision">
      <when test="{$curtab} = 5">
        <alias name="curtab" value="={$curtab} - 2"/>
      </when>
    </operation>

    <operation name="callMethod" value="#groupwizard#tabstrip">
      <method name="selectTab">
        <param type="string">tab{$curtab}</param>
      </method>
    </operation>

    <operation name="call" value="tabenter{$curtab}"/>
    <operation name="call" value="tabcheck"/>
  </step>

  <step id="tabenter">
    <operation name="call" value="tabenter{$curtab}"/>
  </step>

  <step id="tabcheck">
    <operation name="call" value="tabcheck{$curtab}"/>
  </step>

  <step id="tabenter1">
    <operation name="action" value="#groupwizard">
      <component name="groupname" action="activate"/>
    </operation>
    <operation name="call" value="disableprevious"/>
  </step>

  <step id="tabcheck1">
    <alias name="groupnameValue" value="{#groupwizard#groupname.getValue()}"/>
    <operation name="decision">
      <when test="translate('{$groupnameValue}',' ','')=''" step="disablenext"/>
      <otherwise step="enablenext"/>
    </operation>
    <operation name="decision">
      <when test="translate('{$groupnameValue}',' ','')=''" step="disablecreate"/>
      <otherwise step="enablecreate"/>
    </operation>
    <operation name="decision">
      <when test="contains('{$groupnameValue}',',')">
        <alias name="nocommaname" value="{='{$groupnameValue}'.replace(',','')}"/>
        <operation name="callMethod" value="#groupwizard#groupname">
          <method name="setValue">
            <param type="string">{$nocommaname}</param>
          </method>
        </operation>
      </when>
    </operation>
  </step>

  <step id="tabenter2">
    <operation name="action" value="#groupwizard">
      <component name="shortdescription" action="activate"/>
    </operation>
    <operation name="call" value="enableprevious"/>
  </step>

  <step id="tabcheck2">
    <operation name="decision">
      <when test="translate('{#groupwizard#shortdescription.getValue()}',' ','')=''" step="enablenext" oldstep="disablenext"/>
      <otherwise step="enablenext"/>
    </operation>
  </step>

  <step id="tabenter3">
    <operation name="action" value="#groupwizard">
      <component name="fulldescription" action="activate"/>
    </operation>
    <operation name="call" value="enableprevious"/>
  </step>

  <step id="tabcheck3">
    <operation name="decision">
      <when test="translate('{#groupwizard#fulldescription.getValue()}',' ','')=''" step="enablenext" oldstep="disablenext"/>
      <otherwise step="enablenext"/>
    </operation>
  </step>

  <step id="tabenter4">
    <operation name="action" value="#groupwizard">
      <component name="iconlocation" action="activate"/>
    </operation>
    <operation name="call" value="enablenext"/>
    <operation name="call" value="enableprevious"/>
  </step>

  <step id="tabcheck4"/>

  <step id="tabenter5">
    <operation name="action" value="#groupwizard">
      <component name="imagelocation" action="activate"/>
    </operation>
  </step>

  <step id="tabcheck6">
    <alias name="grouptype" value="{#groupwizard#groupType}" model="global"/>
    <operation name="decision">
      <when test="'{$grouptype}'='invite'">
        <operation name="action" value="#groupwizard">
          <component name="joinAdminInvite" action="enable"/>
        </operation>
      </when>
      <otherwise>
        <operation name="action" value="#groupwizard">
          <component name="joinAdminInvite" action="disable"/>
        </operation>
      </otherwise>
    </operation>

    <operation name="decision">
      <when test="'{$grouptype}'='invite' and '{#groupwizard#joinAdminInvite}' = 'true'">
        <alias name="grouptype" value="closed"  model="global"/>
      </when>
    </operation>
  </step>

  <step id="tabenter6"/>

  <step id="tabcheck7"/>
  <step id="tabenter7"/>

  <step id="tabcheck8"/>
  <step id="tabenter8">
    <operation name="action" value="#groupwizard">
      <component name="terms" action="activate"/>
    </operation>
    <operation name="call" value="enablenext"/>
  </step>

  <step id="tabcheck9">
    <operation name="decision">
      <when test="translate('{#groupwizard#username.getValue()}',' ','')=''" step="disablefinish"/>
      <otherwise step="enablefinish"/>
    </operation>
  </step>

  <step id="tabenter9">
    <operation name="call" value="showfinish"/>
    <operation name="action" value="#groupwizard">
      <component name="username" action="activate"/>
    </operation>
  </step>

  <step id="disablenext">
    <operation name="action" value="#groupwizard">
      <component name="next" action="disable"/>
      <component name="create" action="disable"/>
    </operation>
  </step>

  <step id="enablenext">
    <operation name="action" value="#groupwizard">
      <component name="next" action="enable"/>
      <component name="create" action="enable"/>
    </operation>
  </step>

  <step id="disablecreate">
    <operation name="action" value="#groupwizard">
      <component name="create" action="disable"/>
    </operation>
  </step>

  <step id="enablecreate">
    <operation name="action" value="#groupwizard">
      <component name="create" action="enable"/>
    </operation>
  </step>

  <step id="disableprevious">
    <operation name="action" value="#groupwizard">
      <component name="previous" action="hide"/>
    </operation>
  </step>

  <step id="enableprevious">
    <operation name="action" value="#groupwizard">
      <component name="previous" action="show"/>
    </operation>
  </step>

  <step id="showfinish">
    <operation name="action" value="#groupwizard">
      <component name="next" action="disable"/>
      <component name="create" action="show"/>
    </operation>
  </step>

  <step id="enablefinish">
    <operation name="action" value="#groupwizard">
      <component name="create" action="enable"/>
    </operation>
  </step>

  <step id="disablefinish">
    <operation name="action" value="#groupwizard">
      <component name="create" action="disable"/>
    </operation>
  </step>

  <step id="browseIcon">
    <operation name="open" value="apps/desktop/mediabrowser.xml">
      <context>true</context>
      <trigger value="#groupwizard#iconlocation"/>
    </operation>
  </step>

  <step id="iconlocationchange">
    <operation name="decision">
      <when test="contains('{#groupwizard#iconlocation.getValue()}', '.png')" step="updateiconlocation"/>
    </operation>
  </step>

  <step id="updateiconlocation">
    <operation name="callMethod" value="#groupwizard#icon">
      <method name="setValue">
        <param type="string">{#groupwizard#iconlocation.getValue()}</param>
      </method>
    </operation>
  </step>

  <step id="addField">
    <operation name="change" value="$group">
      <store type="append" select="//groupDescription/userProfileTemplate">
        <xs:element name="userProfileField{$userProfileFieldCount}">
          <xs:annotation>
            <xs:appinfo>
              <label>Field {$userProfileFieldCount}</label>
              <indexed>true</indexed>
              <required>false</required>
            </xs:appinfo>
          </xs:annotation>
        </xs:element>
      </store>
    </operation>
    <operation name="bind" value="$group">
      <component view="groupwizard" name="userProfileField{$userProfileFieldCount}" select="/groupDescription/userProfileTemplate/data[@id='userProfileField{$userProfileFieldCount}']/@value"/>
    </operation>
    <alias name="userProfileFieldCount" value="{={$userProfileFieldCount}+1}"/>
  </step>

  <step id="clearterms">
    <operation name="change" value="#groupwizard#terms">
      <delete/>
    </operation>
  </step>

  <step id="success">
    <alias name="groupName" value="{#groupwizard#groupname}" model="value"/>
    <alias name="groupTitle" value="get-label('groupCreatedOK', 'groupName:{$groupName}')" model="value"/>
    <operation name="callMethod" value="#groupwizard#labelSuccess">
      <method name="setValue">
        <param type="string">{$groupTitle}</param>
      </method>
    </operation>

    <operation name="callMethod" value="#groupwizard#tabstrip">
      <method name="selectTab">
        <param type="string">tab_success</param>
      </method>
    </operation>
    <operation name="action" value="#groupwizard">
      <component name="panelProgress" action="hide"/>
      <component name="create" action="hide"/>
      <component name="finish" action="show"/>
      <component name="cancel" action="hide"/>
      <component name="next" action="hide"/>
      <component name="previous" action="hide"/>
    </operation>
  </step>

  <step id="error">
    <alias name="groupName" value="{#groupwizard#groupname}" model="value"/>
    <alias name="groupTitle" value="get-label('groupCreatedError', 'groupName:{$groupName}')" model="value"/>
    <operation name="callMethod" value="#groupwizard#labelError">
      <method name="setValue">
        <param type="string">{$groupTitle}</param>
      </method>
    </operation>

    <operation name="callMethod" value="#groupwizard#tabstrip">
      <method name="selectTab">
        <param type="string">tab_error</param>
      </method>
    </operation>
    <operation name="action" value="#groupwizard">
      <component name="panelProgress" action="hide"/>
      <component name="create" action="hide"/>
      <component name="finish" action="show"/>
      <component name="next" action="hide"/>
      <component name="cancel" action="hide"/>
      <component name="previous" action="hide"/>
    </operation>
  </step>

  <step id="create">
    <operation name="decision">
      <when test="'{$curtab}'='9'" step="create_final"/>
      <otherwise>
        <alias name="curtab" value="9"/>
        <operation name="callMethod" value="#groupwizard#tabstrip">
          <method name="selectTab">
            <param type="string">tab10</param>
          </method>
        </operation>
        <operation name="call" value="tabenter9"/>
        <operation name="call" value="create_final">
          <yield/>
        </operation>
      </otherwise>
    </operation>
  </step>

  <step id="create_final">
    <operation name="action" value="#groupwizard">
      <component name="panelProgress" action="show"/>
      <component name="create" action="disable"/>
      <component name="previous" action="disable"/>
      <component name="username" action="disable"/>
      <component name="cancel" action="disable"/>
    </operation>
  </step>

  <step id="invite">
    <alias name="inviteGroupname" value="{#groupwizard#groupname.getValue()}"/>
    <operation name="open" value="xios/apps/system/processes/inviteusers.xml">
      <trigger value="{$inviteGroupname}"/>
    </operation>
  </step>
</process>
