<?xml version="1.0"?>
<process name="inviteusers" xmlns:atom="http://www.w3.org/2005/Atom" xmlns:dc="http://xcerion.com/directory.xsd">

	<trigger view="inviteusers" component="search" event="Select"  step="search"/>
	<trigger view="inviteusers" component="add" event="Select"  step="add"/>
	<trigger view="inviteusers" component="results" event="DoubleClick"  step="add"/>
	<trigger view="inviteusers" component="delete" event="Select"  step="delete"/>
	<trigger view="inviteusers" component="selected" event="DoubleClick"  step="delete"/>

	<trigger view="inviteusers" component="results" event="Select" step="enableAdd"/>
	<trigger view="inviteusers" component="selected" event="Select" step="enableDelete"/>
	
	<trigger view="inviteusers" component="invite" event="Select" step="invite"/>

	<trigger view="inviteusers" component="cancel" event="Select" step="close"/>
	<trigger view="inviteusers" component="done" event="Select" step="close"/>

  <trigger view="inviteusers" component="selected" event="Drop" step="handleDrop"/>
	
	<step id="1">
		<alias name="groupname" value="{= '{!}' ? '{!}' : 'group'}"/>
		<alias name="VIEW" value="xios/apps/system/views/inviteusers.xml"/>
		<operation name="open" value="$VIEW"/>
		
		<operation name="action" value="#inviteusers">
			<component name="done" action="hide"/>
		</operation>
		
		<alias name="mainChannel" value="{#DriveManager#/drives[1]/drive[@main = 'true']/@name}"/>
		<alias name="selected" model="newsilent">
			<atom:feed xmlns:atom="http://www.w3.org/2005/Atom" xmlns:dc="http://xcerion.com/directory.xsd" listtype="selected">
			</atom:feed>
		</alias>
		<operation name="bind" value="$selected">
			<component view="inviteusers" name="selected" select="/"/>
		</operation>
		
		<operation name="call" value="disableAdd"/>
		<operation name="call" value="disableDelete"/>
		<operation name="call" value="disableInvite"/>
		
		<operation name="callMethod" value="#inviteusers">
			<method name="setTitle">
				<param type="string">{get-label('Invite users to group')} '{$groupname}'</param>
			</method>
		</operation>

	</step>

	<step id="search">
		<alias name="query" value="{#inviteusers#query.getValue()}"/>
    <alias name="resultsAuthor" value="{$main}://searchUser(author:{$query}*,{$mainChannel})"/>
    <alias name="resultsTitle" value="{$main}://searchUser(title:{$query}*,{$mainChannel})"/>
		
		<alias name="results" model="newsilent">
			<atom:feed xmlns:atom="http://www.w3.org/2005/Atom" xmlns:dc="http://xcerion.com/directory.xsd">
			</atom:feed>
		</alias>
		
		<operation name="change" value="$results">
			<store type="append" select="/atom:feed">
				{xml($resultsAuthor#//atom:entry)}
			</store>
		</operation>

		<operation name="change" value="$results">
			<store type="append" select="/atom:feed">
				{xml($resultsTitle#//atom:entry)}
			</store>
		</operation>
		
		<!-- TODO: transformer to weed out double matches and matches already in selected document -->
		
		<!--
		<operation name="debug" value="$results">alert:plain</operation>
		-->
		<operation name="bind" value="$results">
			<component view="inviteusers" name="results" select="/"/>
		</operation>
	</step>
	
	
	<step id="add">
		<alias name="userentry" value="#inviteusers#results#"/>
		<operation name="call" value="dropAdd"/>
	</step>
	
	<step id="delete">
		<operation name="change" value="$results">
			<store type="append" select="/atom:feeds/atom:feed">
				{xml(#inviteusers#selected)}
			</store>
		</operation>
		<operation name="change" value="#inviteusers#selected">
			<delete/>
		</operation>
		<operation name="decision" value="#inviteusers#selected#/">
		  <when test="count(atom:entry) &lt; 1" step="disableInvite"/>
		</operation>
		<operation name="decision" value="#inviteusers#selected">
		  <when test="not(atom:title)" step="disableDelete"/>
		</operation>
		
		
	</step>
	
	<step id="enableAdd">
		<operation name="action" value="#inviteusers">
			<component name="add" action="enable"/>
		</operation>
	</step>
	<step id="disableAdd">
		<operation name="action" value="#inviteusers">
			<component name="add" action="disable"/>
		</operation>
	</step>
	
	<step id="enableDelete">
		<operation name="action" value="#inviteusers">
			<component name="delete" action="enable"/>
		</operation>
	</step>
	<step id="disableDelete">
		<operation name="action" value="#inviteusers">
			<component name="delete" action="disable"/>
		</operation>
	</step>

	<step id="enableInvite">
		<operation name="action" value="#inviteusers">
			<component name="invite" action="enable"/>
		</operation>
	</step>
	<step id="disableInvite">
		<operation name="action" value="#inviteusers">
			<component name="invite" action="disable"/>
		</operation>
	</step>
	
	<step id="invite" success="success">
		<operation name="callMethod" value="#inviteusers#tabstrip">
			<method name="selectTab">
				<param type="string">tab_progress</param>
			</method>
		</operation>

		<operation name="groups" value="#inviteusers#selected#/">
			<invite to="{$groupname}"/>
		</operation>
		
		<operation name="action" value="#inviteusers">
			<component name="invite" action="disable"/>
			<component name="cancel" action="disable"/>
		</operation>
		
	</step>
	
	<step id="success">
		<operation name="callMethod" value="#inviteusers#tabstrip">
			<method name="selectTab">
				<param type="string">tab_done</param>
			</method>
		</operation>
		<operation name="action" value="#inviteusers">
			<component name="invite" action="hide"/>
			<component name="cancel" action="hide"/>
			<component name="done" action="show"/>
		</operation>
	</step>
	
	<step id="close">
		<operation name="close" value="inviteusers">
			<mode>view</mode>
		</operation>
	</step>
	
	<step id="handleDrop">
		<alias name="dropuser" value="!"/>
		<operation name="decision" value="$dropuser">
		  <when test="//buddy" step="buddyDrop"/>
		  <otherwise step="atomDrop"/>
		</operation>
	</step>

	<step id="atomDrop">
		<alias name="userentry" value="$dropuser"/>
		<operation name="call" value="dropAdd"/>
	</step>
	
	<step id="buddyDrop">
		<operation name="split" value="{$dropuser#@id}">
			<value>use</value>
      <document>#dropSplit</document>
      <token>:</token>
		</operation>
		
		<alias name="userid" value="{#dropSplit#/split/item[2]}"/>
		<!--
		we can't balance paranthesis =/
		<alias name="userentry" value="{$mainChannel}://searchUser(user:{$userid},{$dropuser#@group})#//*[local-name()='entry' and namespace-uri()='http://www.w3.org/2005/Atom']"/>
		-->
		<alias name="userentry" value="{$mainChannel}://searchUser(user:{$userid},{$dropuser#@group})#//atom:entry"/>
		<operation name="call" value="dropAdd"/>
	</step>
	
	<step id="dropAdd">
		<operation name="decision" value="$selected">
		  <when test="not(//atom:entry/dc:user/text()='{$userentry#dc:user}')" step="doAdd"/>
		</operation>
	</step>
	
	<step id="doAdd">
		<operation name="change" value="$selected">
			<store type="append" select="/atom:feed">
				{xml($userentry)}
			</store>
		</operation>
		<operation name="change" value="$results">
			<delete select="//atom:entry[dc:user='{$userentry#dc:user}']"/>
		</operation>
		<operation name="call" value="enableInvite"/>
	</step>
	
</process>
