<?xml version="1.0"?>

<process name="group" description="Handle groups" author="Christer Bystrom" xmlns:atom="http://www.w3.org/2005/Atom" xmlns:xlink="http://www.w3.org/1999/xlink" xmlns:fs="http://xcerion.com/folders.xsd" xmlns:fi="http://xcerion.com/fileinfo.xsd" xmlns:ni="http://xcerion.com/noindex.xsd">
  <step id="1" name="show join dialog">
    <alias name="trigger" value="{$channelName}://Groups/{$groupPath}"/>
    <alias name="group" value="{$groupPath}"/>
    <alias name="groupPath" value="{{$channelName}://Groups}"/>
    <alias name="icon" value="{{$groupPath}/#/atom:feed/atom:entry[atom:title='{$group}']/ni:icon/text()}"/>
    <operation name="open" value="xios/apps/system/group.xml"/>
    <operation name="callMethod" value="#GJ#username">
      <method name="setValue">
        <param type="string">{$userName}</param> <!--Results for '{$triggerSplit#/split/item[2]/text()}' in {$triggerSplit#/split/item[1]/text()}}-->
      </method>
    </operation>
    <operation name="callMethod" value="#GJ#title">
      <method name="setValue">
        <param type="string">{$group}</param> <!--Results for '{$triggerSplit#/split/item[2]/text()}' in {$triggerSplit#/split/item[1]/text()}}-->
      </method>
    </operation>
  </step>
</process>
