<?xml version="1.0"?>
<process author="shortcutwizard" created="2008-04-17" description="Group Wizard" name="shortcutwizard" revised="2008-04-17"
    xmlns:atom="http://www.w3.org/2005/Atom" xmlns:dc="http://xcerion.com/directory.xsd" xmlns:ni="http://xcerion.com/noindex.xsd" xmlns:xlink="http://www.w3.org/1999/xlink" xmlns:fs="http://xcerion.com/folders.xsd"
  >
  <trigger view="shortcutwizard" component="cancel" event="Select" step="close"/>
  <trigger view="shortcutwizard" component="next" event="Select" step="next"/>
  <trigger view="shortcutwizard" component="previous" event="Select" step="previous"/>
  <trigger view="shortcutwizard" component="create" event="Select" step="create"/>
  <trigger view="shortcutwizard" component="location" event="Key" step="tabcheck"/>
  <trigger view="shortcutwizard" component="location" event="Return" step="next"/>
  <trigger view="shortcutwizard" component="name" event="Key" step="tabcheck"/>
  <trigger view="shortcutwizard" component="name" event="Return" step="create"/>
  <trigger view="shortcutwizard" component="browseLocation" event="Select" step="browseLocation"/>
  <trigger view="shortcutwizard" component="clearterms" event="Select" step="clearterms"/>

  <step id="1">
    <alias name="view" value="xios/apps/system/views/shortcutwizard.xml"/>
    <alias name="NS_NI" value="http://xcerion.com/noindex.xsd"/>
    <alias name="NS_ATOM" value="http://www.w3.org/2005/Atom"/>

    <operation name="open" value="$view"/>

    <alias name="userName" value="{$main}://searchUser()#/atom:feed/atom:entry/atom:title"/>

    <operation name="decision" value="$toFolder">
      <when exists="true" step="folderExists"/>
      <otherwise step="folderDoesntExist"/>
    </operation>

    <alias name="curtab" value="1"/>

    <operation name="call" value="tabenter"/>
    <operation name="call" value="tabcheck"/>

    <alias name="userProfileFieldCount" value="1"/>

    <!--<operation name="call" value="bind"/>-->

    <!-- default value -->
    <operation name="action" value="#shortcutwizard">
      <component name="joinAnyone" action="select"/>
    </operation>
  </step>

  <step id="next">
    <operation name="decision">
      <when test="{$curtab} = 1" step="checkFirstTab"/>
      <otherwise step="doNext"/>
    </operation>
  </step>

  <step id="doNext">
    <alias name="curtab" value="={$curtab} + 1"/>
    <operation name="callMethod" value="#shortcutwizard#tabstrip">
      <method name="selectTab">
        <param type="string">tab{$curtab}</param>
      </method>
    </operation>
    <operation name="call" value="tabenter{$curtab}"/>
    <operation name="call" value="tabcheck"/>
  </step>

  <step id="previous">
    <alias name="curtab" value="={$curtab} - 1"/>

    <operation name="callMethod" value="#shortcutwizard#tabstrip">
      <method name="selectTab">
        <param type="string">tab{$curtab}</param>
      </method>
    </operation>

    <operation name="call" value="tabenter{$curtab}"/>
    <operation name="call" value="tabcheck"/>
  </step>

  <step id="tabenter">
    <operation name="call" value="tabenter{$curtab}"/>
  </step>

  <step id="tabcheck">
    <operation name="call" value="tabcheck{$curtab}"/>
  </step>

  <step id="tabenter1">
    <operation name="call" value="hidecreate"/>
    <operation name="action" value="#shortcutwizard">
      <component name="location" action="activate"/>
      <component name="previous" action="hide"/>
    </operation>
    <operation name="call" value="disableprevious"/>
  </step>

  <step id="tabenter2">
    <operation name="call" value="showfinish"/>
    <operation name="call" value="enableprevious"/>
    <operation name="call" value="onHrefChange"/>
    <operation name="action" value="#shortcutwizard">
      <component name="name" action="activate"/>
      <component name="previous" action="show"/>
    </operation>
  </step>

  <step id="tabcheck1">
    <operation name="decision">
      <when test="translate('{#shortcutwizard#location.getValue()}',' ','')=''" step="disablenext"/>
      <otherwise step="enablenext"/>
    </operation>
  </step>

  <step id="tabcheck2">
    <operation name="decision">
      <when test="translate('{#shortcutwizard#name.getValue()}',' ','')=''" step="disablefinish"/>
      <otherwise step="enablefinish"/>
    </operation>
  </step>

  <step id="disablenext">
    <operation name="action" value="#shortcutwizard">
      <component name="next" action="disable"/>
    </operation>
  </step>

  <step id="enablenext">
    <operation name="action" value="#shortcutwizard">
      <component name="next" action="enable"/>
    </operation>
  </step>

  <step id="disableprevious">
    <operation name="action" value="#shortcutwizard">
      <component name="previous" action="disable"/>
    </operation>
  </step>

  <step id="enableprevious">
    <operation name="action" value="#shortcutwizard">
      <component name="previous" action="enable"/>
    </operation>
  </step>

  <step id="showfinish">
    <operation name="action" value="#shortcutwizard">
      <component name="next" action="hide"/>
      <component name="create" action="show"/>
    </operation>
  </step>

  <step id="hidecreate">
    <operation name="action" value="#shortcutwizard">
      <component name="create" action="hide"/>
      <component name="next" action="show"/>
    </operation>
  </step>

  <step id="enablefinish">
    <operation name="action" value="#shortcutwizard">
      <component name="create" action="enable"/>
    </operation>
  </step>

  <step id="disablefinish">
    <operation name="action" value="#shortcutwizard">
      <component name="create" action="disable"/>
    </operation>
  </step>

  <step id="onHrefChange" name="Href changed by typing">
    <alias name="shortcutIcon" value="xios/icons/applications/32x32/document_plain.png"/>
    <operation name="decision">
      <when test="contains('{#shortcutwizard#location}::/','/::/')" step="locationIsFolder"/>
      <when test="contains('{#shortcutwizard#location}','://')" step="locationIsDrive"/>
      <otherwise step="locationIsRelative"/>
    </operation>
  </step>

  <step id="nameFromFileContents">
    <operation name="decision" value="$target">
      <when test="'{$target#/application/@name}' != ''" step="useApplicationName"/>
      <when test="'{$target#/process/@name}' != ''" step="useProcessName"/>
    </operation>

    <operation name="decision" value="$target">
      <when test="'{$target#/application/@icon}' != ''" step="useApplicationIcon"/>
      <when test="'{$target#/process/@icon}' != ''" step="useProcessIcon"/>
    </operation>
  </step>

  <step id="create">

    <!--
    <operation name="action" value="#shortcutwizard">
      <component name="panelProgress" action="show"/>
      <component name="create" action="disable"/>
      <component name="previous" action="disable"/>
      <component name="username" action="disable"/>
      <component name="cancel" action="disable"/>
    </operation>
    -->

    <operation name="filesystem">
      <shortcut to="{$atomFeed}" name="{#shortcutwizard#name}" alias="title">
        <icon>{$shortcutIcon}</icon>
        <target>{#shortcutwizard#location}</target>
      </shortcut>
    </operation>

    <!-- TODO: we really need a better way to get the title -->
    <alias name="docId" value="{$atomFeed#/atom:feed/atom:entry[last()]/dc:document}"/>
    <operation name="decision">
      <when test="'{$x}'!=''" step="createPositioningData"/>
    </operation>
    <operation name="call" value="close"/>

  </step>

  <step id="browseLocation">
  <alias name="lSelect" value="get-label('Select')"/>
  <alias name="lCancel" value="get-label('Cancel')"/>
  <alias name="lSelectShortcut" value="get-label('Select Shortcut Target')"/>
    <alias name="preTarget" model="browse">
      <dialog title="{$lSelectShortcut}">
        <label name="ok">{$lSelect}</label>
        <label name="cancel">{$lCancel}</label>
      </dialog>
    </alias>
    <alias name="target" value="$preTarget" model="value"/>
    <operation name="callMethod" value="#shortcutwizard#location">
      <method name="setValue">
        <param type="string">{$target}</param>
      </method>
    </operation>
    <operation name="call" value="tabcheck1"/>
  </step>

  <step id="close">
    <operation name="close" value="shortcutwizard"/>
  </step>

  <step id="folderExists">
    <alias name="atomFeed" value="$toFolder"/>
  </step>

  <step id="folderDoesntExist">
    <alias name="atomFeed" value="{#SystemConfig#/config/desktop/@*[local-name()='href' and namespace-uri() = 'http://www.w3.org/1999/xlink']}"/>
    <alias name="toDesktop" value="$atomFeed"/>
  </step>

  <step id="checkFirstTab">
    <operation name="decision" value="{#shortcutwizard#location}">
      <when exists="true" step="doNext"/>
      <otherwise step="promptItemMissing"/>
    </operation>
  </step>

  <step id="promptItemMissing">
    <alias name="param1" value="get-label('Error')" model="value"/>
    <alias name="param2" value="get-label('itemNotExist') '{#shortcutwizard#location}'" model="value"/>
    <alias name="param3" value="get-label('OK')" model="value"/>
    <alias name="param4" value="" model="value"/>
    <operation name="call" value="dialogPrompt"/>
  </step>

  <step id="locationIsFolder">
    <alias name="shortcutIcon" value="xios/icons/applications/32x32/folder.png"/>
    <alias name="target" value="{#shortcutwizard#location}"/>
    <alias name="title" value="foldername({$target})"/>
    <operation name="callMethod" value="#shortcutwizard#name">
      <method name="setValue">
        <param type="string">{$title}</param>
      </method>
    </operation>
  </step>

  <step id="locationIsDrive">
    <alias name="target" value="{#shortcutwizard#location}"/>
    <alias name="targetMeta" value="{{#shortcutwizard#location}/.meta}" model="value"/>
    <operation name="decision" value="$targetMeta">
      <when test="*[namespace-uri() = 'http://www.w3.org/2005/Atom' and local-name() = 'entry']/*[namespace-uri() = 'http://xcerion.com/noindex.xsd' and local-name() = 'icon']" step="gotNiIcon"/>
      <otherwise step="resolveIcon"/>
    </operation>
    <alias name="title" value="{$targetMeta#/*[namespace-uri() = 'http://www.w3.org/2005/Atom' and local-name() = 'entry']/*[namespace-uri() = 'http://www.w3.org/2005/Atom' and local-name() = 'title']}"/>
    <operation name="callMethod" value="#shortcutwizard#name">
      <method name="setValue">
        <param type="string">{$title}</param>
      </method>
    </operation>
  </step>

  <step id="gotNiIcon">
    <alias name="shortcutIcon" value="{$targetMeta#/*[namespace-uri() = 'http://www.w3.org/2005/Atom' and local-name() = 'entry']/*[namespace-uri() = 'http://xcerion.com/noindex.xsd' and local-name() = 'icon']}"/>
  </step>

  <step id="resolveIcon">
    <operation name="call" value="nameFromFileContents"/>
    <operation name="decision">
      <when test="'{$contentsIcon}'!=''" step="useContentsIcon"/>
      <otherwise step="getIconFromFileType"/>
    </operation>
  </step>

  <step id="useContentsIcon">
    <alias name="shortcutIcon" value="$contentsIcon"/>
  </step>

  <step id="getIconFromFileType">
    <alias name="shortcutIcon" value="filetype({#shortcutwizard#location})#icon"/>
  </step>

  <step id="locationIsRelative">
    <alias name="target" value="{#shortcutwizard#location}"/>
    <alias name="title" value="filename({$target})"/>
    <operation name="call" value="nameFromFileContents"/>
    <operation name="decision">
      <when test="'{$contentsIcon}'!=''" step="useContentsIcon"/>
      <otherwise step="getIconFromFileType"/>
    </operation>
    <operation name="callMethod" value="#shortcutwizard#name">
      <method name="setValue">
        <param type="string">{$title}</param>
      </method>
    </operation>
  </step>

  <step id="useApplicationName">
    <alias name="title" value="{$target#/application/@name}"/>
  </step>

  <step id="useProcessName">
    <alias name="title" value="{$target#/process/@name}"/>
  </step>

  <step id="useApplicationIcon">
    <alias name="contentsIcon" value="{$target#/application/@icon}"/>
  </step>

  <step id="useProcessIcon">
    <alias name="contentsIcon" value="{$target#/process/@icon}"/>
  </step>

  <step id="createPositioningData">
    <operation name="decision" value="#SystemConfig">
      <when test="not(/config/desktop/positioning[@href='{$atomFeed}']/item[@id='{$docId}'])" step="positioningDataExists"/>
    </operation>
    <operation name="change" value="#SystemConfig">
      <store type="append" select="/config/desktop/positioning[@href='{$atomFeed}']">
        <item id="{$docId}" pos="{$x};{$y}"/>
      </store>
    </operation>
  </step>

  <step id="positioningDataExists">
    <operation name="change" value="#SystemConfig">
      <delete select="/config/desktop/positioning[@href='{$atomFeed}']/item[@id='{$docId}']"/>
    </operation>
  </step>

  <trigger view="APPDialog" component="OK" event="Select" step="dialogClose"/>

  <step id="dialogClose">
    <operation name="close" value="APPDialog"/>
  </step>

  <step id="dialogPrompt">
    <alias name="textTitle" value="{$param1}" model="value"/>
    <alias name="textDialog" value="{$param2}" model="value"/>
    <alias name="textOK" value="{$param3}" model="value"/>
    <alias name="stepOK" value="{$param4}" model="value"/>

    <!-- todo: move dialog ??? -->
    <operation name="open" value="xios/apps/system/dialog.xml">
      <name>APPDialog</name>
    </operation>

    <!-- set dialog title -->
    <operation name="callMethod" value="#APPDialog">
      <method name="setTitle">
        <param type="string">{$textTitle}</param>
      </method>
    </operation>

    <!-- set dialog text -->
    <operation name="callMethod" value="#APPDialog#Label">
      <method name="setValue">
        <param type="string">{$textDialog}</param>
      </method>
    </operation>

    <operation name="callMethod" value="#APPDialog#OK">
      <method name="setValue">
        <param type="string">{$textOK}</param>
      </method>
    </operation>

    <operation name="action" value="#APPDialog">
      <component name="Cancel" action="hide"/>
    </operation>

    <operation name="callMethod" value="#APPDialog#Label">
      <method name="activate"/>
    </operation>

    <operation name="callMethod" value="#APPDialog">
      <method name="setIcon">
        <param type="string">xios/icons/applications/48x48/warning.png</param>
      </method>
    </operation>
  </step>
</process>
