<?xml version="1.0"?>

<application name="Support" icon="xios/icons/applications/32x32/help_earth.png" instances="1" xmlns:xlink="http://www.w3.org/1999/xlink">
  <about loader="false" version="1.00" revised="2008-11-25" created="2008-11-25" author="Caspar Raarup" copyright="Copyright © 2018 XIOS/3 AB. All rights reserved." publisher="CloudTop">
    <description>Opens support</description>
    <license xlink:type="simple" xlink:actuate="onRequest" xlink:href="https://xios3.com/license/xios_1.xml">XIOS.1</license>
  </about>
  <resources/>

  <process xlink:actuate="onLoad" name="Support" author="Caspar Raarup" xmlns:atom="http://www.w3.org/2005/Atom" xmlns:ni="http://xcerion.com/noindex.xsd">

    <step id="1" name="first step">
      <operation name="open" value="https://www.cloudme.com/forum/">
        <browser name="CloudMe Support" secure="false" features="status=yes,toolbar=yes,location=yes"/>
      </operation>
      <operation name="close" value="Support">
        <mode>process</mode>
      </operation>
    </step>

  </process>
</application>
