<?xml version="1.0"?>

<process name="System Manager" description="System Manager Application" author="Daniel Arthursson, Robert Hansson">
  <trigger view="System" event="Escape" step="closeWindow"/>

  <!-- Tab Inits -->
  <trigger view="System" component="tab_views" event="Init" step="bindViews"/>
  <trigger view="System" component="tab_documents" event="Init" step="bindDocuments"/>
  <trigger view="System" component="tab_webshare" event="Init" step="bindWebshare"/>
  <trigger view="System" component="tab_share" event="Init" step="bindShare"/>
  <trigger view="System" component="tab_transactions" event="Init" step="bindTransactions"/>
  <trigger view="System" component="tab_processes" event="Init" step="bindProcesses"/>
  <trigger view="System" component="tab_channels" event="Init" step="bindChannels"/>

  <!-- General triggers -->
  <trigger view="System" component="RemoveDoc" event="Select" step="7"/>
  <trigger view="System" component="ClearCache" event="Select" step="8"/>
  <trigger view="System" component="KillProc" event="Select" step="closeProcConfirmation"/>
  <trigger view="System" component="DebugProc" event="Select" step="debugProc"/>
  <trigger view="System" component="ProcGrid" event="Delete" step="closeProcConfirmation"/>
  <trigger view="System" component="CloseApp" event="Select" step="closeAppConfirmation"/>
  <trigger view="System" component="AppGrid" event="Delete" step="closeAppConfirmation"/>
  <trigger view="System" component="CloseView" event="Select" step="closeViewConfirmation"/>
  <trigger view="System" component="ViewGrid" event="Delete" step="closeViewConfirmation"/>
  <trigger view="System" component="RestartProc" event="Select" step="27"/>
  <trigger view="System" component="EditDoc" event="Select" step="16"/>
  <trigger view="System" component="EditApp" event="Select" step="20"/>
  <!--<trigger view="System" component="EditView" event="Select" step="21"/>-->
  <trigger view="System" component="ProcGrid" event="Select" step="12"/>
  <trigger view="System" component="ProcGrid" event="DoubleClick" step="15"/>
  <trigger view="System" component="ViewGrid" event="DoubleClick" step="21"/>
  <trigger view="System" component="ViewGrid" event="Select" step="23"/>
  <trigger view="System" component="DocGrid" event="Select" step="24"/>
  <trigger view="System" component="AppGrid" event="Select" step="enableAppButtons"/>
  <trigger view="System" component="AppGrid" event="DoubleClick" step="20"/>
  <trigger view="System" component="TransactionGrid" event="Select" step="26"/>
  <!--<trigger view="System" component="RunStep" event="Select" step="13"/>-->
  <!--<trigger view="System" component="RefreshView" event="Select" step="14"/>-->
  <!--<trigger view="System" component="EditProc" event="Select" step="15"/>-->

  <trigger view="System" component="Rollback" event="Select" step="18"/>
  <trigger view="System" component="RollbackDocument" event="Select" step="rollbackDocument"/>
<!--
  <trigger view="System" component="tab_documents" event="Select" step="updateDocuments"/>
-->
  <trigger view="System" component="WebshareGrid" event="Select" step="enableWebshareButtons"/>
  <trigger view="System" component="ShareGrid" event="Select" step="enableShareButtons"/>
  <trigger view="System" component="RemoveShare" event="Select" step="shareRemove"/>
  <trigger view="System" component="RemoveWebshare" event="Select" step="webshareRemove"/>
  <trigger view="System" component="CopyWebshareToClipBoard" event="Select" step="webshareCopy"/>
  <trigger view="System" component="WebshareGrid" event="DoubleClick" step="openWebshare"/>

  <trigger view="System" component="OK" event="Select" step="closeWindow"/>

  <trigger view="confirmationDialog" component="OK" event="Select" step="confirmationOK"/>
  <trigger view="confirmationDialog" component="Cancel" event="Select" step="closeConfirmationDialog"/>

  <step id="1" name="Show Application">
    <alias name="appClosed" value="false" model="value"/>
    <operation name="open" value="xios/apps/system/views/system.xml"/>

    <operation name="bind" value="#ApplicationManager">
      <component view="System" name="AppGrid" select="applications"/>
    </operation>

    <operation name="action" value="#System">
      <component name="EditApp" action="disable"/>
      <component name="CloseApp" action="disable"/>
    </operation>

  </step>

  <step id="bindViews" name="Initial bind for tab">
    <operation name="bind" value="#ViewManager">
      <component view="System" name="ViewGrid" select="views"/>
    </operation>

    <operation name="action" value="#System">
      <!--<component name="EditView" action="disable"/>-->
      <!--<component name="RefreshView" action="disable"/>-->
      <component name="CloseView" action="disable"/>
    </operation>
  </step>

  <step id="bindProcesses" name="Initial bind for tab">
    <operation name="bind" value="#ProcessManager">
      <component view="System" name="ProcGrid" select="processes"/>
    </operation>
    <operation name="config" value="webdesktop/debug/active">
      <getProperty alias="debug_active"/>
    </operation>
    <operation name="decision">
      <when test="'{$debug_active}' != 'true'">
        <alias name="permDisableProcFeatures" value="true"/>
      </when>
      <otherwise>
        <alias name="permDisableProcFeatures" value="false"/>
      </otherwise>
    </operation>

    <operation name="action" value="#System">
      <component name="RestartProc" action="disable"/>
      <!--<component name="EditProc" action="disable"/>-->
      <component name="KillProc" action="disable"/>
      <!--<component name="RunStep" action="disable"/>-->
      <component name="DebugProc" action="disable"/>
    </operation>
  </step>

  <step id="bindDocuments" name="Initial bind for tab">
    <operation name="bind" value="#DocumentManager">
      <component view="System" name="DocGrid" select="documents"/>
    </operation>

    <operation name="action" value="#System">
      <component name="EditDoc" action="disable"/>
      <component name="RemoveDoc" action="disable"/>
    </operation>
  </step>

  <step id="bindShare" name="Initial bind for tab">
    <operation name="bind" value="{$main}://.shares">
      <component view="System" name="ShareGrid" select="shares"/>
    </operation>
  </step>

  <step id="bindWebshare" name="Initial bind for webshare tab">
    <operation name="filesystem" value="{$main}://webshares()">
      <listen event="Append" step="createWebshareLinks"/>
      <listen event="Delete" step="createWebshareLinks"/>
    </operation>
    <operation name="call" value="createWebshareLinks"/>
  </step>

  <step id="createWebshareLinks">
    <alias name="mySys" value="login-data(mycloudme)"/>
    <alias name="userEntry" value="{$main}://searchUser()"/>
    <alias name="user" value="$userEntry#/atom:feed/atom:entry/atom:title"/>
    <alias name="destinationName" value="/webshare/"/>
    <alias name="webshareURL" value="{$mySys}{$user}{$destinationName}"/>
    <operation name="bind" value="{$main}://webshares()">
      <component view="System" name="WebshareGrid" select="webshares"/>
    </operation>
  </step>

  <step id="bindTransactions" name="Initial bind for tab">
    <operation name="bind" value="#TransactionManager">
      <component view="System" name="TransactionGrid" select="transactions/history"/>
    </operation>

    <operation name="action" value="#System">
      <component name="Rollback" action="disable"/>
      <component name="RollbackDocument" action="disable"/>
    </operation>
  </step>

  <step id="bindChannels" name="Initial bind for tab">
    <operation name="bind" value="#CommunicationManager">
      <component view="System" name="ChannelGrid" select="channels"/>
    </operation>
  </step>

  <step id="disableButtons" name="Disable Edit and Remove Button">
    <operation name="action" value="#System">
      <component name="EditDoc" action="disable"/>
      <component name="RemoveDoc" action="disable"/>
      <component name="ClearCache" action="disable"/>
    </operation>
  </step>

  <step id="7" name="Remove Document">
    <operation name="close" value="#System#DocGrid#@href">
      <mode>document</mode>
    </operation>
    <operation name="decision">
      <when test="'{#System#DocGrid#href}'=''">
        <operation name="action" value="#System">
          <component name="EditDoc" action="disable"/>
          <component name="RemoveDoc" action="disable"/>
        </operation>
      </when>
    </operation>
  </step>

  <step id="8" name="Clear Document Cache">
    <operation name="close" value="">
      <mode>document_cache</mode>
    </operation>

    <operation name="call" value="disableButtons"/>
  </step>

  <step id="9" name="Kill Process">
    <operation name="close" value="#System#ProcGrid">
      <mode>process</mode>
    </operation>
    <operation name="decision">
      <when test="'{#System#ProcGrid#href}'=''">
        <operation name="action" value="#System">
          <component name="RestartProc" action="disable"/>
          <!--<component name="EditProc" action="disable"/>-->
          <component name="KillProc" action="disable"/>
          <!--<component name="RunStep" action="disable"/>-->
          <component name="DebugProc" action="disable"/>
        </operation>
      </when>
    </operation>
  </step>

  <step id="11" name="Close Application">
    <operation name="close" value="{#System#AppGrid#@name}">
      <mode>application</mode>
    </operation>
    <operation name="callMethod" value="#System">
      <method name="restoreAppDlg"/>
      <method name="focus">
        <param type="boolean">true</param>
      </method>
    </operation>
    <operation name="decision">
      <when test="'{#System#ViewGrid#href}'=''">
        <operation name="action" value="#System">
          <component name="EditApp" action="disable"/>
          <component name="CloseApp" action="disable"/>
        </operation>
      </when>
    </operation>
  </step>

  <step id="22" name="Close View">
    <operation name="close" value="{#System#ViewGrid#@name}"/>
    <operation name="callMethod" value="#System">
      <method name="restoreAppDlg"/>
      <method name="focus">
        <param type="boolean">true</param>
      </method>
    </operation>
    <operation name="decision">
      <when test="'{#System#ViewGrid#href}'=''">
        <operation name="action" value="#System">
          <!--<component name="EditView" action="disable"/>-->
          <component name="CloseView" action="disable"/>
          <!--<component name="RefreshView" action="disable"/>-->
        </operation>
      </when>
    </operation>
  </step>

  <step id="12" name="List Steps">
    <operation name="decision">
      <when test="'{$permDisableProcFeatures}'='false'">
        <operation name="action" value="#System">
          <component name="RestartProc" action="enable"/>
          <!--<component name="EditProc" action="enable"/>-->
          <component name="KillProc" action="enable"/>
          <!--<component name="RunStep" action="enable"/>-->
          <component name="DebugProc" action="enable"/>
        </operation>
      </when>
      <otherwise>
        <operation name="action" value="#System">
          <component name="RestartProc" action="enable"/>
          <component name="KillProc" action="enable"/>
          <component name="DebugProc" action="enable"/>
        </operation>
      </otherwise>
    </operation>

    <!--<operation name="bind" value="{#System#ProcGrid#@href}">
      <component view="System" name="stepPlate" select=""/>
    </operation>
    <operation name="bind" value="{#System#stepPlate}">
      <component view="System" name="Steps" select=""/>
    </operation>-->
  </step>

  <!--<step id="13" name="Run Process Step">
    <operation name="open" value="{#System#ProcGrid#@href}">
      <step id="{#System#Steps}"/>
    </operation>
  </step>-->

  <!--<step id="14" name="Refresh Application">
    <alias name="application" value="{#System#AppGrid#@name}" model="value"/>
    <operation name="callMethod" value="#{$application}">
      <method name="update"/>
    </operation>
  </step>-->

  <step id="15" name="Edit Process">
    <alias name="procDoc" value="{#System#ProcGrid#@href}" model="value"/>

    <operation name="change" value="data/workspace2.xml">
      <store select="/workspace" type="prepend">
        <document name="{$procDoc#process/@name}" type="process" href="{#System#ProcGrid#@href}"/>
      </store>
    </operation>

    <operation name="open" value="xios/apps/XMLEditor/xmleditorapp.xml">
      <trigger value="{#System#ProcGrid#@href}"/>
    </operation>
  </step>

  <step id="16" name="Edit Document">
    <operation name="open" value="apps/desktop/noteapp.xml">
      <trigger value="{#System#DocGrid#@href}"/>
    </operation>
  </step>

  <step id="18" name="Rollback Transactions">
    <operation name="rollBack" value="#System#TransactionGrid"/>
  </step>

  <step id="rollbackDocument">
    <operation name="rollBack" value="#System#TransactionGrid">
      <documents>current</documents>
    </operation>
    <operation name="action" value="#System">
      <component name="Rollback" action="disable"/>
      <component name="RollbackDocument" action="disable"/>
    </operation>
  </step>


  <step id="19" name="Add process to workspace">
    <operation name="change" value="!">
      <store select="/workspace" type="append">
        <document name="{$procDoc#process/@name}" type="process" href="{#System#ProcGrid#@href}"/>
      </store>
    </operation>
  </step>

  <step id="20" name="Edit Application">
    <alias name="appDoc" value="{#System#AppGrid#@href}" model="value"/>

    <operation name="change" value="data/workspace2.xml">
      <store select="/workspace" type="prepend">
        <document name="{$appDoc#application/@name}" type="application" href="{#System#AppGrid#@href}"/>
      </store>
    </operation>

    <operation name="open" value="xios/apps/XMLEditor/xmleditorapp.xml">
      <trigger value="{#System#AppGrid#@href}"/>
    </operation>
  </step>

  <step id="21" name="Edit View">
    <alias name="viewDoc" value="{#System#ViewGrid#@href}" model="value"/>

    <operation name="change" value="data/workspace2.xml">
      <store select="/workspace" type="prepend">
        <document name="{$viewDoc#application/@name}" type="application" href="{#System#ViewGrid#@href}"/>
      </store>
    </operation>

    <operation name="open" value="xios/apps/XMLEditor/xmleditorapp.xml">
      <trigger value="{#System#ViewGrid#@href}"/>
    </operation>
  </step>

  <step id="23" name="Select View Grid">
    <operation name="action" value="#System">
      <!--<component name="EditView" action="enable"/>-->
      <component name="CloseView" action="enable"/>
      <!--<component name="RefreshView" action="enable"/>-->
    </operation>
  </step>

  <step id="24" name="Select Doc Grid">
    <operation name="action" value="#System">
      <component name="EditDoc" action="enable"/>
      <component name="RemoveDoc" action="enable"/>
      <component name="ClearCache" action="enable"/>
    </operation>
  </step>

  <step id="enableAppButtons" name="">
    <operation name="action" value="#System">
      <component name="EditApp" action="enable"/>
      <component name="CloseApp" action="enable"/>
    </operation>
  </step>

  <step id="26" name="Select Transactions Grid">
    <operation name="action" value="#System">
      <component name="Rollback" action="enable"/>
      <component name="RollbackDocument" action="enable"/>
    </operation>
  </step>

  <step id="27" name="Reload and Restart Process">
    <alias name="href" value="{#System#ProcGrid#@href}"/>
    <alias name="xpath" value="{#System#ProcGrid#@xpath}"/>

    <!-- Kill process -->
    <operation name="close" value="$href">
      <mode>process</mode>
    </operation>

    <!-- Remove from cache -->
    <operation name="close" value="$href">
      <mode>document</mode>
    </operation>

    <!-- Restart -->
    <operation name="open" value="{$href}#{$xpath}"/>
  </step>

  <step id="debugProc">
    <operation name="debug">
      <launch process="{#System#ProcGrid#@href}#{#System#ProcGrid#@xpath}"/>
    </operation>
  </step>

<!--
  <step id="updateDocuments">
    <operation name="callMethod" value="#System#DocGrid">
      <method name="update"/>
    </operation>
    <operation name="callMethod" value="#System#DocGrid">
      <method name="selectFirstRow"/>
    </operation>
  </step>
-->
  <step id="closeWindow">
    <operation name="close" value="System">
      <mode>view</mode>
    </operation>
  </step>

  <step id="doNothing"/>

  <step id="closeAppConfirmation" name="Confirmation Dialog for Closing Application">
    <alias name="tab" value="application" model="value"/>
    <alias name="viewName" value="confirmationDialog" model="value"/>
    <alias name="textTitle" value="get-label('Closing Application')" model="value"/>
    <alias name="textDialog" value="get-label('Are you sure you want to close the application?')" model="value"/>
    <alias name="textCancel" value="get-label('No')" model="value"/>
    <alias name="textOK" value="get-label('Yes')" model="value"/>
    <alias name="okBtn" value="show" model="value"/>
    <operation name="call" value="dialogPrompt"/>
  </step>

  <step id="closeProcConfirmation" name="Confirmation Dialog for Closing a Process">
    <alias name="tab" value="process" model="value"/>
    <alias name="viewName" value="confirmationDialog" model="value"/>
    <alias name="textTitle" value="get-label('Killing Process')" model="value"/>
    <alias name="textDialog" value="get-label('Are you sure you want to kill the process?')" model="value"/>
    <alias name="textCancel" value="get-label('No')" model="value"/>
    <alias name="textOK" value="get-label('Yes')" model="value"/>
    <alias name="okBtn" value="show" model="value"/>
    <operation name="call" value="dialogPrompt"/>
  </step>

  <step id="closeViewConfirmation" name="Confirmation Dialog for Closing a Process">
    <alias name="tab" value="view" model="value"/>
    <alias name="viewName" value="confirmationDialog" model="value"/>
    <alias name="textTitle" value="get-label('Closing View')" model="value"/>
    <alias name="textDialog" value="get-label('Are you sure you want to close the view?')" model="value"/>
    <alias name="textCancel" value="get-label('No')" model="value"/>
    <alias name="textOK" value="get-label('Yes')" model="value"/>
    <alias name="okBtn" value="show" model="value"/>
    <operation name="call" value="dialogPrompt"/>
  </step>

  <step id="dialogPrompt" name="DialogPrompt">
    <operation name="open" value="xios/apps/system/dialog.xml">
      <name>{$viewName}</name>
    </operation>
    <operation name="action" value="#{$viewName}">
      <component name="OK" action="{$okBtn}"/>
    </operation>
    <operation name="callMethod" value="#{$viewName}">
      <method name="setTitle">
        <param type="string">{$textTitle}</param>
      </method>
    </operation>
    <operation name="callMethod" value="#{$viewName}#Label">
      <method name="setValue">
        <param type="string">{$textDialog}</param>
      </method>
    </operation>
    <operation name="callMethod" value="#{$viewName}#OK">
      <method name="setValue">
        <param type="string">{$textOK}</param>
      </method>
    </operation>
    <operation name="callMethod" value="#{$viewName}#Cancel">
      <method name="setValue">
        <param type="string">{$textCancel}</param>
      </method>
    </operation>
    <operation name="callMethod" value="#{$viewName}#Label">
      <method name="activate"/>
    </operation>
  </step>

  <step id="confirmationOK" name="OK selected">
    <operation name="close" value="confirmationDialog"/>
    <operation name="decision">
      <when test="'{$tab}' = 'process'">
        <operation name="call" value="9"/>
      </when>
      <when test="'{$tab}' = 'view'">
        <operation name="call" value="22"/>
      </when>
      <when test="'{$tab}' = 'application'">
        <operation name="call" value="11"/>
      </when>
    </operation>
  </step>

  <step id="closeConfirmationDialog" name="Closes System Confirmation Dialog">
    <operation name="close" value="confirmationDialog"/>
  </step>

  <step id="enableWebshareButtons" name="Enable Webshare buttons">
    <alias name="webshareName" value="{#System#WebshareGrid#@name}"/>
    <alias name="escInpString" value="escape-string({$webshareName})"/>
    <alias name="encodedWebshareName" value='={encodeURIComponent("{$escInpString}")}'/>
    <alias name="totalLink" value="{$webshareURL}{$webshareName}"/>
    <operation name="action" value="#System">
      <component name="CopyWebshareToClipBoard" action="enable"/>
      <component name="RemoveWebshare" action="enable"/>
    </operation>
  </step>

  <step id="openWebshare" name="open share in external browser">
    <alias name="totalLink" value="{$webshareURL}{$encodedWebshareName}"/>
    <operation name="open" value="{$totalLink}">
      <browser name="viewWebshare" secure="false" width="800" height="600" features="status=yes,toolbar=yes,location=yes,resizable=yes,scrollbars=yes"/>
    </operation>
  </step>

  <step id="webshareCopy" name="Copy Webshare link to clipboard">
    <alias name="totalLink" value="{$webshareURL}{$encodedWebshareName}"/>
    <operation name="system">
      <copyToClipboard>{$totalLink}</copyToClipboard>
    </operation>
  </step>

  <step id="webshareRemove" name="Remove webshare">
    <operation name="foreach" value="#System#WebshareGrid">
      <operation name="filesystem">
        <removeWebshare id="{#System#WebshareGrid#@id}" />
      </operation>
    </operation>
  </step>

  <step id="shareRemove" name="Remove share">
    <operation name="foreach" value="#System#ShareGrid">
      <alias name="shareId" value="{!#@id}"/>
      <operation name="filesystem">
        <unshare>
          <packages>
            <package id="{$shareId}"/>
          </packages>
        </unshare>
      </operation>
    </operation>
  </step>

  <step id="enableShareButtons" name="Enable share buttons">
    <operation name="action" value="#System">
      <component name="RemoveShare" action="enable"/>
    </operation>
  </step>

</process>
