<?xml version="1.0"?>

<process name="Upload" description="Upload " author="Christer Bystrom" xmlns:atom="http://www.w3.org/2005/Atom" xmlns:Upload="http://xcerion.com/folders.xsd">
  <trigger view="uploadwizard" event="Close" step="cancelAll"/>

  <!-- html5, winIE -->
  <trigger view="uploadwizard" component="upload" event="FileUploadStarted" step="startUploader"/>
  <trigger view="uploadwizard" component="upload" event="FileUploadComplete" step="uploadComplete"/>


  <trigger view="uploadwizard" component="uploadBtn" event="Select" step="startUpload"/>
  <trigger view="uploadwizard" component="close" event="Select" step="closeView"/>
  <trigger view="uploadwizard" event="Escape" step="closeView"/>

  <trigger view="uploadwizard" component="openWebDAV" event="Select" step="openWebDAV"/>
  <trigger view="uploadwizard" component="openEasyup" event="Select" step="openEasyup"/>


  <step id="1" name="Start">
    <alias name="trigger" value="{!}"/>
    <alias name="hasShownErrorDialog" value="false"/>
    <operation name="open" value="xios/apps/system/views/upload.xml"/>

    <operation name="callMethod" value="#uploadwizard#upload">
      <method name="destinationUpload">
        <param>{$trigger}</param>
        <param>{$href}</param>
      </method>
    </operation>
    
    <operation name="action" value="#uploadwizard">
      <component name="uploadPanel" action="show"/>
      <component name="uploadBtn" action="enable"/>
      <component name="upload" action="show"/>
    </operation>
       
    <alias name="uploadDoc" model="newsilent">
      <upload path="{$trigger}"/>
    </alias>
  </step>

  <step id="startUpload" name="Start Upload">
    <operation name="callMethod" value="#uploadwizard#upload">
      <method name="uploadStart"/>
    </operation>
  </step>
  
  <step id="startUploader" name="Sets up listeners and sets the upload path">
    
    <operation name="filesystem" value="{$href}">
      <listen event="Insert" step="emptyStep"/>
    </operation>

    <alias name="channelName" value="{channelname($href)}"/>
    <operation name="action" value="#uploadwizard">
      <component name="uploadBtn" action="disable"/>
    </operation>
  </step>

  <step id="emptyStep">
  </step>

  <step id="unlisten" name="Removes the folder listeners from the upload folder">
    <operation name="filesystem" value="{$href}">
      <unlisten event="Insert"/>
    </operation>
  </step>

  <step id="cancelAll">
    <operation name="callMethod" value="#uploadwizard#upload">
      <method name="cancelAll"/>
    </operation>
  </step>

  <step id="closeView" name="Closes the upload view">
    <operation name="close" value="uploadwizard"/>
  </step>

  <step id="uploadBadRequest">
    <alias name="fileName" value="substring('{!}', 'endString:|')"/>
    <alias name="fileSize" value="substring('{!}', 'startString:|', 'startOffset:1')"/>
    <operation name="decision">
      <when test="'{$hasShownErrorDialog}' != 'true'">
        <alias name="hasShownErrorDialog" value="true"/>
        <alias name="driveName" value="channelname($href)"/>
        <operation name="open" value="{$main}://updateDriveInfo({$driveName})"/>
        <alias name="limit" value="#DriveManager#/drives/drive[@name = '{$driveName}']/quotaLimit"/>
        <alias name="usedSpace" value="#DriveManager#/drives/drive[@name = '{$driveName}']/currentSize"/>
        <alias name="availableSpace" value="={$limit} - {$usedSpace}"/>
        <operation name="decision">
          <when test="{$fileSize} > {$availableSpace}">
            <operation name="confirm">
              <type value="message"/>
              <message>{get-label('DriveIsFull')}</message>
              <title>{get-label('Error')}</title>
            </operation>
          </when>
        </operation>
      </when>
    </operation>
  </step>

  <step id="uploadComplete">
    <operation name="debug" value="uploadComplete"/>

    <operation name="action" value="#uploadwizard">
      <component name="uploadBtn" action="enable"/>
    </operation>
    <operation name="decision" value="">
      <when test="'{#uploadwizard#closeWhenDone.getValue()}' = 'true'">
        <operation name="call" value="closeView"/>
      </when>
    </operation>
  </step>

  <step id="openWebDAV" name="">
    <operation name="open" value="xios/apps/system/viewer.xml">
      <trigger value="https://cloudme.com/en/webdav"/>
    </operation>
  </step>

  <step id="openEasyup" name="">
    <operation name="open" value="xios/apps/system/viewer.xml">
      <trigger value="https://cloudme.com/sync"/>
    </operation>
  </step>
</process>
