<?xml version="1.0"?>
<skins>
  <skin>
    <css-styleclass name="userSelection">
      <gradient name="userSelection" startcolor="#ffffff" stopcolor="#EBEBEB"/>
      <gradient name="addUser" startcolor="#FFFFFF" stopcolor="#BCBCBC"/>
    </css-styleclass>
    <css-styleclass name="userSelection_selected">
      <gradient name="userSelection" startcolor="#ffffff" stopcolor="#EBEBEB"/>
      <gradient name="addUser" startcolor="#FFFFFF" stopcolor="#BCBCBC"/>
    </css-styleclass>
    <css-styleclass name="userSelection_loading">
      <gradient name="userSelection" startcolor="#ffffff" stopcolor="#EBEBEB"/>
      <gradient name="addUser" startcolor="#FFFFFF" stopcolor="#BCBCBC"/>
    </css-styleclass>
    <css-styleclass name="userSelection_edit">
      <gradient name="userSelection" startcolor="#ffffff" stopcolor="#EBEBEB"/>
      <gradient name="addUser" startcolor="#FFFFFF" stopcolor="#BCBCBC"/>
    </css-styleclass>
  </skin>
</skins>
